fill_fraction,symbol,timeframe,bars,start,end,trades,wins,losses,win_rate,total_R,expectancy_R,profit_factor,total_pnl,return_pct,max_drawdown,max_drawdown_pct,avg_bars_held,buy_trades,sell_trades,buy_R,sell_R,tp_exits,sl_exits,unresolved,avg_sl_points,setups_detected,setups_entered,rejected_stops
0.0,audusd,M1,25361,2026-08-09 21:05:00+00:00,2026-09-03 05:38:00+00:00,0,0,0,,0.0,,,0.0,0.0,0.0,0.0,,0,0,0.0,0.0,0,0,0,,0,0,0
0.1,audusd,M1,25361,2026-08-09 21:05:00+00:00,2026-09-03 05:38:00+00:00,0,0,0,,0.0,,,0.0,0.0,0.0,0.0,,0,0,0.0,0.0,0,0,0,,0,0,0
0.2,audusd,M1,25361,2026-08-09 21:05:00+00:00,2026-09-03 05:38:00+00:00,0,0,0,,0.0,,,0.0,0.0,0.0,0.0,,0,0,0.0,0.0,0,0,0,,0,0,0
0.3,audusd,M1,25361,2026-08-09 21:05:00+00:00,2026-09-03 05:38:00+00:00,0,0,0,,0.0,,,0.0,0.0,0.0,0.0,,0,0,0.0,0.0,0,0,0,,0,0,0
0.4,audusd,M1,25361,2026-08-09 21:05:00+00:00,2026-09-03 05:38:00+00:00,0,0,0,,0.0,,,0.0,0.0,0.0,0.0,,0,0,0.0,0.0,0,0,0,,0,0,0
0.5,audusd,M1,25361,2026-08-09 21:05:00+00:00,2026-09-03 05:38:00+00:00,0,0,0,,0.0,,,0.0,0.0,0.0,0.0,,0,0,0.0,0.0,0,0,0,,0,0,0
0.75,audusd,M1,25361,2026-08-09 21:05:00+00:00,2026-09-03 05:38:00+00:00,0,0,0,,0.0,,,0.0,0.0,0.0,0.0,,0,0,0.0,0.0,0,0,0,,0,0,0
1.0,audusd,M1,25361,2026-08-09 21:05:00+00:00,2026-09-03 05:38:00+00:00,0,0,0,,0.0,,,0.0,0.0,0.0,0.0,,0,0,0.0,0.0,0,0,0,,0,0,0
0.0,audusd,M5,20095,2026-05-17 21:05:00+00:00,2026-08-21 20:55:00+00:00,5,3,2,60.0,0.780194422200261,0.1560388844400522,1.3718844930877037,78.0194422200261,0.7801944222002609,-105.91133004926087,-1.0591133004926085,638.0,3,2,-1.1235892775899563,1.9037836997902176,3,2,0,299.1999999999995,5,5,0
0.1,audusd,M5,20095,2026-05-17 21:05:00+00:00,2026-08-21 20:55:00+00:00,5,3,2,60.0,0.7782108220825336,0.15564216441650672,1.3707832652633065,77.82108220825336,0.7782108220825336,-105.95238095238165,-1.0595238095238164,638.0,3,2,-1.1247026317880078,1.9029134538705414,3,2,0,296.0399999999996,5,5,0
0.2,audusd,M5,20095,2026-05-17 21:05:00+00:00,2026-08-21 20:55:00+00:00,5,3,2,60.0,0.7761687230651062,0.15523374461302125,1.36965205751738,77.61687230651063,0.7761687230651063,-105.99400599400542,-1.0599400599400541,638.0,3,2,-1.125837518922971,1.9020062419880772,3,2,0,292.87999999999977,5,5,0
0.3,audusd,M5,20095,2026-05-17 21:05:00+00:00,2026-08-21 20:55:00+00:00,5,3,2,60.0,0.7740649744694554,0.15481299489389108,1.3684893396286903,77.40649744694555,0.7740649744694554,-106.03621730382292,-1.060362173038229,638.0,3,2,-1.1269946079880255,1.901059582457481,3,2,0,289.71999999999997,5,5,0
0.4,audusd,M5,20095,2026-05-17 21:05:00+00:00,2026-08-21 20:55:00+00:00,5,3,2,60.0,0.77189616877757,0.154379233755514,1.3672934602315872,77.18961687775699,0.77189616877757,-106.07902735562311,-1.0607902735562311,638.0,3,2,-1.1281745974349189,1.900070766212489,3,2,0,286.5599999999957,5,5,0
0.5,audusd,M5,20095,2026-05-17 21:05:00+00:00,2026-08-21 20:55:00+00:00,5,3,2,60.0,0.769658613272526,0.15393172265450522,1.3660626336310782,76.9658613272526,0.7696586132725259,-106.12244897959135,-1.0612244897959136,637.8,3,2,-1.129378216880682,1.8990368301532081,3,2,0,283.3999999999959,5,5,0
0.75,audusd,M5,20095,2026-05-17 21:05:00+00:00,2026-08-21 20:55:00+00:00,5,3,2,60.0,0.7637367442366001,0.15274734884732002,1.3628195598998343,76.37367442366002,0.7637367442366002,-106.2337662337668,-1.0623376623376681,637.6,3,2,-1.1324957379390488,1.8962324821756489,3,2,0,275.4999999999974,5,5,0
1.0,audusd,M5,20095,2026-05-17 21:05:00+00:00,2026-08-21 20:55:00+00:00,5,3,2,60.0,0.7572858871013952,0.15145717742027903,1.359310304612068,75.7285887101395,0.757285887101395,-106.34920634920672,-1.0634920634920673,637.6,3,2,-1.1357787246354056,1.8930646117368006,3,2,0,267.5999999999967,5,5,0
0.0,audusd,M15,22176,2025-09-30 21:00:00+00:00,2026-08-21 20:45:00+00:00,16,9,7,56.25,1.2272395647561498,0.07670247279725936,1.167666192226176,122.72395647561498,1.2272395647561498,-316.83634373289715,-3.1683634373289715,93.625,12,4,3.3868414609265227,-2.159601896170373,9,7,0,329.3749999999984,26,16,0
0.1,audusd,M15,22176,2025-09-30 21:00:00+00:00,2026-08-21 20:45:00+00:00,16,9,7,56.25,1.2160978610574253,0.07600611631608908,1.1660234899525295,121.60978610574247,1.2160978610574247,-317.19712535263534,-3.1719712535263533,93.5625,12,4,3.377559093796976,-2.161461232739552,9,7,0,326.75624999999803,26,16,0
0.2,audusd,M15,22176,2025-09-30 21:00:00+00:00,2026-08-21 20:45:00+00:00,16,9,7,56.25,1.2044375973841541,0.07527734983650963,1.164307126040465,120.44375973841537,1.2044375973841537,-317.5766921732593,-3.1757669217325932,93.375,12,4,3.3678076274077826,-2.1633700300236294,9,7,0,324.137499999999,26,16,0
0.3,audusd,M15,22176,2025-09-30 21:00:00+00:00,2026-08-21 20:45:00+00:00,16,9,7,56.25,1.1922144306252886,0.07451340191408054,1.162510960578998,119.2214430625288,1.192214430625288,-317.97674693476074,-3.1797674693476075,93.375,12,4,3.357544810792664,-2.165330380167376,9,7,0,321.5187499999987,26,16,0
0.4,audusd,M15,22176,2025-09-30 21:00:00+00:00,2026-08-21 20:45:00+00:00,16,9,7,56.25,1.1793782789111034,0.07371114243194396,1.1606280731134928,117.93782789111037,1.1793782789111038,-318.3992197327516,-3.183992197327516,93.25,12,4,3.346722776271065,-2.167344497359962,9,7,0,318.89999999999765,26,16,0
0.5,audusd,M15,22176,2025-09-30 21:00:00+00:00,2026-08-21 20:45:00+00:00,16,9,7,56.25,1.1658722971404454,0.07286701857127784,1.1586506252312943,116.58722971404458,1.1658722971404458,-318.84630862095946,-3.1884630862095946,93.125,12,4,3.3352870241142054,-2.16941472697376,9,7,0,316.28124999999795,26,16,0
0.75,audusd,M15,22176,2025-09-30 21:00:00+00:00,2026-08-21 20:45:00+00:00,16,9,7,56.25,1.1287270281574697,0.07054543925984186,1.1532314767648946,112.87270281574703,1.1287270281574704,-320.08918758517757,-3.200891875851776,92.25,12,4,3.3035795160720065,-2.1748524879145363,9,7,0,309.73437499999875,26,16,0
1.0,audusd,M15,22176,2025-09-30 21:00:00+00:00,2026-08-21 20:45:00+00:00,16,10,6,62.5,3.0856432508278524,0.19285270317674078,1.485893411836429,308.5643250827852,3.0856432508278524,-321.5540667166424,-3.215540667166424,81.0,12,4,3.2663434229005035,-0.18070017207265177,10,6,0,303.18749999999886,26,16,0
0.0,audusd,H1,22655,2023-01-01 23:00:00+00:00,2026-08-21 20:00:00+00:00,99,56,43,56.56565656565656,8.37910472979608,0.08463742151309171,1.1861461566437845,837.9104729796077,8.379104729796076,-543.5512100115502,-5.435512100115502,22.1010101010101,47,52,8.816251163781075,-0.43714643398499775,56,43,0,308.82828282828206,166,107,0
0.1,audusd,H1,22655,2023-01-01 23:00:00+00:00,2026-08-21 20:00:00+00:00,99,56,43,56.56565656565656,8.276750740909305,0.08360354283746774,1.18364282294772,827.6750740909305,8.276750740909304,-544.3356199592818,-5.4433561995928175,22.03030303030303,47,52,8.778414820484569,-0.5016640795752625,56,43,0,303.8474747474738,166,107,0
0.2,audusd,H1,22655,2023-01-01 23:00:00+00:00,2026-08-21 20:00:00+00:00,103,58,45,56.310679611650485,8.0220549849419,0.07788402898001844,1.1700391145549123,802.2054984941898,8.022054984941898,-545.1714862711797,-5.451714862711797,19.42718446601942,49,54,6.692657070279821,1.3293979146620767,58,45,0,304.27572815533955,166,107,0
0.3,audusd,H1,22655,2023-01-01 23:00:00+00:00,2026-08-21 20:00:00+00:00,103,58,45,56.310679611650485,7.888496425795756,0.07658734393976462,1.1669372227958184,788.8496425795761,7.88849642579576,-546.065406206988,-5.46065406206988,19.019417475728154,49,54,6.644712501731865,1.2437839240638957,58,45,0,299.3650485436882,166,107,0
0.4,audusd,H1,22655,2023-01-01 23:00:00+00:00,2026-08-21 20:00:00+00:00,103,58,45,56.310679611650485,7.7293323538087915,0.075042061687464,1.1632360647361233,772.9332353808794,7.729332353808795,-547.0252516717155,-5.470252516717155,18.59223300970874,49,54,6.587611230488921,1.1417211233198747,58,45,0,294.4543689320379,166,107,0
0.5,audusd,H1,22655,2023-01-01 23:00:00+00:00,2026-08-21 20:00:00+00:00,103,58,45,56.310679611650485,7.526978292499857,0.07307745915048405,1.1585193917036056,752.6978292499857,7.526978292499857,-551.0219526263554,-5.510219526263555,18.42718446601942,49,54,6.514140105017802,1.0128381874820525,58,45,0,289.5436893203879,166,107,0
0.75,audusd,H1,22655,2023-01-01 23:00:00+00:00,2026-08-21 20:00:00+00:00,103,63,40,61.165048543689316,15.84646237628386,0.15384914928430932,1.377311351551058,1584.6462376283862,15.846462376283862,-531.1719944199685,-5.311719944199686,17.563106796116504,49,54,11.825580921918238,4.020881454365622,63,40,0,277.26699029126166,166,107,0
1.0,audusd,H1,22655,2023-01-01 23:00:00+00:00,2026-08-21 20:00:00+00:00,101,63,38,62.37623762376238,18.828734170575224,0.1864231105997547,1.4698887924388797,1882.8734170575221,18.82873417057522,-535.6302282716479,-5.356302282716479,17.415841584158414,48,53,11.438129327287818,7.390604843287402,63,38,0,271.0891089108907,166,105,0
0.0,audusd,H4,21210,2013-01-01 22:00:00+00:00,2026-08-21 17:00:00+00:00,276,149,127,53.985507246376805,12.68722545658605,0.04596820817603642,1.096607215920872,1268.7225456586048,12.687225456586049,-2050.452111477456,-20.504521114774562,9.97463768115942,131,145,2.3798796137969145,10.30734584278913,149,127,0,492.54347826086934,485,294,0
0.1,audusd,H4,21210,2013-01-01 22:00:00+00:00,2026-08-21 17:00:00+00:00,276,149,127,53.985507246376805,11.881294191042121,0.04304816735884827,1.0900007583326428,1188.1294191042116,11.881294191042116,-2058.9502864242495,-20.589502864242494,9.858695652173912,131,145,2.2230289003422534,9.658265290699866,149,127,0,482.52065217391277,485,294,0
0.2,audusd,H4,21210,2013-01-01 22:00:00+00:00,2026-08-21 17:00:00+00:00,278,154,124,55.39568345323741,19.88205858434993,0.07151819634658249,1.154491017549032,1988.205858434993,19.88205858434993,-1935.385491209914,-19.35385491209914,9.489208633093526,132,146,9.02796879706103,10.854089787288899,154,124,0,474.19712230215833,485,293,0
0.3,audusd,H4,21210,2013-01-01 22:00:00+00:00,2026-08-21 17:00:00+00:00,281,160,121,56.93950177935944,27.723674241500785,0.0986607624252697,1.2196893262722264,2772.3674241500785,27.723674241500785,-1950.766026108393,-19.507660261083927,9.373665480427047,133,148,11.794044232149274,15.929630009351513,160,121,0,467.9535587188606,485,295,0
0.4,audusd,H4,21210,2013-01-01 22:00:00+00:00,2026-08-21 17:00:00+00:00,281,165,116,58.718861209964416,37.39437615320955,0.13307607171960695,1.3093818371485872,3739.437615320955,37.39437615320955,-1986.4020121830708,-19.86402012183071,8.907473309608541,133,148,17.509076671092224,19.885299482117325,165,116,0,460.6683274021348,485,294,0
0.5,audusd,H4,21210,2013-01-01 22:00:00+00:00,2026-08-21 17:00:00+00:00,281,168,113,59.7864768683274,42.77703371062501,0.1522314366926157,1.3628903789280165,4277.703371062502,42.77703371062502,-1649.5144141326527,-16.495144141326527,8.654804270462634,134,147,18.081731906366144,24.695301804258875,168,113,0,454.37188612099624,485,294,0
0.75,audusd,H4,21210,2013-01-01 22:00:00+00:00,2026-08-21 17:00:00+00:00,280,175,105,62.5,56.18342763592444,0.20065509869973014,1.512279628610215,5618.342763592444,56.18342763592443,-1502.3936984499524,-15.023936984499523,8.239285714285714,134,146,21.18602894602639,34.997398689898056,175,105,0,441.6937499999993,485,291,0
1.0,audusd,H4,21210,2013-01-01 22:00:00+00:00,2026-08-21 17:00:00+00:00,279,187,92,67.02508960573476,82.64523226476032,0.2962194704830119,1.8648876462396826,8264.523226476034,82.64523226476035,-1002.9921031658196,-10.029921031658196,7.508960573476703,132,147,27.674344582222474,54.97088768253785,188,91,0,430.89426523297413,485,286,0
0.0,audusd,D1,6301,2002-05-07 00:00:00+00:00,2026-08-21 00:00:00+00:00,61,36,25,59.01639344262295,9.264708346802832,0.15188046470168579,1.3600270974386075,926.4708346802832,9.264708346802832,-323.3516068573026,-3.2335160685730258,2.5737704918032787,33,28,5.90328040613482,3.361427940668011,36,25,0,586.9754098360652,216,61,0
0.1,audusd,D1,6301,2002-05-07 00:00:00+00:00,2026-08-21 00:00:00+00:00,70,40,30,57.14285714285714,7.994931566447612,0.11421330809210874,1.258749071191652,799.4931566447614,7.9949315664476135,-459.2462431549866,-4.592462431549866,3.2142857142857144,41,29,5.694921026069805,2.300010540377809,40,30,0,614.9492857142855,216,70,0
0.2,audusd,D1,6301,2002-05-07 00:00:00+00:00,2026-08-21 00:00:00+00:00,71,42,29,59.154929577464785,10.742153467688686,0.1512979361646294,1.3574215483058467,1074.2153467688686,10.742153467688686,-471.96301361019323,-4.719630136101932,3.112676056338028,41,30,5.518609476274489,5.223543991414198,42,29,0,591.7521126760564,216,71,0
0.3,audusd,D1,6301,2002-05-07 00:00:00+00:00,2026-08-21 00:00:00+00:00,71,42,29,59.154929577464785,10.260258485638413,0.1445106828963157,1.3369819772966138,1026.0258485638412,10.260258485638413,-504.6361968118654,-5.046361968118654,3.0140845070422535,41,30,5.127667435079605,5.132591050558809,42,29,0,561.9485915492952,216,71,0
0.4,audusd,D1,6301,2002-05-07 00:00:00+00:00,2026-08-21 00:00:00+00:00,70,42,28,60.0,11.16518243390432,0.15950260619863316,1.3794488696328766,1116.518243390432,11.16518243390432,-411.8900694985823,-4.118900694985824,2.842857142857143,40,30,6.176708900067483,4.988473533836833,42,28,0,539.9042857142852,216,70,0
0.5,audusd,D1,6301,2002-05-07 00:00:00+00:00,2026-08-21 00:00:00+00:00,73,44,29,60.273972602739725,10.56211395375527,0.14468649251719548,1.3317991443681048,1056.211395375527,10.56211395375527,-401.60141158548686,-4.016014115854868,2.7534246575342465,42,31,4.89226610412606,5.66984784962921,44,29,0,529.6027397260265,216,73,0
0.75,audusd,D1,6301,2002-05-07 00:00:00+00:00,2026-08-21 00:00:00+00:00,74,47,27,63.51351351351351,17.05052721633889,0.23041252995052552,1.6152438320691345,1705.052721633889,17.05052721633889,-418.9702086042762,-4.189702086042762,2.7162162162162162,42,32,11.073828796063356,5.976698420275532,48,26,0,521.6739864864861,216,74,0
1.0,audusd,D1,6301,2002-05-07 00:00:00+00:00,2026-08-21 00:00:00+00:00,74,49,25,66.21621621621621,20.772546616012853,0.2807100894055791,1.8017547343288454,2077.254661601286,20.77254661601286,-426.7559840488102,-4.267559840488102,2.7162162162162162,44,30,12.116149860493064,8.65639675551979,49,25,0,512.6959459459449,216,74,0
0.0,eurgbp,M1,24741,2026-08-09 21:05:00+00:00,2026-09-03 05:37:00+00:00,0,0,0,,0.0,,,0.0,0.0,0.0,0.0,,0,0,0.0,0.0,0,0,0,,0,0,0
0.1,eurgbp,M1,24741,2026-08-09 21:05:00+00:00,2026-09-03 05:37:00+00:00,0,0,0,,0.0,,,0.0,0.0,0.0,0.0,,0,0,0.0,0.0,0,0,0,,0,0,0
0.2,eurgbp,M1,24741,2026-08-09 21:05:00+00:00,2026-09-03 05:37:00+00:00,0,0,0,,0.0,,,0.0,0.0,0.0,0.0,,0,0,0.0,0.0,0,0,0,,0,0,0
0.3,eurgbp,M1,24741,2026-08-09 21:05:00+00:00,2026-09-03 05:37:00+00:00,0,0,0,,0.0,,,0.0,0.0,0.0,0.0,,0,0,0.0,0.0,0,0,0,,0,0,0
0.4,eurgbp,M1,24741,2026-08-09 21:05:00+00:00,2026-09-03 05:37:00+00:00,0,0,0,,0.0,,,0.0,0.0,0.0,0.0,,0,0,0.0,0.0,0,0,0,,0,0,0
0.5,eurgbp,M1,24741,2026-08-09 21:05:00+00:00,2026-09-03 05:37:00+00:00,0,0,0,,0.0,,,0.0,0.0,0.0,0.0,,0,0,0.0,0.0,0,0,0,,0,0,0
0.75,eurgbp,M1,24741,2026-08-09 21:05:00+00:00,2026-09-03 05:37:00+00:00,0,0,0,,0.0,,,0.0,0.0,0.0,0.0,,0,0,0.0,0.0,0,0,0,,0,0,0
1.0,eurgbp,M1,24741,2026-08-09 21:05:00+00:00,2026-09-03 05:37:00+00:00,0,0,0,,0.0,,,0.0,0.0,0.0,0.0,,0,0,0.0,0.0,0,0,0,,0,0,0
0.0,eurgbp,M5,20103,2026-05-17 21:05:00+00:00,2026-08-21 20:55:00+00:00,0,0,0,,0.0,,,0.0,0.0,0.0,0.0,,0,0,0.0,0.0,0,0,0,,0,0,0
0.1,eurgbp,M5,20103,2026-05-17 21:05:00+00:00,2026-08-21 20:55:00+00:00,0,0,0,,0.0,,,0.0,0.0,0.0,0.0,,0,0,0.0,0.0,0,0,0,,0,0,0
0.2,eurgbp,M5,20103,2026-05-17 21:05:00+00:00,2026-08-21 20:55:00+00:00,0,0,0,,0.0,,,0.0,0.0,0.0,0.0,,0,0,0.0,0.0,0,0,0,,0,0,0
0.3,eurgbp,M5,20103,2026-05-17 21:05:00+00:00,2026-08-21 20:55:00+00:00,0,0,0,,0.0,,,0.0,0.0,0.0,0.0,,0,0,0.0,0.0,0,0,0,,0,0,0
0.4,eurgbp,M5,20103,2026-05-17 21:05:00+00:00,2026-08-21 20:55:00+00:00,0,0,0,,0.0,,,0.0,0.0,0.0,0.0,,0,0,0.0,0.0,0,0,0,,0,0,0
0.5,eurgbp,M5,20103,2026-05-17 21:05:00+00:00,2026-08-21 20:55:00+00:00,0,0,0,,0.0,,,0.0,0.0,0.0,0.0,,0,0,0.0,0.0,0,0,0,,0,0,0
0.75,eurgbp,M5,20103,2026-05-17 21:05:00+00:00,2026-08-21 20:55:00+00:00,0,0,0,,0.0,,,0.0,0.0,0.0,0.0,,0,0,0.0,0.0,0,0,0,,0,0,0
1.0,eurgbp,M5,20103,2026-05-17 21:05:00+00:00,2026-08-21 20:55:00+00:00,0,0,0,,0.0,,,0.0,0.0,0.0,0.0,,0,0,0.0,0.0,0,0,0,,0,0,0
0.0,eurgbp,M15,22176,2025-09-30 21:00:00+00:00,2026-08-21 20:45:00+00:00,4,2,2,50.0,-0.21802619055709804,-0.05450654763927451,0.8970734279712288,-21.802619055709798,-0.218026190557098,-116.66563275434055,-1.1666563275434054,272.0,2,2,-0.1234852476290701,-0.09454094292802795,2,2,0,283.75000000000205,6,4,0
0.1,eurgbp,M15,22176,2025-09-30 21:00:00+00:00,2026-08-21 20:45:00+00:00,4,2,2,50.0,-0.2201651539700208,-0.0550412884925052,0.8960918174584603,-22.016515397002067,-0.22016515397002065,-116.87600820029365,-1.1687600820029365,265.75,2,2,-0.1240091377947734,-0.09615601617524738,2,2,0,280.82500000000397,6,4,0
0.2,eurgbp,M15,22176,2025-09-30 21:00:00+00:00,2026-08-21 20:45:00+00:00,4,2,2,50.0,-0.22241102808392454,-0.055602757020981136,0.8950606410724533,-22.24110280839247,-0.22241102808392468,-117.09706988658218,-1.1709706988658217,234.0,2,2,-0.12453974442277327,-0.09787128366115128,2,2,0,277.9000000000003,6,4,0
0.3,eurgbp,M15,22176,2025-09-30 21:00:00+00:00,2026-08-21 20:45:00+00:00,4,2,2,50.0,-0.2247740641504936,-0.0561935160376234,0.8939751212512523,-22.47740641504936,-0.22477406415049359,-117.32984292843321,-1.173298429284332,234.0,2,2,-0.12507720503297892,-0.09969685911751469,2,2,0,274.975000000005,6,4,0
0.4,eurgbp,M15,22176,2025-09-30 21:00:00+00:00,2026-08-21 20:45:00+00:00,4,2,2,50.0,-0.22726592993864025,-0.056816482484660064,0.8928298192907123,-22.726592993864017,-0.22726592993864017,-117.57549409276544,-1.1757549409276544,233.75,2,2,-0.12562166094773253,-0.10164426899090773,2,2,0,272.05000000000143,6,4,0
0.5,eurgbp,M15,22176,2025-09-30 21:00:00+00:00,2026-08-21 20:45:00+00:00,4,2,2,50.0,-0.22989996549872393,-0.057474991374680984,0.8916185159261957,-22.9899965498724,-0.22989996549872402,-117.83535737461352,-1.1783535737461353,219.0,2,2,-0.12617325742420338,-0.10372670807452056,2,2,0,269.1250000000034,6,4,0
0.75,eurgbp,M15,22176,2025-09-30 21:00:00+00:00,2026-08-21 20:45:00+00:00,4,3,1,75.0,1.7627864238295756,0.4406966059573939,2.683973319932584,176.27864238295757,1.7627864238295758,-104.6801872074866,-1.046801872074866,194.75,2,2,1.872415521035334,-0.10962909720575831,3,1,0,261.8125000000054,6,4,0
1.0,eurgbp,M15,22176,2025-09-30 21:00:00+00:00,2026-08-21 20:45:00+00:00,4,3,1,75.0,1.7541668890059996,0.4385417222514999,2.6753869389009486,175.41668890059995,1.7541668890059994,-104.70219435736544,-1.0470219435736543,149.75,2,2,1.870956274440116,-0.11678938543411643,3,1,0,254.50000000000472,6,4,0
0.0,eurgbp,H1,22655,2023-01-01 23:00:00+00:00,2026-08-21 20:00:00+00:00,39,21,18,53.84615384615385,0.46344681275544486,0.01188325160911397,1.024274738839431,46.344681275544346,0.4634468127554435,-934.7915921102795,-9.347915921102794,34.61538461538461,22,17,0.4115289832487351,0.05191782950670942,21,18,0,304.8205128205125,55,39,0
0.1,eurgbp,H1,22655,2023-01-01 23:00:00+00:00,2026-08-21 20:00:00+00:00,39,21,18,53.84615384615385,0.36486273053320784,0.009355454629056612,1.019050152078186,36.48627305332087,0.3648627305332087,-940.8861618699084,-9.408861618699085,34.35897435897436,22,17,0.3291559968650416,0.035706733668166235,21,18,0,299.8538461538465,55,39,0
0.2,eurgbp,H1,22655,2023-01-01 23:00:00+00:00,2026-08-21 20:00:00+00:00,39,21,18,53.84615384615385,0.24439713847445366,0.00626659329421676,1.0127084617173459,24.43971384744549,0.24439713847445488,-948.6700208211314,-9.486700208211314,34.35897435897436,22,17,0.2258718083824054,0.01852533009204882,21,18,0,294.88717948717874,55,39,0
0.3,eurgbp,H1,22655,2023-01-01 23:00:00+00:00,2026-08-21 20:00:00+00:00,39,21,18,53.84615384615385,0.08972030390143082,0.0023005206128572007,1.0046396272889353,8.97203039014299,0.0897203039014299,-959.248708278823,-9.59248708278823,33.61538461538461,22,17,0.08945292240559077,0.0002673814958398246,21,18,0,289.9205128205121,55,39,0
0.4,eurgbp,H1,22655,2023-01-01 23:00:00+00:00,2026-08-21 20:00:00+00:00,39,23,16,58.97435897435898,3.874554041423721,0.09934753952368516,1.2231786682184196,387.4554041423721,3.8745540414237207,-775.0706076033257,-7.750706076033256,32.30769230769231,22,17,1.8937452541920905,1.9808087872316311,23,16,0,284.9538461538455,55,39,0
0.5,eurgbp,H1,22655,2023-01-01 23:00:00+00:00,2026-08-21 20:00:00+00:00,39,23,16,58.97435897435898,3.5282056077824775,0.09046681045596096,1.2000891077760956,352.8205607782476,3.528205607782476,-802.941763213621,-8.02941763213621,31.23076923076923,22,17,1.568202332300693,1.960003275481784,23,16,0,279.98717948717876,55,39,0
0.75,eurgbp,H1,22655,2023-01-01 23:00:00+00:00,2026-08-21 20:00:00+00:00,38,26,12,68.42105263157895,10.961508402312791,0.28846074742928396,1.8548090050713657,1096.150840231279,10.96150840231279,-444.6669688733564,-4.4466696887335635,27.68421052631579,21,17,5.060645214488869,5.900863187823921,26,12,0,274.67763157894825,55,38,0
1.0,eurgbp,H1,22655,2023-01-01 23:00:00+00:00,2026-08-21 20:00:00+00:00,38,27,11,71.05263157894737,12.173323432039478,0.3203506166326178,2.0243541587779172,1217.3323432039476,12.173323432039476,-449.83335147194157,-4.498333514719416,26.105263157894736,21,17,4.345161569177957,7.82816186286152,27,11,0,262.50000000000017,55,38,0
0.0,eurgbp,H4,21210,2013-01-01 22:00:00+00:00,2026-08-21 17:00:00+00:00,221,117,104,52.94117647058824,1.9337497563220118,0.008749998897384668,1.0175726862585042,193.37497563220086,1.9337497563220087,-2828.538045397292,-28.28538045397292,13.819004524886878,114,107,10.05127750639674,-8.117527750074728,117,104,0,485.7420814479635,358,233,0
0.1,eurgbp,H4,21210,2013-01-01 22:00:00+00:00,2026-08-21 17:00:00+00:00,222,120,102,54.054054054054056,0.08577379308157873,0.0003863684373044087,1.0007493853723777,8.577379308158697,0.08577379308158697,-3105.286785016797,-31.05286785016797,13.513513513513514,114,108,4.443273465350065,-4.357499672268486,120,102,0,475.84639639639636,358,233,0
0.2,eurgbp,H4,21210,2013-01-01 22:00:00+00:00,2026-08-21 17:00:00+00:00,220,121,99,55.00000000000001,12.621242729214924,0.05736928513279511,1.1229093725429349,1262.1242729214919,12.621242729214918,-2168.9949374768894,-21.689949374768894,13.477272727272727,113,107,14.422465762233212,-1.801223033018292,121,99,0,472.0672727272725,358,231,0
0.3,eurgbp,H4,21210,2013-01-01 22:00:00+00:00,2026-08-21 17:00:00+00:00,219,118,101,53.88127853881278,7.287440210449994,0.03327598269611869,1.0694673406199338,728.7440210449995,7.287440210449995,-2181.080679049959,-21.810806790499594,12.899543378995434,112,107,11.184590921575538,-3.8971507111255406,118,101,0,465.0687214611868,358,231,0
0.4,eurgbp,H4,21210,2013-01-01 22:00:00+00:00,2026-08-21 17:00:00+00:00,219,121,98,55.25114155251142,12.746768665626517,0.05820442313071469,1.1250161411704969,1274.6768665626519,12.746768665626519,-1795.5281589329406,-17.955281589329406,12.735159817351597,112,107,12.817491655750601,-0.0707229901240859,121,98,0,456.8168949771684,358,231,0
0.5,eurgbp,H4,21210,2013-01-01 22:00:00+00:00,2026-08-21 17:00:00+00:00,220,124,96,56.36363636363636,16.563672072859518,0.07528941851299781,1.1648325781468158,1656.367207285952,16.56367207285952,-1371.6806964416865,-13.716806964416865,11.74090909090909,112,108,13.907245692398226,2.656426380461295,124,96,0,447.71250000000026,358,231,0
0.75,eurgbp,H4,21210,2013-01-01 22:00:00+00:00,2026-08-21 17:00:00+00:00,219,130,89,59.3607305936073,28.40556308366915,0.12970576750533858,1.3033113890939028,2840.5563083669153,28.405563083669154,-900.7200911435993,-9.007200911435993,11.415525114155251,112,107,19.868025838489825,8.537537245179326,130,89,0,433.66952054794507,358,230,0
1.0,eurgbp,H4,21210,2013-01-01 22:00:00+00:00,2026-08-21 17:00:00+00:00,219,135,84,61.64383561643836,39.62511968456188,0.1809366195642095,1.452154127797962,3962.5119684561887,39.62511968456189,-533.4466028173429,-5.334466028173428,10.114155251141552,111,108,27.876126707661555,11.74899297690033,135,84,0,426.67351598173485,358,227,0
0.0,eurgbp,D1,6301,2002-05-08 00:00:00+00:00,2026-08-21 00:00:00+00:00,72,44,28,61.111111111111114,11.867314713989236,0.16482381547207273,1.3895315335552418,1186.7314713989235,11.867314713989236,-993.0631700442555,-9.930631700442555,5.291666666666667,28,44,3.588151133405451,8.279163580583786,44,28,0,569.2499999999995,183,77,0
0.1,eurgbp,D1,6301,2002-05-08 00:00:00+00:00,2026-08-21 00:00:00+00:00,72,45,27,62.5,14.87673881174881,0.20662137238540013,1.524238562961338,1487.673881174881,14.87673881174881,-752.5181312411205,-7.525181312411205,4.902777777777778,27,45,6.010901343344182,8.865837468404628,45,27,0,552.4006944444445,183,76,0
0.2,eurgbp,D1,6301,2002-05-08 00:00:00+00:00,2026-08-21 00:00:00+00:00,73,47,26,64.38356164383562,15.08031708451652,0.2065796860892674,1.5021973433895799,1508.0317084516519,15.080317084516517,-770.3888523696569,-7.703888523696569,4.835616438356165,28,45,8.882153724852943,6.198163359663577,47,26,0,540.5082191780823,183,77,0
0.3,eurgbp,D1,6301,2002-05-08 00:00:00+00:00,2026-08-21 00:00:00+00:00,73,47,26,64.38356164383562,16.745875446044497,0.22939555405540407,1.5922294081981232,1674.5875446044502,16.7458754460445,-823.2702385772627,-8.232702385772628,4.794520547945205,28,45,8.670909487363794,8.074965958680707,47,26,0,536.5712328767121,183,77,0
0.4,eurgbp,D1,6301,2002-05-08 00:00:00+00:00,2026-08-21 00:00:00+00:00,72,49,23,68.05555555555556,22.07270536554096,0.30656535229917997,1.890506070276645,2207.2705365540955,22.072705365540955,-740.8629400926638,-7.408629400926639,4.486111111111111,29,43,6.787349596244227,15.285355769296729,49,23,0,540.0722222222224,183,76,0
0.5,eurgbp,D1,6301,2002-05-08 00:00:00+00:00,2026-08-21 00:00:00+00:00,75,53,22,70.66666666666667,27.94103980781498,0.37254719743753306,2.22986887067599,2794.103980781498,27.94103980781498,-434.6456598816512,-4.346456598816513,4.493333333333333,30,45,10.814459419372174,17.126580388442804,53,22,0,551.5966666666666,183,79,0
0.75,eurgbp,D1,6301,2002-05-08 00:00:00+00:00,2026-08-21 00:00:00+00:00,76,56,20,73.68421052631578,31.703375778883515,0.41714968130109886,2.505680422598498,3170.3375778883515,31.70337577888351,-254.6769896481528,-2.546769896481528,4.105263157894737,30,46,11.948872550526483,19.75450322835703,56,20,0,514.5805921052633,183,79,0
1.0,eurgbp,D1,6301,2002-05-08 00:00:00+00:00,2026-08-21 00:00:00+00:00,75,57,18,76.0,30.79808445419767,0.4106411260559689,2.387311921541264,3079.8084454197656,30.798084454197657,-349.9999999997217,-3.4999999999972173,4.053333333333334,29,46,10.916393061165861,19.881691393031804,57,18,0,492.8666666666667,183,77,0
0.0,eurusd,M1,25837,2026-08-09 21:05:00+00:00,2026-09-03 05:39:00+00:00,0,0,0,,0.0,,,0.0,0.0,0.0,0.0,,0,0,0.0,0.0,0,0,0,,0,0,0
0.1,eurusd,M1,25837,2026-08-09 21:05:00+00:00,2026-09-03 05:39:00+00:00,0,0,0,,0.0,,,0.0,0.0,0.0,0.0,,0,0,0.0,0.0,0,0,0,,0,0,0
0.2,eurusd,M1,25837,2026-08-09 21:05:00+00:00,2026-09-03 05:39:00+00:00,0,0,0,,0.0,,,0.0,0.0,0.0,0.0,,0,0,0.0,0.0,0,0,0,,0,0,0
0.3,eurusd,M1,25837,2026-08-09 21:05:00+00:00,2026-09-03 05:39:00+00:00,0,0,0,,0.0,,,0.0,0.0,0.0,0.0,,0,0,0.0,0.0,0,0,0,,0,0,0
0.4,eurusd,M1,25837,2026-08-09 21:05:00+00:00,2026-09-03 05:39:00+00:00,0,0,0,,0.0,,,0.0,0.0,0.0,0.0,,0,0,0.0,0.0,0,0,0,,0,0,0
0.5,eurusd,M1,25837,2026-08-09 21:05:00+00:00,2026-09-03 05:39:00+00:00,0,0,0,,0.0,,,0.0,0.0,0.0,0.0,,0,0,0.0,0.0,0,0,0,,0,0,0
0.75,eurusd,M1,25837,2026-08-09 21:05:00+00:00,2026-09-03 05:39:00+00:00,0,0,0,,0.0,,,0.0,0.0,0.0,0.0,,0,0,0.0,0.0,0,0,0,,0,0,0
1.0,eurusd,M1,25837,2026-08-09 21:05:00+00:00,2026-09-03 05:39:00+00:00,0,0,0,,0.0,,,0.0,0.0,0.0,0.0,,0,0,0.0,0.0,0,0,0,,0,0,0
0.0,eurusd,M5,20103,2026-05-17 21:05:00+00:00,2026-08-21 20:55:00+00:00,7,3,4,42.857142857142854,-1.343593640080007,-0.19194194858285815,0.6793759835096413,-134.3593640080007,-1.343593640080007,-206.75522943436772,-2.067552294343677,216.57142857142858,5,2,-3.220678802503201,1.8770851624231946,3,4,0,280.000000000004,7,7,0
0.1,eurusd,M5,20103,2026-05-17 21:05:00+00:00,2026-08-21 20:55:00+00:00,7,3,4,42.857142857142854,-1.3463017787761586,-0.19232882553945124,0.6787813892817,-134.63017787761586,-1.3463017787761586,-206.76894991710105,-2.0676894991710104,216.57142857142858,5,2,-3.2217851917089297,1.875483412932771,3,4,0,278.1000000000081,7,7,0
0.2,eurusd,M5,20103,2026-05-17 21:05:00+00:00,2026-08-21 20:55:00+00:00,7,4,3,57.14285714285714,0.650928454496016,0.09298977921371657,1.207205850197669,65.09284544960164,0.6509284544960164,-104.66853408029783,-1.0466853408029784,177.42857142857142,5,2,-1.2229101243170697,1.8738385788130858,4,3,0,276.2000000000058,7,7,0
0.3,eurusd,M5,20103,2026-05-17 21:05:00+00:00,2026-08-21 20:55:00+00:00,7,4,3,57.14285714285714,0.6480946191040217,0.09258494558628881,1.2062654414740805,64.80946191040212,0.6480946191040212,-104.69924812029967,-1.0469924812029967,177.42857142857142,5,2,-1.224054253638565,1.8721488727425868,4,3,0,274.3000000000035,7,7,0
0.4,eurusd,M5,20103,2026-05-17 21:05:00+00:00,2026-08-21 20:55:00+00:00,7,4,3,57.14285714285714,0.6451941372992579,0.09217059104275113,1.2053038013809632,64.51941372992577,0.6451941372992577,-104.73036896877784,-1.0473036896877783,177.28571428571428,5,2,-1.2252182687819306,1.8704124060811886,4,3,0,272.40000000000117,7,7,0
0.5,eurusd,M5,20103,2026-05-17 21:05:00+00:00,2026-08-21 20:55:00+00:00,7,4,3,57.14285714285714,0.6422242842505363,0.09174632632150519,1.2043200739587117,64.22242842505364,0.6422242842505363,-104.76190476190459,-1.047619047619046,177.28571428571428,5,2,-1.2264028972803294,1.868627181530866,4,3,0,270.5000000000021,7,7,0
0.75,eurusd,M5,20103,2026-05-17 21:05:00+00:00,2026-08-21 20:55:00+00:00,7,4,3,57.14285714285714,0.634476813266632,0.090639544752376,1.201758050426953,63.4476813266632,0.6344768132666321,-104.84261501210676,-1.0484261501210677,177.0,5,2,-1.2294598075335235,1.8639366208001555,4,3,0,265.75000000000426,7,7,0
1.0,eurusd,M5,20103,2026-05-17 21:05:00+00:00,2026-08-21 20:55:00+00:00,7,4,3,57.14285714285714,0.626227330678968,0.08946104723985257,1.1990364947331518,62.62273306789679,0.626227330678968,-104.92610837438406,-1.0492610837438405,176.85714285714286,5,2,-1.2326637782121561,1.858891108891124,4,3,0,261.00000000000324,7,7,0
0.0,eurusd,M15,22176,2025-09-30 21:00:00+00:00,2026-08-21 20:45:00+00:00,22,12,10,54.54545454545454,-0.10956369397067109,-0.004980167907757777,0.9897106112389501,-10.956369397067183,-0.10956369397067184,-465.13567878041795,-4.65135678780418,50.04545454545455,12,10,-5.543098432893345,5.433534738922674,11,10,1,234.5454545454559,30,22,0
0.1,eurusd,M15,22176,2025-09-30 21:00:00+00:00,2026-08-21 20:45:00+00:00,22,13,9,59.09090909090909,1.8739598197810863,0.0851799918082312,1.1951395821958368,187.3959819781087,1.8739598197810867,-349.1054582000852,-3.491054582000852,45.54545454545455,12,10,-5.546992733240752,7.420952553021838,12,9,1,229.95454545454504,30,22,0
0.2,eurusd,M15,22176,2025-09-30 21:00:00+00:00,2026-08-21 20:45:00+00:00,22,13,9,59.09090909090909,1.8550828313998964,0.08432194688181348,1.192714911956831,185.50828313998974,1.8550828313998975,-350.496085206134,-3.5049608520613402,45.54545454545455,12,10,-5.552424462468367,7.407507293868264,12,9,1,225.36363636363714,30,22,0
0.3,eurusd,M15,22176,2025-09-30 21:00:00+00:00,2026-08-21 20:45:00+00:00,22,14,8,63.63636363636363,3.8333449176948977,0.17424295080431354,1.4450120257530406,383.3344917694896,3.833344917694896,-352.018760607014,-3.5201876060701394,39.27272727272727,12,10,-3.5597503321165234,7.39309524981142,13,8,1,220.77272727272828,30,22,0
0.4,eurusd,M15,22176,2025-09-30 21:00:00+00:00,2026-08-21 20:45:00+00:00,22,15,7,68.18181818181817,5.80816084634983,0.26400731119771953,1.7641156663105957,580.816084634983,5.808160846349829,-249.6674214315135,-2.496674214315135,37.54545454545455,12,10,-1.569433784862483,7.377594631212314,14,7,1,216.1818181818214,30,22,0
0.5,eurusd,M15,22176,2025-09-30 21:00:00+00:00,2026-08-21 20:45:00+00:00,22,15,7,68.18181818181817,5.77877304789384,0.26267150217699275,1.7572013886135278,577.8773047893841,5.77877304789384,-251.48458052650312,-2.5148458052650313,37.45454545454545,12,10,-1.5820883260013947,7.360861373895235,14,7,1,211.5909090909105,30,22,0
0.75,eurusd,M15,22176,2025-09-30 21:00:00+00:00,2026-08-21 20:45:00+00:00,22,16,6,72.72727272727273,7.679404641025496,0.3490638473193407,2.182295214430798,767.9404641025494,7.679404641025495,-228.22580645160815,-2.2822580645160815,35.77272727272727,12,10,0.3669844778678848,7.31242016315761,15,6,1,200.11363636364032,30,22,0
1.0,eurusd,M15,22176,2025-09-30 21:00:00+00:00,2026-08-21 20:45:00+00:00,22,17,5,77.27272727272727,9.51588778639083,0.43254035392685597,2.7320977095881496,951.5887786390832,9.515887786390833,-122.22222222222808,-1.222222222222281,34.59090909090909,12,10,2.264637222873394,7.251250563517438,16,5,1,188.63636363636508,30,22,0
0.0,eurusd,H1,22655,2023-01-01 23:00:00+00:00,2026-08-21 20:00:00+00:00,108,53,55,49.074074074074076,-6.195325115152134,-0.05736412143659383,0.8913174491546866,-619.5325115152136,-6.195325115152136,-2420.8467242465686,-24.208467242465687,21.65740740740741,56,52,-6.178806575309116,-0.01651853984301943,53,55,0,375.3888888888898,189,113,0
0.1,eurusd,H1,22655,2023-01-01 23:00:00+00:00,2026-08-21 20:00:00+00:00,108,53,55,49.074074074074076,-6.416021677984511,-0.059407608129486214,0.8877133536810261,-641.6021677984504,-6.416021677984504,-2437.423907049477,-24.37423907049477,21.59259259259259,56,52,-6.32387020095845,-0.09215147702605786,53,55,0,370.0870370370368,189,113,0
0.2,eurusd,H1,22655,2023-01-01 23:00:00+00:00,2026-08-21 20:00:00+00:00,108,55,53,50.92592592592593,-2.804931725919057,-0.025971590054806086,0.9493039430844521,-280.4931725919054,-2.804931725919054,-2070.164159523527,-20.70164159523527,21.12037037037037,56,52,-4.61961782280223,1.8146860968831706,55,53,0,364.78518518518626,189,113,0
0.3,eurusd,H1,22655,2023-01-01 23:00:00+00:00,2026-08-21 20:00:00+00:00,108,56,52,51.85185185185185,-2.6882687845918563,-0.02489137763510978,0.9520478437941957,-268.8268784591854,-2.688268784591854,-2251.501866019269,-22.51501866019269,21.02777777777778,56,52,-4.381937563994124,1.6936687794022665,56,52,0,359.4833333333336,189,113,0
0.4,eurusd,H1,22655,2023-01-01 23:00:00+00:00,2026-08-21 20:00:00+00:00,107,57,50,53.271028037383175,2.349268375643495,0.021955779211621448,1.045366565561685,234.92683756434934,2.3492683756434936,-1739.620943595175,-17.39620943595175,19.83177570093458,55,52,0.8261925670136991,1.5230758086297933,57,50,0,357.5738317757025,189,112,0
0.5,eurusd,H1,22655,2023-01-01 23:00:00+00:00,2026-08-21 20:00:00+00:00,107,58,49,54.20560747663551,3.999938812536314,0.037382605724638446,1.0787408528722446,399.9938812536317,3.9999388125363167,-1564.8231990072036,-15.648231990072038,19.66355140186916,55,52,2.7529653192297094,1.2469734933066063,58,49,0,352.34579439252417,189,112,0
0.75,eurusd,H1,22655,2023-01-01 23:00:00+00:00,2026-08-21 20:00:00+00:00,106,61,45,57.54716981132076,11.187732569325306,0.10554464688042742,1.2389164628247347,1118.77325693253,11.1877325693253,-1072.0540667357309,-10.720540667357309,19.11320754716981,55,51,6.510914064558068,4.676818504767232,61,45,0,342.48113207547306,189,111,0
1.0,eurusd,H1,22655,2023-01-01 23:00:00+00:00,2026-08-21 20:00:00+00:00,105,63,42,60.0,15.939993245039002,0.1518094594765619,1.3663728829001147,1593.9993245039,15.939993245039,-1079.2491267145397,-10.792491267145397,18.704761904761906,55,50,10.07041029097993,5.86958295405907,63,42,0,332.5809523809535,189,110,0
0.0,eurusd,H4,21210,2013-01-01 22:00:00+00:00,2026-08-21 17:00:00+00:00,241,131,110,54.356846473029044,14.98269760841217,0.06216886974444884,1.1330611473097127,1498.2697608412175,14.982697608412174,-1098.2204260151157,-10.982204260151157,8.058091286307054,122,119,10.938024287574823,4.044673320837347,132,109,0,537.9398340248964,493,258,0
0.1,eurusd,H4,21210,2013-01-01 22:00:00+00:00,2026-08-21 17:00:00+00:00,241,133,108,55.18672199170125,18.948424113730574,0.07862416644701484,1.1715588789534794,1894.8424113730573,18.94842411373057,-1010.4499797314766,-10.104499797314766,8.360995850622407,124,117,10.788722249867568,8.159701863863006,133,108,0,533.8159751037348,493,259,0
0.2,eurusd,H4,21210,2013-01-01 22:00:00+00:00,2026-08-21 17:00:00+00:00,242,134,108,55.371900826446286,18.380610508344855,0.0759529359848961,1.1643902467315979,1838.0610508344857,18.38061050834486,-1149.0177354680163,-11.490177354680164,7.966942148760331,124,118,12.59083940768826,5.7897711006565995,134,108,0,524.8876033057852,493,259,0
0.3,eurusd,H4,21210,2013-01-01 22:00:00+00:00,2026-08-21 17:00:00+00:00,245,137,108,55.91836734693878,14.501406228093057,0.05918941317589003,1.122352831017061,1450.140622809306,14.50140622809306,-1901.6991973979111,-19.01699197397911,8.16326530612245,126,119,4.563286104802254,9.938120123290805,138,107,0,524.0528571428576,493,262,0
0.4,eurusd,H4,21210,2013-01-01 22:00:00+00:00,2026-08-21 17:00:00+00:00,247,143,104,57.89473684210527,32.101850584432555,0.1299670064147067,1.3010258754369026,3210.1850584432555,32.101850584432555,-914.4374307043854,-9.144374307043854,8.279352226720647,125,122,15.323770558981902,16.77808002545066,143,104,0,521.6246963562753,493,264,0
0.5,eurusd,H4,21210,2013-01-01 22:00:00+00:00,2026-08-21 17:00:00+00:00,247,149,98,60.32388663967612,43.08238405953383,0.17442260752847705,1.4253793890927404,4308.2384059533815,43.082384059533815,-784.8336895910088,-7.848336895910088,7.987854251012146,125,122,22.4626833961246,20.619700663409223,149,98,0,511.1042510121459,493,264,0
0.75,eurusd,H4,21210,2013-01-01 22:00:00+00:00,2026-08-21 17:00:00+00:00,248,156,92,62.903225806451616,55.23852679178954,0.22273599512818362,1.5843238775129171,5523.8526791789545,55.238526791789546,-456.6983197371992,-4.566983197371992,7.282258064516129,124,124,29.338665445127674,25.899861346661872,156,92,0,486.57056451612976,493,263,0
1.0,eurusd,H4,21210,2013-01-01 22:00:00+00:00,2026-08-21 17:00:00+00:00,248,162,86,65.32258064516128,60.67255050188667,0.24464738105599462,1.6436411901349448,6067.255050188666,60.672550501886654,-810.9376304605994,-8.109376304605993,7.495967741935484,125,123,36.295787713194166,24.3767627886925,162,86,0,475.42338709677466,493,264,0
0.0,eurusd,D1,6307,2002-05-07 00:00:00+00:00,2026-08-21 00:00:00+00:00,38,22,16,57.89473684210527,5.2671575280267025,0.13860940863228163,1.323879865639089,526.7157528026702,5.267157528026702,-519.6588179125465,-5.196588179125465,2.5526315789473686,15,23,-1.3216243054119678,6.588781833438671,22,16,0,666.9342105263154,228,38,0
0.1,eurusd,D1,6307,2002-05-07 00:00:00+00:00,2026-08-21 00:00:00+00:00,40,23,17,57.49999999999999,5.176075832910009,0.12940189582275025,1.299076701407685,517.6075832910008,5.176075832910008,-522.2193937305892,-5.222193937305892,2.075,16,24,-0.3538755271459739,5.529951360055982,23,17,0,647.304999999998,228,40,0
0.2,eurusd,D1,6307,2002-05-07 00:00:00+00:00,2026-08-21 00:00:00+00:00,42,23,19,54.761904761904766,2.7753419102370955,0.06607956929135941,1.1412017774371015,277.53419102370947,2.7753419102370946,-522.9724190060006,-5.229724190060005,2.0476190476190474,18,24,-2.394296621606029,5.169638531843125,23,19,0,635.6428571428563,228,42,0
0.3,eurusd,D1,6307,2002-05-07 00:00:00+00:00,2026-08-21 00:00:00+00:00,43,24,19,55.81395348837209,3.980883909906747,0.09257869557922667,1.2058905947113523,398.0883909906747,3.9808839099067477,-523.8451520253202,-5.238451520253202,2.0232558139534884,19,24,-1.4383459397012148,5.4192298496079605,24,19,0,629.9197674418602,228,43,0
0.4,eurusd,D1,6307,2002-05-07 00:00:00+00:00,2026-08-21 00:00:00+00:00,43,24,19,55.81395348837209,4.007666238507105,0.0932015404303978,1.207017071172177,400.76662385071046,4.007666238507104,-421.12767289695876,-4.211276728969588,2.0,20,23,-0.49364640329197895,4.501312641799085,24,19,0,614.7511627906977,228,43,0
0.5,eurusd,D1,6307,2002-05-07 00:00:00+00:00,2026-08-21 00:00:00+00:00,46,26,20,56.52173913043478,4.856080450771371,0.10556696632111676,1.237810894191081,485.60804507713704,4.85608045077137,-420.8382628726886,-4.208382628726886,1.9130434782608696,21,25,0.43086766237533425,4.425212788396036,26,20,0,603.0217391304343,228,46,0
0.75,eurusd,D1,6307,2002-05-07 00:00:00+00:00,2026-08-21 00:00:00+00:00,49,30,19,61.224489795918366,9.165660451890693,0.18705429493654474,1.4663281018859502,916.5660451890691,9.165660451890691,-423.3196043680291,-4.233196043680291,1.7142857142857142,23,26,0.15306816878043794,9.012592283110253,30,19,0,556.3571428571393,228,49,0
1.0,eurusd,D1,6307,2002-05-07 00:00:00+00:00,2026-08-21 00:00:00+00:00,51,32,19,62.745098039215684,7.326356183346482,0.14365404281071534,1.3119332488357325,732.6356183346484,7.326356183346484,-502.7060920939475,-5.027060920939475,1.7450980392156863,26,25,-2.6162958614361758,9.942652044782657,32,19,0,571.4607843137238,228,51,0
0.0,gbpusd,M1,26114,2026-08-09 21:07:00+00:00,2026-09-03 05:38:00+00:00,0,0,0,,0.0,,,0.0,0.0,0.0,0.0,,0,0,0.0,0.0,0,0,0,,1,0,0
0.1,gbpusd,M1,26114,2026-08-09 21:07:00+00:00,2026-09-03 05:38:00+00:00,0,0,0,,0.0,,,0.0,0.0,0.0,0.0,,0,0,0.0,0.0,0,0,0,,1,0,0
0.2,gbpusd,M1,26114,2026-08-09 21:07:00+00:00,2026-09-03 05:38:00+00:00,0,0,0,,0.0,,,0.0,0.0,0.0,0.0,,0,0,0.0,0.0,0,0,0,,1,0,0
0.3,gbpusd,M1,26114,2026-08-09 21:07:00+00:00,2026-09-03 05:38:00+00:00,0,0,0,,0.0,,,0.0,0.0,0.0,0.0,,0,0,0.0,0.0,0,0,0,,1,0,0
0.4,gbpusd,M1,26114,2026-08-09 21:07:00+00:00,2026-09-03 05:38:00+00:00,0,0,0,,0.0,,,0.0,0.0,0.0,0.0,,0,0,0.0,0.0,0,0,0,,1,0,0
0.5,gbpusd,M1,26114,2026-08-09 21:07:00+00:00,2026-09-03 05:38:00+00:00,0,0,0,,0.0,,,0.0,0.0,0.0,0.0,,0,0,0.0,0.0,0,0,0,,1,0,0
0.75,gbpusd,M1,26114,2026-08-09 21:07:00+00:00,2026-09-03 05:38:00+00:00,0,0,0,,0.0,,,0.0,0.0,0.0,0.0,,0,0,0.0,0.0,0,0,0,,1,0,0
1.0,gbpusd,M1,26114,2026-08-09 21:07:00+00:00,2026-09-03 05:38:00+00:00,0,0,0,,0.0,,,0.0,0.0,0.0,0.0,,0,0,0.0,0.0,0,0,0,,1,0,0
0.0,gbpusd,M5,20086,2026-05-17 21:05:00+00:00,2026-08-21 20:55:00+00:00,6,4,2,66.66666666666666,1.6553021454038173,0.2758836909006362,1.7629378932004522,165.53021454038173,1.6553021454038173,-119.82680183250704,-1.1982680183250705,124.33333333333333,5,1,0.6839280996023076,0.9713740458015094,4,2,0,325.50000000000074,8,6,0
0.1,gbpusd,M5,20086,2026-05-17 21:05:00+00:00,2026-08-21 20:55:00+00:00,6,4,2,66.66666666666666,1.6519759337943976,0.27532932229906626,1.7605929169316616,165.19759337943975,1.6519759337943978,-120.07488699378337,-1.2007488699378337,124.33333333333333,5,1,0.6807667207425913,0.9712092130518062,4,2,0,322.8500000000004,8,6,0
0.2,gbpusd,M5,20086,2026-05-17 21:05:00+00:00,2026-08-21 20:55:00+00:00,6,4,2,66.66666666666666,1.6485699012142847,0.2747616502023808,1.7581929976589263,164.8569901214285,1.6485699012142851,-120.32982394423198,-1.2032982394423197,124.16666666666667,5,1,0.6775274301718309,0.9710424710424538,4,2,0,320.2000000000001,8,6,0
0.3,gbpusd,M5,20086,2026-05-17 21:05:00+00:00,2026-08-21 20:55:00+00:00,6,4,2,66.66666666666666,1.6450807222860102,0.2741801203810017,1.75573595592221,164.50807222860107,1.6450807222860107,-120.5919191873345,-1.205919191873345,123.83333333333333,5,1,0.6742069358782604,0.9708737864077498,4,2,0,317.5499999999998,8,6,0
0.4,gbpusd,M5,20086,2026-05-17 21:05:00+00:00,2026-08-21 20:55:00+00:00,6,4,2,66.66666666666666,1.6415048680735416,0.2735841446789236,1.7532194859892234,164.15048680735413,1.6415048680735413,-120.86149869281871,-1.208614986928187,123.83333333333333,5,1,0.6708017430735587,0.9707031249999829,4,2,0,314.8999999999994,8,6,0
0.5,gbpusd,M5,20086,2026-05-17 21:05:00+00:00,2026-08-21 20:55:00+00:00,6,4,2,66.66666666666666,1.6378385893759078,0.272973098229318,1.7506411460172424,163.7838589375908,1.637838589375908,-121.13890952646943,-1.2113890952646942,123.5,5,1,0.6673081375095201,0.9705304518663876,4,2,0,312.2500000000065,8,6,0
0.75,gbpusd,M5,20086,2026-05-17 21:05:00+00:00,2026-08-21 20:55:00+00:00,6,4,2,66.66666666666666,1.628250471681336,0.271375078613556,1.7439072317832822,162.8250471681336,1.6282504716813362,-121.86918835049073,-1.2186918835049072,71.0,5,1,0.6581607408737763,0.9700897308075597,4,2,0,305.62500000000193,8,6,0
1.0,gbpusd,M5,20086,2026-05-17 21:05:00+00:00,2026-08-21 20:55:00+00:00,6,5,1,83.33333333333334,3.618001690156846,0.6030002816928076,4.224740636878662,361.80016901568456,3.6180016901568455,-112.19512195122843,-1.1219512195122843,55.833333333333336,5,1,2.6483660626264998,0.9696356275303463,5,1,0,299.0000000000011,8,6,0
0.0,gbpusd,M15,22174,2025-09-30 21:00:00+00:00,2026-08-21 20:45:00+00:00,57,23,34,40.35087719298245,-14.860899765118786,-0.2607175397389261,0.593826441144354,-1486.089976511879,-14.86089976511879,-1670.889552326029,-16.70889552326029,40.94736842105263,35,22,-5.565043729416633,-9.295856035702156,23,34,0,303.01754385964784,82,59,0
0.1,gbpusd,M15,22174,2025-09-30 21:00:00+00:00,2026-08-21 20:45:00+00:00,58,25,33,43.103448275862064,-12.117816862162067,-0.20892787693382875,0.6598542573700145,-1211.7816862162063,-12.117816862162062,-1396.5088698087875,-13.965088698087873,38.94827586206897,36,22,-4.795428188619607,-7.322388673542456,25,33,0,294.26379310344646,82,59,0
0.2,gbpusd,M15,22174,2025-09-30 21:00:00+00:00,2026-08-21 20:45:00+00:00,58,25,33,43.103448275862064,-12.23950175036403,-0.21102589224765567,0.6573310619233397,-1223.9501750364032,-12.239501750364031,-1408.6041812464446,-14.086041812464444,37.775862068965516,36,22,-4.888873523284278,-7.3506282270797545,25,33,0,288.97586206896426,82,59,0
0.3,gbpusd,M15,22174,2025-09-30 21:00:00+00:00,2026-08-21 20:45:00+00:00,58,25,33,43.103448275862064,-12.376310759132169,-0.21338466826089947,0.6545269949171809,-1237.631075913217,-12.37631075913217,-1422.2111057852744,-14.222111057852743,37.706896551724135,36,22,-4.995523145454135,-7.3807876136780335,25,33,0,283.68793103448274,82,59,0
0.4,gbpusd,M15,22174,2025-09-30 21:00:00+00:00,2026-08-21 20:45:00+00:00,58,25,33,43.103448275862064,-12.533353954091464,-0.2160923095533011,0.6513527887001758,-1253.335395409146,-12.533353954091462,-1437.8406358553348,-14.378406358553347,37.63793103448276,36,22,-5.120232251533697,-7.413121702557764,25,33,0,278.3999999999989,82,59,0
0.5,gbpusd,M15,22174,2025-09-30 21:00:00+00:00,2026-08-21 20:45:00+00:00,58,25,33,43.103448275862064,-12.719203673678969,-0.2192966150634305,0.6476604332216012,-1271.9203673678967,-12.719203673678967,-1456.349990819277,-14.563499908192771,36.1551724137931,36,22,-5.271264612582056,-7.447939061096911,25,33,0,273.1120689655159,82,59,0
0.75,gbpusd,M15,22174,2025-09-30 21:00:00+00:00,2026-08-21 20:45:00+00:00,59,30,29,50.847457627118644,-3.7168638446474414,-0.06299769228216003,0.8821995527552329,-371.6863844647441,-3.716863844647441,-732.8945447908391,-7.32894544790839,38.49152542372882,37,22,1.8317014632146196,-5.54856530786206,30,29,0,274.9491525423714,82,60,0
1.0,gbpusd,M15,22174,2025-09-30 21:00:00+00:00,2026-08-21 20:45:00+00:00,60,33,27,55.00000000000001,-14.16596545743211,-0.23609942429053515,0.6808174176597728,-1416.5965457432112,-14.165965457432112,-1966.4127167825336,-19.664127167825335,25.9,38,22,-10.489410085985494,-3.676555371446618,33,27,0,257.39999999999907,82,60,0
0.0,gbpusd,H1,22655,2023-01-01 23:00:00+00:00,2026-08-21 20:00:00+00:00,147,66,81,44.89795918367347,-23.335379775737785,-0.15874408010705976,0.726929394611405,-2333.5379775737783,-23.33537977573778,-2427.898879829414,-24.27898879829414,17.408163265306122,77,70,-19.45351480700802,-3.8818649687297624,66,81,0,401.8911564625847,248,155,0
0.1,gbpusd,H1,22655,2023-01-01 23:00:00+00:00,2026-08-21 20:00:00+00:00,147,66,81,44.89795918367347,-23.773050904073052,-0.1617214347215854,0.7228294033221945,-2377.3050904073057,-23.773050904073056,-2471.5225152338226,-24.715225152338224,17.258503401360546,77,70,-19.756194654268352,-4.016856249804703,66,81,0,394.86122448979586,248,155,0
0.2,gbpusd,H1,22655,2023-01-01 23:00:00+00:00,2026-08-21 20:00:00+00:00,147,69,78,46.93877551020408,-18.416431729553377,-0.1252818485003631,0.7781361814310704,-1841.6431729553383,-18.416431729553384,-1935.7096286515352,-19.35709628651535,17.1156462585034,77,70,-18.248009258022048,-0.16842247153133183,69,78,0,387.83129251700706,248,155,0
0.3,gbpusd,H1,22655,2023-01-01 23:00:00+00:00,2026-08-21 20:00:00+00:00,147,70,77,47.61904761904761,-17.74788036799622,-0.12073388005439606,0.7864542521701651,-1774.7880367996218,-17.74788036799622,-2001.9184328017163,-20.019184328017165,17.020408163265305,77,70,-19.407030404731202,1.6591500367349874,70,77,0,380.8013605442177,248,155,0
0.4,gbpusd,H1,22655,2023-01-01 23:00:00+00:00,2026-08-21 20:00:00+00:00,147,71,76,48.29931972789115,-39.05725197466005,-0.2656955916643541,0.6287033227739902,-3905.7251974660053,-39.05725197466005,-4128.8365244214765,-41.288365244214766,16.897959183673468,77,70,-40.51693511303804,1.4596831383779847,71,76,0,373.7714285714287,248,155,0
0.5,gbpusd,H1,22655,2023-01-01 23:00:00+00:00,2026-08-21 20:00:00+00:00,146,71,75,48.63013698630137,-13.530339517997673,-0.09267355834244981,0.8296503174396964,-1353.0339517997677,-13.530339517997678,-1570.9087312442425,-15.709087312442424,16.958904109589042,76,70,-14.754142366733618,1.2238028487359425,71,75,0,369.2945205479456,248,154,0
0.75,gbpusd,H1,22655,2023-01-01 23:00:00+00:00,2026-08-21 20:00:00+00:00,148,78,70,52.702702702702695,-3.566261164706421,-0.02409635922098933,0.9525029468291891,-356.62611647064205,-3.5662611647064204,-982.6328749535223,-9.826328749535223,15.89864864864865,77,71,-12.863001351120307,9.29674018641389,78,70,0,350.6013513513518,248,154,0
1.0,gbpusd,H1,22655,2023-01-01 23:00:00+00:00,2026-08-21 20:00:00+00:00,146,79,67,54.109589041095894,-3.312665883485193,-0.02268949235263831,0.9564030062986507,-331.26658834851935,-3.3126658834851934,-1105.1548535011807,-11.051548535011808,15.363013698630137,76,70,-11.81747732605028,8.504811442565085,80,66,0,343.8698630136991,248,153,0
0.0,gbpusd,H4,21210,2013-01-01 22:00:00+00:00,2026-08-21 17:00:00+00:00,230,112,118,48.69565217391305,-15.694371927705962,-0.0682363996856781,0.8731497939870161,-1569.4371927705968,-15.69437192770597,-2633.5972611081015,-26.335972611081015,6.447826086956522,131,99,-6.841532668867936,-8.852839258838028,112,118,0,576.6869565217396,547,237,0
0.1,gbpusd,H4,21210,2013-01-01 22:00:00+00:00,2026-08-21 17:00:00+00:00,231,117,114,50.649350649350644,-7.862461915382941,-0.03403663166832442,0.9348064319675542,-786.2461915382944,-7.862461915382944,-2340.0558813012503,-23.400558813012502,6.528138528138528,131,100,0.08480258784880412,-7.947264503231744,117,114,0,574.4833333333339,547,238,0
0.2,gbpusd,H4,21210,2013-01-01 22:00:00+00:00,2026-08-21 17:00:00+00:00,230,118,112,51.30434782608696,-2.107840212575023,-0.009164522663369664,0.9817732952872561,-210.7840212575026,-2.107840212575026,-2023.4567794648028,-20.23456779464803,6.369565217391305,130,100,1.733963651753259,-3.84180386432828,118,112,0,568.797391304348,547,238,0
0.3,gbpusd,H4,21210,2013-01-01 22:00:00+00:00,2026-08-21 17:00:00+00:00,234,124,110,52.991452991452995,5.195242786089344,0.02220189224824506,1.045671648130987,519.5242786089348,5.195242786089348,-1680.1893274712638,-16.801893274712636,6.183760683760684,132,102,7.340036158460409,-2.1447933723710664,124,110,0,555.5993589743599,547,240,0
0.4,gbpusd,H4,21210,2013-01-01 22:00:00+00:00,2026-08-21 17:00:00+00:00,236,125,111,52.96610169491526,4.220652279345728,0.017884119827736137,1.0366574809145312,422.0652279345734,4.2206522793457335,-1670.7348411440526,-16.707348411440528,5.915254237288136,132,104,6.993005143342585,-2.7723528639968493,125,111,0,546.1546610169496,547,242,0
0.5,gbpusd,H4,21210,2013-01-01 22:00:00+00:00,2026-08-21 17:00:00+00:00,238,130,108,54.621848739495796,11.529310883550291,0.04844248270399282,1.1022590889176151,1152.9310883550295,11.529310883550295,-1634.9506988902376,-16.349506988902377,5.882352941176471,133,105,13.414578202675905,-1.885267319125611,130,108,0,540.9096638655467,547,244,0
0.75,gbpusd,H4,21210,2013-01-01 22:00:00+00:00,2026-08-21 17:00:00+00:00,241,133,108,55.18672199170125,14.73124408672404,0.0611254941357844,1.1313168693305244,1473.1244086724034,14.731244086724034,-1492.994372533767,-14.929943725337672,5.5850622406639,134,107,15.424302455836994,-0.6930583691129542,135,106,0,532.5031120331953,547,246,0
1.0,gbpusd,H4,21210,2013-01-01 22:00:00+00:00,2026-08-21 17:00:00+00:00,240,138,102,57.49999999999999,24.189611906528334,0.10079004961053473,1.2273788874938696,2418.9611906528335,24.189611906528334,-808.5581720722748,-8.085581720722748,5.791666666666667,131,109,23.13361866522657,1.055993241301764,139,101,0,525.2437500000003,547,246,0
0.0,gbpusd,D1,6311,2002-05-07 00:00:00+00:00,2026-08-21 00:00:00+00:00,25,15,10,60.0,3.999342278815745,0.1599736911526298,1.376969117924737,399.93422788157454,3.9993422788157456,-422.8779911513411,-4.228779911513411,1.68,15,10,0.3792650148250363,3.6200772639907095,15,10,0,570.7399999999998,216,25,0
0.1,gbpusd,D1,6311,2002-05-07 00:00:00+00:00,2026-08-21 00:00:00+00:00,27,17,10,62.96296296296296,5.933524022579937,0.21976014898444213,1.5583346029257605,593.3524022579936,5.933524022579936,-425.2640295184701,-4.252640295184702,1.6296296296296295,14,13,1.389376822697752,4.544147199882185,17,10,0,601.1296296296284,216,27,0
0.2,gbpusd,D1,6311,2002-05-07 00:00:00+00:00,2026-08-21 00:00:00+00:00,31,18,13,58.06451612903226,3.73076066705371,0.12034711829205516,1.2704790969958133,373.07606670537075,3.730760667053708,-428.30418177239153,-4.283041817723916,1.6774193548387097,16,15,1.2598542734877087,2.470906393566002,18,13,0,613.5967741935463,216,31,0
0.3,gbpusd,D1,6311,2002-05-07 00:00:00+00:00,2026-08-21 00:00:00+00:00,33,20,13,60.60606060606061,5.354155426350803,0.16224713413184252,1.3793900564914385,535.4155426350803,5.354155426350803,-432.3348540354509,-4.323348540354509,1.696969696969697,18,15,2.940857666593029,2.4132977597577754,20,13,0,595.6621212121204,216,33,0
0.4,gbpusd,D1,6311,2002-05-07 00:00:00+00:00,2026-08-21 00:00:00+00:00,33,21,12,63.63636363636363,7.42568111916261,0.22502063997462457,1.571587224844106,742.5681119162609,7.4256811191626095,-437.9803182321957,-4.379803182321957,1.696969696969697,17,16,4.106982748732935,3.3186983704296757,21,12,0,584.6666666666644,216,33,0
0.5,gbpusd,D1,6311,2002-05-07 00:00:00+00:00,2026-08-21 00:00:00+00:00,35,23,12,65.71428571428571,9.07543827620149,0.25929823646289973,1.6864125826918943,907.5438276201489,9.075438276201488,-250.0600663128207,-2.5006006631282074,1.4,17,18,7.906734645390637,1.1687036308108536,23,12,0,568.6999999999953,216,35,0
0.75,gbpusd,D1,6311,2002-05-07 00:00:00+00:00,2026-08-21 00:00:00+00:00,43,31,12,72.09302325581395,15.578811329094894,0.36229793788592773,2.0985095207368185,1557.8811329094892,15.578811329094892,-281.7205855986849,-2.8172058559868494,1.3953488372093024,24,19,10.617157222541621,4.961654106553273,31,12,0,572.6191860465108,216,43,0
1.0,gbpusd,D1,6311,2002-05-07 00:00:00+00:00,2026-08-21 00:00:00+00:00,45,36,9,80.0,24.674819291472645,0.548329317588281,3.5228842567389305,2467.4819291472645,24.674819291472645,-211.0233516483604,-2.110233516483604,1.4222222222222223,28,17,16.436324854969055,8.238494436503586,36,9,0,565.7444444444421,216,45,0
0.0,us100,M1,26000,2026-08-09 22:00:00+00:00,2026-09-03 05:36:00+00:00,103,55,48,53.398058252427184,-0.5486426383750923,-0.005326627557039731,0.9894008065080763,-54.86426383750916,-0.5486426383750915,-1194.437677078744,-11.94437677078744,24.9126213592233,49,54,1.936359396997425,-2.485002035372517,55,48,0,315.126213592234,163,106,0
0.1,us100,M1,26000,2026-08-09 22:00:00+00:00,2026-09-03 05:36:00+00:00,103,55,48,53.398058252427184,-0.9473128297137446,-0.009197211938968395,0.9818040866912652,-94.73128297137426,-0.9473128297137425,-1222.4568459444072,-12.224568459444072,24.66990291262136,49,54,1.8441730889160066,-2.791485918629749,55,48,0,309.89611650485546,163,106,0
0.2,us100,M1,26000,2026-08-09 22:00:00+00:00,2026-09-03 05:36:00+00:00,103,56,47,54.36893203883495,0.4949328023112458,0.00480517283797326,1.0096188024389179,49.49328023112433,0.4949328023112433,-1244.0410237822234,-12.440410237822235,23.019417475728154,49,54,1.7399588921229592,-1.2450260898117143,56,47,0,304.6660194174773,163,106,0
0.3,us100,M1,26000,2026-08-09 22:00:00+00:00,2026-09-03 05:36:00+00:00,103,56,47,54.36893203883495,-0.4184622628410197,-0.00406274041593223,0.9919885322011015,-41.84622628410217,-0.41846226284102167,-1315.6043610981978,-13.15604361098198,21.883495145631066,49,54,1.6203899707777047,-2.0388522336187247,56,47,0,299.4359223300998,163,106,0
0.4,us100,M1,26000,2026-08-09 22:00:00+00:00,2026-09-03 05:36:00+00:00,103,56,47,54.36893203883495,-2.543897438444163,-0.02469803338295304,0.953057861264306,-254.38974384441605,-2.5438974384441604,-1504.3702975530414,-15.043702975530412,21.009708737864077,49,54,1.4805951563211326,-4.024492594765292,56,47,0,294.2058252427184,163,106,0
0.5,us100,M1,26000,2026-08-09 22:00:00+00:00,2026-09-03 05:36:00+00:00,103,58,45,56.310679611650485,-24.9667901508014,-0.242396020881567,0.6811487591303365,-2496.679015080141,-24.966790150801412,-3916.0029263406923,-39.16002926340692,19.815533980582526,49,54,3.3130524631501648,-28.279842613951573,58,45,0,288.9757281553392,163,106,0
0.75,us100,M1,26000,2026-08-09 22:00:00+00:00,2026-09-03 05:36:00+00:00,102,59,43,57.84313725490197,3.461818462632658,0.03393939669247704,1.0684733919963354,346.18184626326575,3.4618184626326576,-951.6382851512899,-9.5163828515129,19.607843137254903,49,53,4.6622650238977785,-1.2004465612651232,60,42,0,278.6813725490206,163,105,0
1.0,us100,M1,26000,2026-08-09 22:00:00+00:00,2026-09-03 05:36:00+00:00,101,63,38,62.37623762376238,13.75745375975324,0.13621241346290336,1.3202690815792053,1375.7453759753237,13.757453759753236,-757.8427165284138,-7.578427165284138,19.485148514851485,49,52,4.34706949410941,9.410384265643835,63,38,0,268.5346534653481,163,104,0
0.0,us100,M5,21307,2026-05-10 22:00:00+00:00,2026-08-21 20:55:00+00:00,218,110,108,50.45871559633027,-12.38289314736365,-0.05680226214386995,0.8940913160060828,-1238.2893147363648,-12.382893147363648,-2466.530650470553,-24.66530650470553,7.513761467889908,112,106,-8.566022045371039,-3.8168711019926116,110,108,0,462.2064220183497,404,223,0
0.1,us100,M5,21307,2026-05-10 22:00:00+00:00,2026-08-21 20:55:00+00:00,219,114,105,52.054794520547944,-2.27597420998691,-0.01039257630131009,0.9793854709544517,-227.59742099869106,-2.2759742099869107,-1738.5777820418753,-17.385777820418753,7.219178082191781,113,106,-0.14860277539259348,-2.1273714345943144,114,105,0,454.0538812785404,404,223,0
0.2,us100,M5,21307,2026-05-10 22:00:00+00:00,2026-08-21 20:55:00+00:00,222,115,107,51.80180180180181,-4.217066704917991,-0.01899579596809906,0.9626975693934732,-421.706670491799,-4.21706670491799,-1884.5608132943798,-18.8456081329438,7.2792792792792795,115,107,-2.703277973320296,-1.513788731597693,115,107,0,449.3729729729727,404,226,0
0.3,us100,M5,21307,2026-05-10 22:00:00+00:00,2026-08-21 20:55:00+00:00,221,118,103,53.39366515837104,-0.46114347112017473,-0.002086622041267759,0.9959098418805488,-46.11434711201758,-0.46114347112017584,-1631.0184945165165,-16.310184945165165,7.049773755656108,114,107,-2.488806321060836,2.0276628499406595,119,102,0,439.2135746606351,404,225,0
0.4,us100,M5,21307,2026-05-10 22:00:00+00:00,2026-08-21 20:55:00+00:00,221,120,101,54.29864253393665,7.769781685585951,0.03515738319269661,1.0731878937592483,776.9781685585954,7.769781685585954,-1293.8494269820676,-12.938494269820676,6.909502262443439,114,107,2.3369494843735574,5.432832201212394,121,100,0,432.0461538461544,404,224,0
0.5,us100,M5,21307,2026-05-10 22:00:00+00:00,2026-08-21 20:55:00+00:00,222,124,98,55.85585585585585,13.38905952659491,0.06031107894862572,1.128692773200292,1338.905952659491,13.38905952659491,-1095.8506103518394,-10.958506103518394,6.612612612612613,115,107,4.7719769676472685,8.617082558947642,125,97,0,423.0833333333344,404,224,0
0.75,us100,M5,21307,2026-05-10 22:00:00+00:00,2026-08-21 20:55:00+00:00,223,132,91,59.19282511210763,25.65420993093895,0.11504130013873969,1.2583204988499088,2565.4209930938946,25.654209930938947,-954.8714074572636,-9.548714074572635,6.609865470852018,116,107,13.067819213216003,12.586390717722946,135,88,0,413.04147982062756,404,225,0
1.0,us100,M5,21307,2026-05-10 22:00:00+00:00,2026-08-21 20:55:00+00:00,212,137,75,64.62264150943396,46.33269237215132,0.21855043571769492,1.5626439585522425,4633.269237215132,46.33269237215132,-743.3921796941704,-7.433921796941704,6.367924528301887,113,99,23.617721970046603,22.714970402104722,137,75,0,404.34433962264245,404,213,0
0.0,us100,M15,21857,2025-09-30 21:00:00+00:00,2026-08-21 20:45:00+00:00,183,107,76,58.46994535519126,22.384988037444558,0.12232233900242928,1.2807454200977542,2238.4988037444564,22.384988037444565,-1389.530096034161,-13.895300960341611,5.1530054644808745,112,71,10.513573892708958,11.871414144735603,108,75,0,472.43169398907105,466,188,0
0.1,us100,M15,21857,2025-09-30 21:00:00+00:00,2026-08-21 20:45:00+00:00,187,112,75,59.893048128342244,28.356120621868133,0.15163700867309163,1.3621998126603836,2835.612062186813,28.35612062186813,-1001.7709829342148,-10.017709829342147,4.957219251336898,113,74,15.227120492159587,13.129000129708551,112,75,0,470.6844919786094,466,192,0
0.2,us100,M15,21857,2025-09-30 21:00:00+00:00,2026-08-21 20:45:00+00:00,191,117,74,61.25654450261781,33.60403294752851,0.17593734527501836,1.4328564650609688,3360.4032947528503,33.60403294752851,-1016.2583136134399,-10.1625831361344,4.680628272251309,115,76,20.86150957481493,12.742523372713569,117,74,0,465.83246073298324,466,196,0
0.3,us100,M15,21857,2025-09-30 21:00:00+00:00,2026-08-21 20:45:00+00:00,192,119,73,61.979166666666664,36.290012538197736,0.18901048196977988,1.4737026316488262,3629.0012538197734,36.290012538197736,-1035.1685673811207,-10.351685673811208,4.65625,115,77,20.42241514112039,15.867597397077347,119,73,0,457.0322916666676,466,197,0
0.4,us100,M15,21857,2025-09-30 21:00:00+00:00,2026-08-21 20:45:00+00:00,196,122,74,62.244897959183675,37.32305372582077,0.19042374349908556,1.4780927413254026,3732.305372582077,37.32305372582077,-1006.0856481964292,-10.060856481964292,4.413265306122449,117,79,23.75196328566815,13.57109044015261,122,74,0,450.2969387755104,466,201,0
0.5,us100,M15,21857,2025-09-30 21:00:00+00:00,2026-08-21 20:45:00+00:00,197,125,72,63.45177664974619,42.207525239193245,0.21425139715326522,1.55287083569889,4220.752523919323,42.20752523919323,-1056.1217016514183,-10.561217016514183,4.284263959390863,118,79,29.56970718029598,12.637818058897265,126,71,0,437.33756345177693,466,201,0
0.75,us100,M15,21857,2025-09-30 21:00:00+00:00,2026-08-21 20:45:00+00:00,199,132,67,66.33165829145729,53.84218668115371,0.27056375216660156,1.7581587160743979,5384.218668115373,53.84218668115373,-873.5627944121097,-8.735627944121097,4.055276381909548,116,83,37.27310203666959,16.56908464448411,133,66,0,421.69472361809017,466,203,0
1.0,us100,M15,21857,2025-09-30 21:00:00+00:00,2026-08-21 20:45:00+00:00,196,133,63,67.85714285714286,51.77611577708218,0.26416385600552134,1.7124955549385517,5177.611577708218,51.776115777082175,-705.1079424985473,-7.051079424985474,4.3520408163265305,115,81,35.24240868378471,16.533707093297483,134,62,0,395.93367346938714,466,202,0
0.0,us100,H1,21841,2023-01-02 23:00:00+00:00,2026-08-21 20:00:00+00:00,144,79,65,54.861111111111114,7.56107377951575,0.05250745680219271,1.1103051342516264,756.107377951575,7.561073779515751,-793.5734430101729,-7.935734430101729,4.395833333333333,99,45,4.589192654625037,2.9718811248907153,79,65,0,559.4930555555553,543,147,0
0.1,us100,H1,21841,2023-01-02 23:00:00+00:00,2026-08-21 20:00:00+00:00,148,80,68,54.054054054054056,3.3031234698876872,0.022318401823565454,1.044855470222083,330.3123469887688,3.303123469887688,-967.3259501031316,-9.673259501031316,4.027027027027027,100,48,3.9910116563408327,-0.6878881864531432,80,68,0,552.0432432432423,543,151,0
0.2,us100,H1,21841,2023-01-02 23:00:00+00:00,2026-08-21 20:00:00+00:00,148,83,65,56.08108108108109,11.537619488915825,0.07795688843862043,1.1693811125300464,1153.7619488915825,11.537619488915825,-840.6536098514043,-8.406536098514044,3.8716216216216215,99,49,8.408015051878866,3.1296044370369582,83,65,0,544.8094594594588,543,151,0
0.3,us100,H1,21841,2023-01-02 23:00:00+00:00,2026-08-21 20:00:00+00:00,151,85,66,56.29139072847682,10.838534799880897,0.07177837615815164,1.153262659867114,1083.8534799880897,10.838534799880897,-905.7342618445527,-9.057342618445526,3.9205298013245033,101,50,7.097347457038632,3.741187342842264,86,65,0,531.5993377483445,543,154,0
0.4,us100,H1,21841,2023-01-02 23:00:00+00:00,2026-08-21 20:00:00+00:00,150,85,65,56.666666666666664,9.693472984813205,0.06462315323208803,1.1355132445681668,969.3472984813206,9.693472984813207,-1180.046012095363,-11.80046012095363,4.02,100,50,5.815848332013438,3.877624652799769,85,65,0,519.7600000000001,543,153,0
0.5,us100,H1,21841,2023-01-02 23:00:00+00:00,2026-08-21 20:00:00+00:00,151,85,66,56.29139072847682,11.649405957911112,0.07714838382722591,1.167981751350526,1164.9405957911113,11.649405957911114,-921.1602750434213,-9.211602750434214,4.185430463576159,100,51,11.468910362590211,0.18049559532090054,86,65,0,513.794701986754,543,154,0
0.75,us100,H1,21841,2023-01-02 23:00:00+00:00,2026-08-21 20:00:00+00:00,156,94,62,60.256410256410255,23.734703797282442,0.15214553716206694,1.3596088229400303,2373.4703797282446,23.734703797282446,-902.5618359839027,-9.025618359839028,4.089743589743589,103,53,19.904403589184057,3.8303002080983863,94,62,0,502.1682692307694,543,159,0
1.0,us100,H1,21841,2023-01-02 23:00:00+00:00,2026-08-21 20:00:00+00:00,154,100,54,64.93506493506493,38.56365501320024,0.25041334424156,1.6861996303473632,3856.3655013200237,38.56365501320024,-425.33527008953934,-4.253352700895394,3.8506493506493507,100,54,27.38609279733453,11.177562215865715,101,53,0,485.8441558441553,543,157,0
0.0,us100,H4,14187,2017-04-30 22:00:00+00:00,2026-08-21 17:00:00+00:00,93,48,45,51.61290322580645,-1.036966001574351,-0.011150172059939257,0.9781620403156902,-103.69660015743513,-1.0369660015743514,-882.457996602976,-8.82457996602976,5.354838709677419,71,22,1.7484730805157245,-2.785439082090076,48,45,0,606.5913978494617,440,96,0
0.1,us100,H4,14187,2017-04-30 22:00:00+00:00,2026-08-21 17:00:00+00:00,94,48,46,51.06382978723404,-3.210935346685426,-0.034158886666866235,0.9351967501366328,-321.09353466854265,-3.2109353466854262,-956.9133277834062,-9.569133277834062,5.627659574468085,70,24,1.9513432717342765,-5.162278618419703,48,46,0,599.0212765957438,440,98,0
0.2,us100,H4,14187,2017-04-30 22:00:00+00:00,2026-08-21 17:00:00+00:00,94,50,44,53.191489361702125,-4.2092485465430425,-0.044779239856840874,0.9193217764622686,-420.92485465430445,-4.209248546543044,-1311.5995303721356,-13.115995303721355,5.574468085106383,71,23,-0.035694105809043974,-4.1735544407340015,50,44,0,595.9489361702124,440,98,0
0.3,us100,H4,14187,2017-04-30 22:00:00+00:00,2026-08-21 17:00:00+00:00,95,50,45,52.63157894736842,0.4630620508948998,0.00487433737784105,1.0096645427502526,46.306205089490206,0.46306205089490204,-710.4811440543235,-7.104811440543235,5.536842105263158,71,24,6.278195250513151,-5.815133199618253,51,44,0,596.0347368421054,440,99,0
0.4,us100,H4,14187,2017-04-30 22:00:00+00:00,2026-08-21 17:00:00+00:00,95,50,45,52.63157894736842,0.9348001535783124,0.009840001616613815,1.0197283116422595,93.48001535783109,0.9348001535783109,-663.5377511132701,-6.635377511132701,5.515789473684211,71,24,5.7352504632520995,-4.800450309673788,50,45,0,590.8736842105262,440,99,0
0.5,us100,H4,14187,2017-04-30 22:00:00+00:00,2026-08-21 17:00:00+00:00,95,51,44,53.68421052631579,2.019550514796369,0.021258426471540724,1.042779003411841,201.95505147963678,2.019550514796368,-837.199583842721,-8.37199583842721,5.831578947368421,71,24,7.058850036087124,-5.039299521290754,51,44,0,585.3684210526322,440,100,0
0.75,us100,H4,14187,2017-04-30 22:00:00+00:00,2026-08-21 17:00:00+00:00,94,54,40,57.446808510638306,10.430781404350892,0.11096575962075417,1.2521673923255205,1043.0781404350894,10.430781404350894,-893.738444208786,-8.93738444208786,5.73404255319149,74,20,10.942852837703976,-0.5120714333530841,54,40,0,595.164893617022,440,98,0
1.0,us100,H4,14187,2017-04-30 22:00:00+00:00,2026-08-21 17:00:00+00:00,97,61,36,62.88659793814433,21.13398025152547,0.2178760850672729,1.5647870640795547,2113.398025152547,21.133980251525468,-678.0479844429865,-6.780479844429865,5.185567010309279,74,23,18.686472262943905,2.4475079885815667,61,36,0,572.8969072164946,440,101,0
0.0,us100,D1,2897,2015-04-20 00:00:00+00:00,2026-08-21 00:00:00+00:00,15,8,7,53.333333333333336,-0.8033164805500415,-0.05355443203666943,0.906914266620982,-80.33164805500414,-0.8033164805500413,-466.7558832305349,-4.667558832305349,1.9333333333333333,13,2,2.7180206460502423,-3.5213371266002844,8,7,0,662.5333333333323,95,15,0
0.1,us100,D1,2897,2015-04-20 00:00:00+00:00,2026-08-21 00:00:00+00:00,15,9,6,60.0,2.6450978885352825,0.1763398592356855,1.429523207422981,264.50978885352833,2.6450978885352834,-210.2506074235098,-2.1025060742350976,1.8,13,2,2.6837849384605175,-0.03868704992523475,9,6,0,676.5866666666656,95,15,0
0.2,us100,D1,2897,2015-04-20 00:00:00+00:00,2026-08-21 00:00:00+00:00,16,10,6,62.5,3.503679002659033,0.21897993766618956,1.55844421905497,350.36790026590336,3.503679002659034,-217.77245729545575,-2.1777245729545576,1.6875,13,3,2.5613354892288323,0.9423435134302012,10,6,0,633.9000000000004,95,16,0
0.3,us100,D1,2897,2015-04-20 00:00:00+00:00,2026-08-21 00:00:00+00:00,16,10,6,62.5,3.5578244601914184,0.22236402876196365,1.5731727723663098,355.78244601914184,3.557824460191419,-108.50822461713142,-1.085082246171314,1.8125,13,3,2.6203830057015263,0.9374414544898921,10,6,0,641.0312500000003,95,16,0
0.4,us100,D1,2897,2015-04-20 00:00:00+00:00,2026-08-21 00:00:00+00:00,16,11,5,68.75,-31.887551294877564,-1.9929719559298478,0.2514999439985057,-3188.755129487756,-31.887551294877564,-3850.0000000886757,-38.50000000088676,1.625,13,3,-32.81902725610463,0.9314759612270717,11,5,0,590.6250000000011,95,16,0
0.5,us100,D1,2897,2015-04-20 00:00:00+00:00,2026-08-21 00:00:00+00:00,16,11,5,68.75,5.5555125827142415,0.3472195364196401,2.0819460995979404,555.5512582714241,5.555512582714241,-205.83409257963285,-2.0583409257963288,1.5625,12,4,5.646838910263883,-0.0913263275496412,11,5,0,612.2187499999995,95,16,0
0.75,us100,D1,2897,2015-04-20 00:00:00+00:00,2026-08-21 00:00:00+00:00,19,13,6,68.42105263157895,3.580017544220488,0.18842197601160462,1.4045274279710798,358.00175442204886,3.580017544220489,-387.5076056161506,-3.875076056161506,1.4210526315789473,15,4,3.7059912398252743,-0.125973695604786,13,6,0,525.9473684210512,95,19,0
1.0,us100,D1,2897,2015-04-20 00:00:00+00:00,2026-08-21 00:00:00+00:00,19,15,4,78.94736842105263,9.637965879760268,0.5072613620926457,3.311668225951219,963.796587976027,9.63796587976027,-110.34482758620834,-1.1034482758620834,1.3157894736842106,15,4,9.858398964572961,-0.22043308481269264,15,4,0,509.9999999999976,95,19,0
0.0,us30,M1,25717,2026-08-09 22:00:00+00:00,2026-09-03 05:37:00+00:00,85,35,50,41.17647058823529,-23.678931847103478,-0.27857566878945267,0.5742743147295604,-2367.893184710348,-23.67893184710348,-2578.1540856109514,-25.781540856109515,16.31764705882353,44,41,-14.557975420267315,-9.120956426836166,35,50,0,288.51764705882283,133,88,0
0.1,us30,M1,25717,2026-08-09 22:00:00+00:00,2026-09-03 05:37:00+00:00,85,35,50,41.17647058823529,-24.150625556672733,-0.28412500654909095,0.5689915550524189,-2415.062555667272,-24.150625556672722,-2624.1851735134132,-26.24185173513413,15.51764705882353,44,41,-14.704104066980747,-9.446521489691978,35,50,0,282.6811764705909,133,88,0
0.2,us30,M1,25717,2026-08-09 22:00:00+00:00,2026-09-03 05:37:00+00:00,85,37,48,43.529411764705884,-20.826204968548236,-0.24501417610056747,0.6162176132560068,-2082.620496854824,-20.82620496854824,-2348.451923173592,-23.48451923173592,14.894117647058824,44,41,-10.87326815211841,-9.952936816429824,37,48,0,276.8447058823555,133,88,0
0.3,us30,M1,25717,2026-08-09 22:00:00+00:00,2026-09-03 05:37:00+00:00,85,37,48,43.529411764705884,-22.05234237659694,-0.25943932207761106,0.6020065737576118,-2205.234237659695,-22.052342376596947,-2468.2100693630455,-24.682100693630453,14.858823529411765,44,41,-11.076812397064375,-10.975529979532569,37,48,0,271.0082352941142,133,88,0
0.4,us30,M1,25717,2026-08-09 22:00:00+00:00,2026-09-03 05:37:00+00:00,85,42,43,49.411764705882355,-15.123236886673444,-0.17792043396086404,0.714324854533265,-1512.3236886673435,-15.123236886673435,-1807.4325969415477,-18.07432596941548,14.011764705882353,44,41,-5.338775316943236,-9.784461569730201,42,43,0,267.61882352940773,133,87,0
0.5,us30,M1,25717,2026-08-09 22:00:00+00:00,2026-09-03 05:37:00+00:00,84,45,39,53.57142857142857,-7.711648693376391,-0.09180534158781418,0.8395914394203675,-771.1648693376393,-7.711648693376392,-1157.4694382065409,-11.57469438206541,13.654761904761905,44,40,-1.7240081539857086,-5.987640539390683,45,39,0,265.68452380952294,133,85,0
0.75,us30,M1,25717,2026-08-09 22:00:00+00:00,2026-09-03 05:37:00+00:00,82,48,34,58.536585365853654,3.243918319555942,0.03955997950677978,1.0825645553620875,324.39183195559445,3.2439183195559447,-534.3796390082807,-5.343796390082807,13.573170731707316,43,39,3.518899627318197,-0.2749813077622534,48,34,0,259.43292682927165,133,83,0
1.0,us30,M1,25717,2026-08-09 22:00:00+00:00,2026-09-03 05:37:00+00:00,79,48,31,60.75949367088608,7.010592613185963,0.08874167864792358,1.2011943168816237,701.0592613185962,7.0105926131859615,-547.1062457662174,-5.471062457662175,16.949367088607595,42,37,5.909241337996126,1.1013512751898364,48,31,0,256.8227848101277,133,82,0
0.0,us30,M5,21299,2026-05-10 22:00:00+00:00,2026-08-21 20:55:00+00:00,165,93,72,56.36363636363636,9.843146806980956,0.05965543519382398,1.1276707570878421,984.3146806980951,9.84314680698095,-980.0515931563423,-9.800515931563423,6.624242424242424,94,71,3.1342030351173715,6.708943771863587,94,71,0,444.9393939393944,323,170,0
0.1,us30,M5,21299,2026-05-10 22:00:00+00:00,2026-08-21 20:55:00+00:00,166,93,73,56.024096385542165,7.6263201403081755,0.04594168759221792,1.0965136406975056,762.6320140308179,7.626320140308179,-1054.7235767946204,-10.547235767946205,6.698795180722891,94,72,2.080961994940186,5.545358145367992,94,72,0,435.9933734939762,323,171,0
0.2,us30,M5,21299,2026-05-10 22:00:00+00:00,2026-08-21 20:55:00+00:00,167,94,73,56.287425149700596,6.812956711293688,0.04079614797181849,1.0847355143435295,681.2956711293682,6.8129567112936815,-1079.4204269355887,-10.794204269355886,6.706586826347305,95,72,1.4048209650623347,5.40813574623135,95,72,0,430.5005988023974,323,172,0
0.3,us30,M5,21299,2026-05-10 22:00:00+00:00,2026-08-21 20:55:00+00:00,170,101,69,59.411764705882355,14.343317143702267,0.08437245378648392,1.1819732577643334,1434.3317143702266,14.343317143702267,-1321.6639513708233,-13.216639513708234,6.370588235294117,95,75,2.280014592757729,12.063302550944544,102,68,0,423.550588235292,323,174,0
0.4,us30,M5,21299,2026-05-10 22:00:00+00:00,2026-08-21 20:55:00+00:00,170,101,69,59.411764705882355,7.191089793262567,0.04230052819566216,1.0832433469157934,719.1089793262572,7.191089793262573,-2040.7598041694637,-20.407598041694637,6.235294117647059,95,75,-6.634568462652636,13.825658255915206,103,67,0,411.1929411764731,323,174,0
0.5,us30,M5,21299,2026-05-10 22:00:00+00:00,2026-08-21 20:55:00+00:00,167,103,64,61.67664670658682,25.7156075889877,0.1539856741855551,1.3723620354072115,2571.56075889877,25.715607588987698,-717.9229090438112,-7.179229090438112,6.149700598802395,92,75,12.191478564308099,13.524129024679597,103,64,0,406.0538922155688,323,171,0
0.75,us30,M5,21299,2026-05-10 22:00:00+00:00,2026-08-21 20:55:00+00:00,170,108,62,63.52941176470588,29.6924659231343,0.17466156425373117,1.4287920984806355,2969.2465923134305,29.692465923134304,-875.5037580646549,-8.75503758064655,6.847058823529411,92,78,9.408173203781347,20.284292719352962,110,60,0,398.2588235294157,323,173,0
1.0,us30,M5,21299,2026-05-10 22:00:00+00:00,2026-08-21 20:55:00+00:00,164,111,53,67.6829268292683,41.50155485616946,0.2530582613181065,1.6974445745657576,4150.155485616947,41.50155485616947,-470.81004860872235,-4.708100486087224,6.560975609756097,87,77,22.665705120574955,18.83584973559452,114,50,0,383.8780487804877,323,167,0
0.0,us30,M15,21855,2025-09-30 21:00:00+00:00,2026-08-21 20:45:00+00:00,164,80,84,48.78048780487805,-12.463659563461746,-0.07599792416744967,0.8575087969823266,-1246.3659563461742,-12.463659563461743,-2589.5593744610287,-25.895593744610284,4.615853658536586,86,78,-2.467895711429389,-9.995763852032356,81,83,0,479.3719512195125,454,166,0
0.1,us30,M15,21855,2025-09-30 21:00:00+00:00,2026-08-21 20:45:00+00:00,168,85,83,50.595238095238095,-7.802525558837338,-0.04644360451688892,0.9106505854033282,-780.2525558837341,-7.802525558837341,-2161.1921295450884,-21.611921295450884,4.523809523809524,87,81,0.17602733652046432,-7.978552895357802,86,82,0,473.0095238095245,454,170,0
0.2,us30,M15,21855,2025-09-30 21:00:00+00:00,2026-08-21 20:45:00+00:00,170,88,82,51.76470588235295,-6.012924152325025,-0.03537014207250015,0.9317266012585512,-601.2924152325028,-6.012924152325027,-2051.602732368683,-20.51602732368683,4.4,88,82,3.05015332801898,-9.063077480344006,89,81,0,464.4882352941191,454,172,0
0.3,us30,M15,21855,2025-09-30 21:00:00+00:00,2026-08-21 20:45:00+00:00,172,90,82,52.32558139534884,-9.981625914060317,-0.05803270880267626,0.8931055410926926,-998.1625914060314,-9.981625914060315,-2050.886473917144,-20.50886473917144,4.226744186046512,91,81,1.3786636701223383,-11.360289584182652,91,81,0,456.10930232558405,454,174,0
0.4,us30,M15,21855,2025-09-30 21:00:00+00:00,2026-08-21 20:45:00+00:00,173,93,80,53.75722543352601,-0.14441485116220498,-0.0008347679257930924,0.9983033218902126,-14.44148511622052,-0.1444148511622052,-1757.9324938811642,-17.57932493881164,4.121387283236994,91,82,3.3330759977618483,-3.477490848924054,93,80,0,450.3526011560668,454,175,0
0.5,us30,M15,21855,2025-09-30 21:00:00+00:00,2026-08-21 20:45:00+00:00,176,96,80,54.54545454545454,3.580814041818188,0.020345534328512434,1.0421020827279495,358.08140418181915,3.5808140418181913,-1748.9850276585294,-17.489850276585294,4.034090909090909,93,83,6.567564407733744,-2.986750365915553,97,79,0,443.36647727272725,454,178,0
0.75,us30,M15,21855,2025-09-30 21:00:00+00:00,2026-08-21 20:45:00+00:00,176,98,78,55.68181818181818,4.705735061025837,0.02673713102855589,1.0551663475938557,470.57350610258413,4.705735061025841,-1722.0007328981537,-17.220007328981538,3.835227272727273,96,80,8.190708195452663,-3.4849731344268227,100,76,0,413.2173295454558,454,178,0
1.0,us30,M15,21855,2025-09-30 21:00:00+00:00,2026-08-21 20:45:00+00:00,167,105,62,62.874251497005986,26.33008254683985,0.15766516495113683,1.3812553640811025,2633.008254683985,26.33008254683985,-1772.03452943925,-17.7203452943925,3.658682634730539,91,76,14.177029192868652,12.153053353971197,106,61,0,402.6526946107812,454,169,0
0.0,us30,H1,21841,2023-01-02 23:00:00+00:00,2026-08-21 20:00:00+00:00,129,76,53,58.91472868217055,16.73876791376961,0.12975789080441558,1.2993667692938784,1673.8767913769607,16.738767913769607,-991.321780756758,-9.91321780756758,2.875968992248062,79,50,15.438494924374618,1.3002729893949885,76,53,0,574.6124031007757,601,131,0
0.1,us30,H1,21841,2023-01-02 23:00:00+00:00,2026-08-21 20:00:00+00:00,131,78,53,59.541984732824424,17.734337001466788,0.13537661833180753,1.313015652496713,1773.4337001466788,17.734337001466788,-676.4135379608251,-6.764135379608251,2.8091603053435112,81,50,14.322219218853734,3.412117782613061,78,53,0,559.6244274809153,601,133,0
0.2,us30,H1,21841,2023-01-02 23:00:00+00:00,2026-08-21 20:00:00+00:00,130,79,51,60.76923076923077,19.902232264800524,0.15309409434461943,1.3604675598947034,1990.2232264800527,19.902232264800528,-576.3939005108259,-5.763939005108258,2.8461538461538463,82,48,14.1787726048378,5.723459659962722,79,51,0,549.689230769231,601,132,0
0.3,us30,H1,21841,2023-01-02 23:00:00+00:00,2026-08-21 20:00:00+00:00,135,83,52,61.48148148148148,22.46611462019925,0.16641566385332776,1.4000467132137318,2246.611462019925,22.46611462019925,-601.3551906943994,-6.013551906943994,2.8296296296296295,86,49,15.92865269675457,6.537461923444681,83,52,0,557.8207407407428,601,137,0
0.4,us30,H1,21841,2023-01-02 23:00:00+00:00,2026-08-21 20:00:00+00:00,138,86,52,62.31884057971014,24.08401008819075,0.17452181223326632,1.4168013561123074,2408.401008819075,24.084010088190748,-466.1574700799665,-4.661574700799665,2.869565217391304,87,51,15.824679526960152,8.259330561230598,87,51,0,554.8927536231895,601,140,0
0.5,us30,H1,21841,2023-01-02 23:00:00+00:00,2026-08-21 20:00:00+00:00,140,87,53,62.142857142857146,26.127834612668224,0.18662739009048732,1.4630895715551275,2612.783461266822,26.12783461266822,-511.39222501187396,-5.11392225011874,2.95,86,54,19.5737134505538,6.554121162114416,87,53,0,547.0642857142868,601,142,0
0.75,us30,H1,21841,2023-01-02 23:00:00+00:00,2026-08-21 20:00:00+00:00,148,97,51,65.54054054054053,7.015998249680429,0.04740539357892182,1.08389430888654,701.5998249680433,7.0159982496804325,-2895.755150787538,-28.95755150787538,2.574324324324324,90,58,1.0177309395147531,5.998267310165682,97,51,0,512.8209459459449,601,150,0
1.0,us30,H1,21841,2023-01-02 23:00:00+00:00,2026-08-21 20:00:00+00:00,153,105,48,68.62745098039215,30.47064213424381,0.1991545237532275,1.4607630528924134,3047.064213424381,30.470642134243807,-1760.1276747119282,-17.601276747119282,2.2745098039215685,89,64,24.391646417193034,6.078995717050774,107,46,0,511.34640522875617,601,155,0
0.0,us30,H4,14102,2017-04-30 22:00:00+00:00,2026-08-21 17:00:00+00:00,35,16,19,45.714285714285715,-4.507979533752486,-0.12879941525007105,0.7713290725648578,-450.79795337524877,-4.507979533752487,-695.23819096015,-6.952381909601499,1.6,30,5,-3.1903694541076777,-1.3176100796448091,16,19,0,587.114285714284,423,35,0
0.1,us30,H4,14102,2017-04-30 22:00:00+00:00,2026-08-21 17:00:00+00:00,37,17,20,45.94594594594595,-4.81803014473816,-0.1302170309388692,0.7699435471173952,-481.803014473816,-4.8180301447381595,-671.1365661890413,-6.711365661890413,1.4594594594594594,32,5,-3.400351063254474,-1.4176790814836862,17,20,0,554.4810810810806,423,37,0
0.2,us30,H4,14102,2017-04-30 22:00:00+00:00,2026-08-21 17:00:00+00:00,37,17,20,45.94594594594595,-4.9801261712179485,-0.13459800462751212,0.7631385580765818,-498.0126171217949,-4.9801261712179485,-798.2123351841656,-7.982123351841655,1.3783783783783783,31,6,-2.4381675600722863,-2.541958611145664,17,20,0,550.318918918917,423,37,0
0.3,us30,H4,14102,2017-04-30 22:00:00+00:00,2026-08-21 17:00:00+00:00,38,20,18,52.63157894736842,-0.21119479482825276,-0.00555775775863823,0.9888826258112614,-21.119479482825255,-0.21119479482825257,-594.9729648751763,-5.949729648751764,1.263157894736842,31,7,1.2602281161054318,-1.4714229109336845,20,18,0,541.797368421057,423,38,0
0.4,us30,H4,14102,2017-04-30 22:00:00+00:00,2026-08-21 17:00:00+00:00,42,21,21,50.0,-2.4032206394904856,-0.05721953903548775,0.8905495461775064,-240.3220639490487,-2.403220639490487,-616.7385717084198,-6.167385717084199,1.4523809523809523,32,10,2.234073057705613,-4.6372936971961005,21,21,0,554.771428571427,423,42,0
0.5,us30,H4,14102,2017-04-30 22:00:00+00:00,2026-08-21 17:00:00+00:00,46,24,22,52.17391304347826,-1.1438234706757318,-0.024865727623385472,0.950705167419655,-114.38234706757336,-1.1438234706757338,-656.7984997828498,-6.567984997828498,1.3478260869565217,35,11,2.7202871666158117,-3.864110637291544,24,22,0,536.097826086954,423,46,0
0.75,us30,H4,14102,2017-04-30 22:00:00+00:00,2026-08-21 17:00:00+00:00,46,23,23,50.0,-5.755587852831122,-0.12512147506154614,0.7895723968814033,-575.5587852831122,-5.755587852831122,-991.7646725619743,-9.917646725619743,1.4782608695652173,35,11,-0.2743105439652226,-5.4812773088659,24,22,0,485.9673913043488,423,46,0
1.0,us30,H4,14102,2017-04-30 22:00:00+00:00,2026-08-21 17:00:00+00:00,38,25,13,65.78947368421053,9.341233851912975,0.24582194347139408,1.661476362389449,934.1233851912971,9.341233851912971,-253.14083537660736,-2.5314083537660736,1.368421052631579,30,8,11.610919565371097,-2.2696857134581228,25,13,0,535.473684210529,423,38,0
0.0,us30,D1,2403,2017-05-01 00:00:00+00:00,2026-08-21 00:00:00+00:00,4,2,2,50.0,-0.14234015994997362,-0.035585039987493405,0.9314859882462364,-14.234015994997407,-0.14234015994997407,-102.19780219780296,-1.0219780219780297,1.0,2,2,-0.09266130694702024,-0.049678853002953716,2,2,0,632.7499999999964,92,4,0
0.1,us30,D1,2403,2017-05-01 00:00:00+00:00,2026-08-21 00:00:00+00:00,5,2,3,40.0,-1.2269276860474472,-0.24538553720948944,0.610840973347346,-122.69276860474467,-1.2269276860474467,-104.46129823778574,-1.0446129823778574,1.0,3,2,-1.154515806818266,-0.07241187922918091,2,3,0,468.26000000000204,92,5,0
0.2,us30,D1,2403,2017-05-01 00:00:00+00:00,2026-08-21 00:00:00+00:00,4,2,2,50.0,-0.6234780419511118,-0.15586951048777795,0.7541987272918792,-62.347804195111195,-0.6234780419511119,-145.45454545452958,-1.4545454545452958,1.0,2,2,-0.1350457693780185,-0.4884322725730933,2,2,0,313.75,92,4,0
0.3,us30,D1,2403,2017-05-01 00:00:00+00:00,2026-08-21 00:00:00+00:00,4,3,1,75.0,1.7653621178384715,0.4413405294596179,2.593967737465792,176.53621178384716,1.7653621178384717,0.0,0.0,1.0,2,2,-0.17516299940728386,1.9405251172457554,3,1,0,485.92499999997017,92,4,0
0.4,us30,D1,2403,2017-05-01 00:00:00+00:00,2026-08-21 00:00:00+00:00,6,3,3,50.0,-0.3640535975300886,-0.060675599588348096,0.8861760496738963,-36.40535975300885,-0.3640535975300885,-204.21418717201595,-2.0421418717201596,1.0,4,2,-2.291588516640939,1.9275349191108502,3,3,0,565.7666666666531,92,6,0
0.5,us30,D1,2403,2017-05-01 00:00:00+00:00,2026-08-21 00:00:00+00:00,7,3,4,42.857142857142854,-1.620220025248904,-0.2314600036069863,0.6296604385510879,-162.0220025248905,-1.620220025248905,-308.92437093483386,-3.0892437093483385,1.0,5,2,-3.524770729144957,1.904550703896053,3,4,0,449.3571428571574,92,7,0
0.75,us30,D1,2403,2017-05-01 00:00:00+00:00,2026-08-21 00:00:00+00:00,3,1,2,33.33333333333333,-1.1418998884304425,-0.38063329614348085,0.4440832405059845,-114.18998884304426,-1.1418998884304425,-102.64026402640229,-1.026402640264023,1.0,2,1,-2.0540843011636802,0.9121844127332377,1,2,0,569.2499999999806,92,3,0
1.0,us30,D1,2403,2017-05-01 00:00:00+00:00,2026-08-21 00:00:00+00:00,5,3,2,60.0,0.447862570639865,0.089572514127973,1.207148426677111,44.78625706398651,0.4478625706398651,-112.5,-1.125,1.0,4,1,-0.2346771118995975,0.6825396825394625,3,2,0,400.99999999998545,92,5,0
0.0,us500,M1,25481,2026-08-09 22:00:00+00:00,2026-09-03 05:36:00+00:00,0,0,0,,0.0,,,0.0,0.0,0.0,0.0,,0,0,0.0,0.0,0,0,0,,0,0,0
0.1,us500,M1,25481,2026-08-09 22:00:00+00:00,2026-09-03 05:36:00+00:00,0,0,0,,0.0,,,0.0,0.0,0.0,0.0,,0,0,0.0,0.0,0,0,0,,0,0,0
0.2,us500,M1,25481,2026-08-09 22:00:00+00:00,2026-09-03 05:36:00+00:00,0,0,0,,0.0,,,0.0,0.0,0.0,0.0,,0,0,0.0,0.0,0,0,0,,0,0,0
0.3,us500,M1,25481,2026-08-09 22:00:00+00:00,2026-09-03 05:36:00+00:00,0,0,0,,0.0,,,0.0,0.0,0.0,0.0,,0,0,0.0,0.0,0,0,0,,0,0,0
0.4,us500,M1,25481,2026-08-09 22:00:00+00:00,2026-09-03 05:36:00+00:00,0,0,0,,0.0,,,0.0,0.0,0.0,0.0,,0,0,0.0,0.0,0,0,0,,0,0,0
0.5,us500,M1,25481,2026-08-09 22:00:00+00:00,2026-09-03 05:36:00+00:00,0,0,0,,0.0,,,0.0,0.0,0.0,0.0,,0,0,0.0,0.0,0,0,0,,0,0,0
0.75,us500,M1,25481,2026-08-09 22:00:00+00:00,2026-09-03 05:36:00+00:00,0,0,0,,0.0,,,0.0,0.0,0.0,0.0,,0,0,0.0,0.0,0,0,0,,0,0,0
1.0,us500,M1,25481,2026-08-09 22:00:00+00:00,2026-09-03 05:36:00+00:00,0,0,0,,0.0,,,0.0,0.0,0.0,0.0,,0,0,0.0,0.0,0,0,0,,0,0,0
0.0,us500,M5,21257,2026-05-10 22:00:00+00:00,2026-08-21 20:55:00+00:00,13,5,8,38.46153846153847,-3.4564144471431275,-0.2658780343956252,0.580542204916744,-345.6414447143127,-3.4564144471431266,-623.7948611575321,-6.23794861157532,41.07692307692308,7,6,-3.237137201386288,-0.2192772457568395,5,8,0,280.2307692307694,16,13,0
0.1,us500,M5,21257,2026-05-10 22:00:00+00:00,2026-08-21 20:55:00+00:00,13,5,8,38.46153846153847,-3.4744475904887184,-0.26726519926836295,0.5790799431175456,-347.4447590488719,-3.474447590488719,-625.2197949272049,-6.252197949272049,41.07692307692308,7,6,-3.2505111346568403,-0.22393645583187816,5,8,0,275.90000000000003,16,13,0
0.2,us500,M5,21257,2026-05-10 22:00:00+00:00,2026-08-21 20:55:00+00:00,13,5,8,38.46153846153847,-3.495778087670323,-0.268906006743871,0.5773844578311028,-349.57780876703225,-3.4957780876703226,-626.9593998849487,-6.269593998849486,41.07692307692308,7,6,-3.266961980129337,-0.2288161075409859,5,8,0,271.56923076923005,16,13,0
0.3,us500,M5,21257,2026-05-10 22:00:00+00:00,2026-08-21 20:55:00+00:00,13,5,8,38.46153846153847,-3.5218479722670297,-0.2709113824820792,0.5753585482760203,-352.1847972267029,-3.5218479722670297,-629.1569094809311,-6.29156909480931,41.07692307692308,7,6,-3.2879146079690127,-0.23393336429801648,5,8,0,267.2384615384614,16,13,0
0.4,us500,M5,21257,2026-05-10 22:00:00+00:00,2026-08-21 20:55:00+00:00,13,5,8,38.46153846153847,-3.555186143865176,-0.2734758572203982,0.5728334674836352,-355.51861438651764,-3.5551861438651766,-632.0641561680077,-6.320641561680077,41.07692307692308,7,6,-3.3158787749628136,-0.23930736890236304,5,8,0,262.9076923076921,16,13,0
0.5,us500,M5,21257,2026-05-10 22:00:00+00:00,2026-08-21 20:55:00+00:00,13,5,8,38.46153846153847,-3.600696099654119,-0.27697662305031684,0.569486116794306,-360.0696099654119,-3.6006960996541193,-636.1703342693363,-6.361703342693363,41.07692307692308,7,6,-3.3557365317771977,-0.24495956787692075,5,8,0,258.5769230769242,16,13,0
0.75,us500,M5,21257,2026-05-10 22:00:00+00:00,2026-08-21 20:55:00+00:00,13,5,8,38.46153846153847,-3.9027948073312917,-0.30021498517933015,0.5489980224205209,-390.27948073312905,-3.9027948073312904,-665.1797215137376,-6.651797215137376,41.07692307692308,7,6,-3.6423211518650698,-0.26047365546622137,5,8,0,247.74999999999915,16,13,0
1.0,us500,M5,21257,2026-05-10 22:00:00+00:00,2026-08-21 20:55:00+00:00,12,5,7,41.66666666666667,-2.467699242373847,-0.2056416035311539,0.6574906009311579,-246.7699242373846,-2.467699242373846,-520.3239184369286,-5.203239184369286,44.416666666666664,6,6,-2.189334338217976,-0.2783649041558701,5,7,0,257.0833333333333,16,12,0
0.0,us500,M15,21838,2025-09-30 21:00:00+00:00,2026-08-21 20:45:00+00:00,50,20,30,40.0,-11.226734957955568,-0.22453469915911137,0.6362261361152272,-1122.6734957955568,-11.226734957955568,-1674.6226770383,-16.746226770383,32.38,26,24,-2.7060243545827856,-8.520710603372784,20,30,0,317.9999999999989,84,57,0
0.1,us500,M15,21838,2025-09-30 21:00:00+00:00,2026-08-21 20:45:00+00:00,51,21,30,41.17647058823529,-10.306933409197754,-0.20209673351368146,0.6667225646046576,-1030.6933409197757,-10.306933409197756,-1680.7352698037976,-16.807352698037974,31.96078431372549,26,25,-2.7589369212628476,-7.547996487934908,21,30,0,325.4803921568619,84,58,0
0.2,us500,M15,21838,2025-09-30 21:00:00+00:00,2026-08-21 20:45:00+00:00,51,21,30,41.17647058823529,-10.41359449178035,-0.20418812728981078,0.6642982162821089,-1041.3594491780348,-10.413594491780348,-1689.845841428547,-16.898458414285468,31.96078431372549,26,25,-2.83459814292725,-7.578996348853099,21,30,0,319.4901960784304,84,58,0
0.3,us500,M15,21838,2025-09-30 21:00:00+00:00,2026-08-21 20:45:00+00:00,51,22,29,43.13725490196079,-8.589004249897899,-0.1684118480372137,0.7153044797964346,-858.9004249897897,-8.589004249897897,-1599.6274341999597,-15.996274341999598,30.54901960784314,26,25,-0.9602162056286732,-7.628788044269223,22,29,0,313.4999999999983,84,58,0
0.4,us500,M15,21838,2025-09-30 21:00:00+00:00,2026-08-21 20:45:00+00:00,51,22,29,43.13725490196079,-8.981047384689624,-0.17609896832724753,0.7059774146497787,-898.1047384689623,-8.981047384689624,-1636.8182062393062,-16.36818206239306,29.862745098039216,26,25,-1.2445880072750504,-7.7364593774145725,22,29,0,307.5098039215676,84,58,0
0.5,us500,M15,21838,2025-09-30 21:00:00+00:00,2026-08-21 20:45:00+00:00,51,22,29,43.13725490196079,-11.536577999409795,-0.22620741175313325,0.6512840918207562,-1153.6577999409797,-11.536577999409797,-1890.0803232382768,-18.900803232382767,29.823529411764707,26,25,-3.1806377861061526,-8.355940213303644,22,29,0,301.5196078431364,84,58,0
0.75,us500,M15,21838,2025-09-30 21:00:00+00:00,2026-08-21 20:45:00+00:00,50,22,28,44.0,-7.560911316141562,-0.15121822632283125,0.7397057900287852,-756.0911316141562,-7.560911316141563,-1484.9260343743608,-14.849260343743609,29.32,26,24,-0.9956128046093398,-6.565298511532222,22,28,0,293.7200000000001,84,56,0
1.0,us500,M15,21838,2025-09-30 21:00:00+00:00,2026-08-21 20:45:00+00:00,49,25,24,51.02040816326531,-0.6381804995364624,-0.013024091827274743,0.9743633760143096,-63.81804995364635,-0.6381804995364635,-1379.4314995285986,-13.794314995285987,29.102040816326532,25,24,-0.005954723398090778,-0.6322257761383723,25,24,0,284.77551020408083,84,55,0
0.0,us500,H1,21826,2023-01-02 23:00:00+00:00,2026-08-21 20:00:00+00:00,110,58,52,52.72727272727272,4.187458545956552,0.038067804963241386,1.079370030256858,418.74585459565526,4.187458545956552,-838.807277268399,-8.38807277268399,24.554545454545455,48,62,1.26345512549101,2.9240034204655427,58,52,0,402.7272727272721,169,117,0
0.1,us500,H1,21826,2023-01-02 23:00:00+00:00,2026-08-21 20:00:00+00:00,110,59,51,53.63636363636364,6.150555852560357,0.05591414411418506,1.1188599998566406,615.0555852560356,6.150555852560355,-839.8963051299488,-8.398963051299488,24.20909090909091,48,62,3.2479172534219196,2.902638599138435,59,51,0,397.1745454545448,169,117,0
0.2,us500,H1,21826,2023-01-02 23:00:00+00:00,2026-08-21 20:00:00+00:00,110,59,51,53.63636363636364,6.110335952926793,0.05554850866297084,1.1180411812266917,611.0335952926793,6.110335952926793,-841.1439185542604,-8.411439185542603,24.181818181818183,48,62,3.2305472254695937,2.879788727457201,59,51,0,391.62181818181745,169,117,0
0.3,us500,H1,21826,2023-01-02 23:00:00+00:00,2026-08-21 20:00:00+00:00,111,60,51,54.054054054054056,7.0478616662308395,0.06349424924532288,1.1360985180156211,704.786166623084,7.0478616662308395,-842.6070595680794,-8.426070595680795,23.846846846846848,48,63,3.2107499697710544,3.837111696459787,60,51,0,385.07477477477454,169,117,0
0.4,us500,H1,21826,2023-01-02 23:00:00+00:00,2026-08-21 20:00:00+00:00,111,61,50,54.95495495495496,8.99788287943608,0.08106200792284757,1.1771390360781755,899.7882879436082,8.997882879436082,-644.3822380865204,-6.443822380865203,23.7027027027027,48,63,5.187531175892891,3.8103517035431906,61,50,0,379.5351351351352,169,117,0
0.5,us500,H1,21826,2023-01-02 23:00:00+00:00,2026-08-21 20:00:00+00:00,111,62,49,55.85585585585585,10.940332867196956,0.09856155736213473,1.2196800826537564,1094.0332867196953,10.940332867196952,-646.654188119157,-6.466541881191571,23.54054054054054,48,63,5.159010347850156,5.781322519346794,62,49,0,373.995495495495,169,117,0
0.75,us500,H1,21826,2023-01-02 23:00:00+00:00,2026-08-21 20:00:00+00:00,111,64,47,57.65765765765766,14.717268498493864,0.13258800449093572,1.3072967517173595,1471.7268498493863,14.717268498493862,-613.5096893313566,-6.135096893313566,22.92792792792793,48,63,7.003841525612558,7.7134269728813045,64,47,0,366.995495495495,169,118,0
1.0,us500,H1,21826,2023-01-02 23:00:00+00:00,2026-08-21 20:00:00+00:00,110,69,41,62.727272727272734,25.654215463916852,0.2332201405810623,1.6157161729859613,2565.421546391685,25.654215463916845,-614.6326304505856,-6.146326304505855,21.427272727272726,47,63,12.051682361568668,13.60253310234818,69,41,0,355.59090909090844,169,117,0
0.0,us500,H4,14186,2017-04-30 22:00:00+00:00,2026-08-21 17:00:00+00:00,142,82,60,57.74647887323944,19.87500390243185,0.1399648162143088,1.3260327902604627,1987.5003902431852,19.87500390243185,-931.125634615184,-9.31125634615184,12.288732394366198,90,52,18.499592216802938,1.375411685628909,82,60,0,469.33098591549293,243,149,0
0.1,us500,H4,14186,2017-04-30 22:00:00+00:00,2026-08-21 17:00:00+00:00,146,83,63,56.849315068493155,17.572672879195906,0.12036077314517744,1.2735888984672687,1757.2672879195907,17.57267287919591,-832.9073192604901,-8.3290731926049,12.616438356164384,90,56,18.23470565905787,-0.6620327798619607,83,63,0,476.01095890410994,243,153,0
0.2,us500,H4,14186,2017-04-30 22:00:00+00:00,2026-08-21 17:00:00+00:00,145,84,61,57.931034482758626,20.982469403253766,0.14470668553968113,1.3397151829789105,2098.2469403253763,20.982469403253763,-834.512428677679,-8.345124286776791,12.4,89,56,21.664436352349735,-0.681966949095969,84,61,0,471.7696551724138,243,152,0
0.3,us500,H4,14186,2017-04-30 22:00:00+00:00,2026-08-21 17:00:00+00:00,146,88,58,60.273972602739725,27.90478127355127,0.1911286388599402,1.474887672481415,2790.478127355127,27.904781273551272,-731.3474572825908,-7.313474572825908,11.91095890410959,90,56,24.610768840410795,3.294012433140474,88,58,0,463.47671232876735,243,152,0
0.4,us500,H4,14186,2017-04-30 22:00:00+00:00,2026-08-21 17:00:00+00:00,146,90,56,61.64383561643836,31.825751817882544,0.2179846014923462,1.5606690927565552,3182.5751817882547,31.825751817882548,-733.9844036943905,-7.339844036943904,11.746575342465754,90,56,26.56220024776176,5.263551570120788,90,56,0,456.0328767123291,243,152,0
0.5,us500,H4,14186,2017-04-30 22:00:00+00:00,2026-08-21 17:00:00+00:00,146,90,56,61.64383561643836,31.717038009644256,0.21723998636742642,1.55843229814377,3171.703800964426,31.71703800964426,-738.4419521572527,-7.384419521572527,11.41095890410959,90,56,26.495472117678712,5.2215658919655485,90,56,0,448.58904109589054,243,152,0
0.75,us500,H4,14186,2017-04-30 22:00:00+00:00,2026-08-21 17:00:00+00:00,145,92,53,63.44827586206897,36.19899389177627,0.24964823373638806,1.6701127982899286,3619.899389177627,36.19899389177627,-852.7811913209589,-8.52781191320959,10.820689655172414,89,56,29.43318640924485,6.76580748253142,92,53,0,433.018965517242,243,151,0
1.0,us500,H4,14186,2017-04-30 22:00:00+00:00,2026-08-21 17:00:00+00:00,145,94,51,64.82758620689654,39.97199951085789,0.2756689621438475,1.7698669824863176,3997.1999510857895,39.9719995108579,-828.9474445388805,-8.289474445388805,10.73103448275862,90,55,29.850559371053034,10.121440139804857,94,51,0,428.79310344827604,243,151,0
0.0,us500,D1,6991,1999-02-18 00:00:00+00:00,2026-08-21 00:00:00+00:00,71,36,35,50.70422535211267,-0.4868902025473163,-0.00685760848658192,0.9863924299377407,-48.689020254731616,-0.48689020254731613,-1101.2265290563537,-11.012265290563537,8.619718309859154,53,18,2.0284154449657987,-2.5153056475131157,36,35,0,424.6056338028169,151,73,0
0.1,us500,D1,6991,1999-02-18 00:00:00+00:00,2026-08-21 00:00:00+00:00,71,36,35,50.70422535211267,-0.7316657650754815,-0.01030515162078143,0.9796547385435335,-73.16657650754834,-0.7316657650754834,-1124.3225746192766,-11.243225746192765,8.366197183098592,53,18,1.8426238457799544,-2.5742896108554363,36,35,0,410.1450704225353,151,73,0
0.2,us500,D1,6991,1999-02-18 00:00:00+00:00,2026-08-21 00:00:00+00:00,72,38,34,52.77777777777778,1.4695624633520898,0.020410589768779026,1.0412460610457228,146.9562463352089,1.469562463352089,-1201.7738072959528,-12.017738072959528,7.847222222222222,53,19,1.1359633471299855,0.33359911622210436,38,34,0,398.07499999999976,151,74,0
0.3,us500,D1,6991,1999-02-18 00:00:00+00:00,2026-08-21 00:00:00+00:00,70,40,30,57.14285714285714,7.817667739505363,0.11168096770721947,1.252890139737343,781.766773950536,7.81766773950536,-760.6210400265609,-7.606210400265609,7.8428571428571425,50,20,6.619826983592496,1.1978407559128648,40,30,0,409.3857142857144,151,72,0
0.4,us500,D1,6991,1999-02-18 00:00:00+00:00,2026-08-21 00:00:00+00:00,69,40,29,57.971014492753625,7.595136990089146,0.11007444913172675,1.240884206061454,759.5136990089144,7.595136990089143,-980.301512209111,-9.80301512209111,7.63768115942029,49,20,6.649207947919425,0.9459290421697231,40,29,0,401.6985507246377,151,71,0
0.5,us500,D1,6991,1999-02-18 00:00:00+00:00,2026-08-21 00:00:00+00:00,69,40,29,57.971014492753625,8.205456573044316,0.11891966047890312,1.266210749636853,820.5456573044316,8.205456573044316,-815.5103159073315,-8.155103159073315,7.478260869565218,48,21,9.153789201076643,-0.9483326280323267,40,29,0,402.2318840579709,151,71,0
0.75,us500,D1,6991,1999-02-18 00:00:00+00:00,2026-08-21 00:00:00+00:00,68,44,24,64.70588235294117,16.517862847869477,0.24290974776278643,1.644975860338174,1651.7862847869474,16.517862847869473,-548.1196251395468,-5.481196251395468,7.0,49,19,12.92088141979176,3.5969814280777124,44,24,0,374.99632352941154,151,69,0
1.0,us500,D1,6991,1999-02-18 00:00:00+00:00,2026-08-21 00:00:00+00:00,64,43,21,67.1875,19.912262777319306,0.31112910589561416,1.8980195374227649,1991.2262777319306,19.912262777319306,-612.1793618613337,-6.121793618613338,6.65625,47,17,18.009756830629886,1.9025059466894199,43,21,0,381.671875,151,65,0
0.0,xauusd,M1,25229,2026-08-09 22:01:00+00:00,2026-09-03 05:37:00+00:00,291,142,149,48.797250859106526,-32.7240323731904,-0.11245371949549965,0.7997424980420301,-3272.4032373190407,-32.72403237319041,-4531.101292817122,-45.31101292817122,10.652920962199312,159,132,-36.93212066735366,4.208088294163248,142,149,0,409.63917525773047,509,309,0
0.1,xauusd,M1,25229,2026-08-09 22:01:00+00:00,2026-09-03 05:37:00+00:00,294,144,150,48.97959183673469,-35.2119551400893,-0.11976855489826294,0.7898193359263845,-3521.1955140089294,-35.211955140089295,-4855.968744952666,-48.55968744952666,10.428571428571429,160,134,-36.82596998042451,1.6140148403352192,144,150,0,407.5159863945562,509,312,0
0.2,xauusd,M1,25229,2026-08-09 22:01:00+00:00,2026-09-03 05:37:00+00:00,295,151,144,51.186440677966104,-20.747413477020952,-0.0703302151763422,0.8697543238708892,-2074.7413477020946,-20.747413477020945,-3594.701297112355,-35.94701297112355,10.196610169491525,161,134,-31.214553460422493,10.467139983401548,151,144,0,403.0894915254245,509,313,0
0.3,xauusd,M1,25229,2026-08-09 22:01:00+00:00,2026-09-03 05:37:00+00:00,299,160,139,53.51170568561873,-11.700544248435389,-0.03913225501148959,0.9260010519746187,-1170.0544248435378,-11.700544248435378,-2835.8168901711633,-28.358168901711633,9.963210702341136,163,136,-31.53107666678418,19.83053241834879,160,139,0,396.8387959866205,509,315,0
0.4,xauusd,M1,25229,2026-08-09 22:01:00+00:00,2026-09-03 05:37:00+00:00,299,161,138,53.84615384615385,-131.741186766689,-0.4406059758083244,0.5270655798434836,-13174.118676668902,-131.74118676668903,-14801.221648062912,-148.01221648062912,9.588628762541806,162,137,-149.42445870557668,17.683271938887692,161,138,0,390.45484949832803,509,315,0
0.5,xauusd,M1,25229,2026-08-09 22:01:00+00:00,2026-09-03 05:37:00+00:00,297,169,128,56.9023569023569,7.853963662915536,0.026444322097358707,1.0540397321782882,785.3963662915535,7.853963662915535,-1542.5189159294223,-15.425189159294222,9.074074074074074,160,137,-21.652953183268526,29.506916846184062,169,128,0,381.71717171716983,509,312,0
0.75,xauusd,M1,25229,2026-08-09 22:01:00+00:00,2026-09-03 05:37:00+00:00,296,177,119,59.797297297297305,8.424392120131415,0.02846078418963316,1.0555530302815597,842.4392120131415,8.424392120131415,-2427.5851258763487,-24.27585125876349,8.81081081081081,158,138,-19.857929987452334,28.282322107583745,177,119,0,369.2086148648637,509,310,0
1.0,xauusd,M1,25229,2026-08-09 22:01:00+00:00,2026-09-03 05:37:00+00:00,290,188,102,64.82758620689654,45.860747955035784,0.15814051018977857,1.3795515367628488,4586.074795503579,45.860747955035784,-960.6521406094125,-9.606521406094124,8.051724137931034,153,137,13.855599073852574,32.00514888118322,188,102,0,350.9551724137945,509,303,0
0.0,xauusd,M5,20564,2026-05-10 22:00:00+00:00,2026-08-21 20:40:00+00:00,233,115,118,49.35622317596567,-18.231234435491427,-0.07824564135404045,0.8558898492312272,-1823.1234435491426,-18.231234435491427,-2396.4205132001534,-23.964205132001535,4.24892703862661,98,135,-7.994396144143817,-10.236838291347611,115,118,0,538.4163090128758,536,233,0
0.1,xauusd,M5,20564,2026-05-10 22:00:00+00:00,2026-08-21 20:40:00+00:00,237,120,117,50.63291139240506,-15.28771892504811,-0.0645051431436629,0.8805553863696652,-1528.7718925048111,-15.287718925048111,-2025.3656742145704,-20.253656742145704,4.274261603375527,99,138,-7.613091880860668,-7.674627044187443,120,117,0,528.5059071729991,536,237,0
0.2,xauusd,M5,20564,2026-05-10 22:00:00+00:00,2026-08-21 20:40:00+00:00,240,123,117,51.24999999999999,-21.07258656223273,-0.08780244400930304,0.845431160008201,-2107.258656223273,-21.072586562232733,-2395.720863762921,-23.95720863762921,4.7375,100,140,-14.574918398980515,-6.497668163252216,123,117,0,522.5525000000014,536,241,0
0.3,xauusd,M5,20564,2026-05-10 22:00:00+00:00,2026-08-21 20:40:00+00:00,239,128,111,53.55648535564853,-1.0113995166358158,-0.004231797140735631,0.9915996471710753,-101.13995166358131,-1.0113995166358132,-1517.6454429211954,-15.176454429211953,4.598326359832636,100,139,-0.5145606690935329,-0.4968388475422838,128,111,0,509.45941422593785,536,240,0
0.4,xauusd,M5,20564,2026-05-10 22:00:00+00:00,2026-08-21 20:40:00+00:00,243,135,108,55.55555555555556,5.591110268658806,0.02300868423316381,1.0468113807897306,559.1110268658812,5.591110268658812,-1654.7724788520682,-16.547724788520682,4.296296296296297,102,141,-0.9927096273060858,6.583819895964899,135,108,0,501.90452674896943,536,244,0
0.5,xauusd,M5,20564,2026-05-10 22:00:00+00:00,2026-08-21 20:40:00+00:00,241,140,101,58.09128630705395,18.528968874780425,0.0768836882770972,1.1655993011204933,1852.8968874780426,18.52896887478043,-853.283814866727,-8.53283814866727,4.149377593360996,104,137,4.33881662765388,14.190152247126544,140,101,0,498.63278008299164,536,242,0
0.75,xauusd,M5,20564,2026-05-10 22:00:00+00:00,2026-08-21 20:40:00+00:00,245,152,93,62.04081632653061,34.458819148315584,0.14064824142169627,1.3226320161610403,3445.881914831558,34.45881914831558,-860.9154390371386,-8.609154390371385,3.857142857142857,108,137,15.19389977886539,19.26491936945019,153,92,0,482.2663265306145,536,247,0
1.0,xauusd,M5,20564,2026-05-10 22:00:00+00:00,2026-08-21 20:40:00+00:00,242,162,80,66.94214876033058,52.276476151878576,0.21601849649536603,1.5432034496233902,5227.647615187859,52.27647615187859,-796.7047431989449,-7.9670474319894495,3.475206611570248,108,134,26.38010965261047,25.89636649926812,163,79,0,453.67355371901175,536,244,0
0.0,xauusd,M15,21007,2025-09-30 22:00:00+00:00,2026-08-21 20:30:00+00:00,121,62,59,51.2396694214876,-5.92183476354838,-0.04894078316982132,0.9085870551374646,-592.183476354838,-5.921834763548381,-1082.271005149776,-10.822710051497761,2.5289256198347108,67,54,-2.231114828237971,-3.69071993531041,62,59,0,631.6859504132262,608,121,0
0.1,xauusd,M15,21007,2025-09-30 22:00:00+00:00,2026-08-21 20:30:00+00:00,128,65,63,50.78125,-13.818679084406458,-0.10795843034692545,0.8174860405626895,-1381.8679084406456,-13.818679084406455,-1853.9927262337442,-18.539927262337443,2.3515625,72,56,-13.273920668253858,-0.5447584161525958,66,62,0,634.6296875000032,608,128,0
0.2,xauusd,M15,21007,2025-09-30 22:00:00+00:00,2026-08-21 20:30:00+00:00,133,73,60,54.88721804511278,1.2344773097923625,0.009281784284153102,1.0181141297195537,123.44773097923621,1.234477309792362,-923.0928358772198,-9.230928358772198,2.338345864661654,74,59,5.0988218838881885,-3.8643445740958247,73,60,0,618.2360902255645,608,133,0
0.3,xauusd,M15,21007,2025-09-30 22:00:00+00:00,2026-08-21 20:30:00+00:00,135,77,58,57.03703703703704,11.780801152988545,0.08726519372584107,1.192367073301488,1178.0801152988543,11.780801152988543,-889.9846586309959,-8.899846586309959,2.3185185185185184,74,61,16.11629941187512,-4.3354982588865765,77,58,0,601.5688888888925,608,135,0
0.4,xauusd,M15,21007,2025-09-30 22:00:00+00:00,2026-08-21 20:30:00+00:00,141,84,57,59.57446808510638,16.949907628912563,0.12021211084335151,1.2714207996913889,1694.990762891256,16.949907628912563,-1166.4945565187318,-11.664945565187319,2.1843971631205674,77,64,18.70717268432559,-1.7572650554130291,84,57,0,581.7304964539056,608,141,0
0.5,xauusd,M15,21007,2025-09-30 22:00:00+00:00,2026-08-21 20:30:00+00:00,144,91,53,63.19444444444444,28.370267838779146,0.19701574888041073,1.4968769153924415,2837.0267838779146,28.370267838779146,-850.8870935641244,-8.508870935641244,2.0277777777777777,80,64,20.582234011422322,7.788033827356825,91,53,0,577.1770833333344,608,144,0
0.75,xauusd,M15,21007,2025-09-30 22:00:00+00:00,2026-08-21 20:30:00+00:00,146,100,46,68.4931506849315,41.455861298223354,0.28394425546728325,1.8100961333011014,4145.586129822336,41.45586129822336,-656.5223108505161,-6.565223108505161,1.8972602739726028,79,67,30.29429932921248,11.161561969010883,100,46,0,558.9657534246629,608,146,0
1.0,xauusd,M15,21007,2025-09-30 22:00:00+00:00,2026-08-21 20:30:00+00:00,143,104,39,72.72727272727273,53.2768056250372,0.3725650743009594,2.246736415742465,5327.680562503719,53.276805625037184,-405.71779491259804,-4.057177949125981,2.055944055944056,76,67,31.543539829185164,21.73326579585203,105,38,0,548.8251748251756,608,143,0
0.0,xauusd,H1,21516,2023-01-02 23:00:00+00:00,2026-08-21 20:00:00+00:00,138,69,69,50.0,-8.064643182253928,-0.058439443349666144,0.8896775484057478,-806.4643182253926,-8.064643182253926,-1335.2008315570074,-13.352008315570075,4.260869565217392,73,65,-3.1249100627900432,-4.939733119463884,69,69,0,596.2753623188395,618,139,0
0.1,xauusd,H1,21516,2023-01-02 23:00:00+00:00,2026-08-21 20:00:00+00:00,143,73,70,51.048951048951054,-5.801135462473722,-0.04056738085645959,0.9219742817649296,-580.1135462473724,-5.801135462473724,-1353.8924676189363,-13.538924676189362,4.048951048951049,75,68,-5.520227817085365,-0.2809076453883561,73,70,0,589.2174825174801,618,143,0
0.2,xauusd,H1,21516,2023-01-02 23:00:00+00:00,2026-08-21 20:00:00+00:00,147,77,70,52.38095238095239,-2.82092547237231,-0.019189969199811634,0.9622045884926883,-282.09254723723103,-2.82092547237231,-1380.6874171174895,-13.806874171174895,4.258503401360544,79,68,-4.173105297375184,1.3521798250028754,77,70,0,580.1469387755089,618,148,0
0.3,xauusd,H1,21516,2023-01-02 23:00:00+00:00,2026-08-21 20:00:00+00:00,152,82,70,53.94736842105263,2.113733637643222,0.013906142352915934,1.0281850764000087,211.37336376432222,2.113733637643222,-1025.7708122417243,-10.257708122417244,3.9934210526315788,82,70,-2.6014465262090427,4.7151801638522635,83,69,0,565.1368421052634,618,152,0
0.4,xauusd,H1,21516,2023-01-02 23:00:00+00:00,2026-08-21 20:00:00+00:00,155,86,69,55.483870967741936,5.1298131838013905,0.03309556892775091,1.0681971741832337,512.981318380139,5.12981318380139,-1091.8526844729531,-10.91852684472953,3.8193548387096774,84,71,2.75739741987779,2.372415763923602,86,69,0,550.8141935483866,618,155,0
0.5,xauusd,H1,21516,2023-01-02 23:00:00+00:00,2026-08-21 20:00:00+00:00,160,94,66,58.75,15.932986070411976,0.09958116294007485,1.2231311691659297,1593.2986070411976,15.932986070411975,-982.68943353947,-9.8268943353947,3.6125,88,72,7.838455447937866,8.09453062247411,95,65,0,536.6812499999985,618,160,0
0.75,xauusd,H1,21516,2023-01-02 23:00:00+00:00,2026-08-21 20:00:00+00:00,156,103,53,66.02564102564102,33.241901746620265,0.2130891137603863,1.5310354605688288,3324.190174662026,33.241901746620265,-690.1677867996059,-6.901677867996058,3.230769230769231,86,70,17.28626881376401,15.955632932856247,103,53,0,506.3173076923081,618,156,0
1.0,xauusd,H1,21516,2023-01-02 23:00:00+00:00,2026-08-21 20:00:00+00:00,159,111,48,69.81132075471697,47.10822118019526,0.29627812063015885,1.8843858699549398,4710.822118019526,47.10822118019526,-604.587788252802,-6.04587788252802,3.138364779874214,87,72,25.99094158414719,21.117279596048068,111,48,0,503.6477987421399,618,159,0
0.0,xauusd,H4,21049,2013-01-02 03:00:00+00:00,2026-08-21 18:00:00+00:00,136,65,71,47.794117647058826,-12.439915475455695,-0.09146996673129187,0.8311445886477405,-1243.9915475455696,-12.439915475455695,-2239.573467132808,-22.395734671328082,3.375,75,61,1.174882231583561,-13.614797707039253,66,70,0,633.8455882352935,647,137,0
0.1,xauusd,H4,21049,2013-01-02 03:00:00+00:00,2026-08-21 18:00:00+00:00,139,68,71,48.92086330935252,-23.21614310263491,-0.167022612249172,0.7336818363968788,-2321.6143102634906,-23.216143102634906,-3307.092223876247,-33.07092223876247,3.287769784172662,78,61,-9.33959257204591,-13.876550530588997,69,70,0,617.7251798561141,647,140,0
0.2,xauusd,H4,21049,2013-01-02 03:00:00+00:00,2026-08-21 18:00:00+00:00,142,69,73,48.59154929577465,-12.282988849309675,-0.0864999214740118,0.8404478562443893,-1228.2988849309675,-12.282988849309675,-2399.683525296664,-23.99683525296664,3.176056338028169,80,62,0.8545942104616131,-13.137583059771286,69,73,0,614.3098591549285,647,143,0
0.3,xauusd,H4,21049,2013-01-02 03:00:00+00:00,2026-08-21 18:00:00+00:00,143,70,73,48.95104895104895,-12.283536091545216,-0.08589885378702948,0.8417952461027768,-1228.3536091545218,-12.283536091545217,-2348.9525357316315,-23.489525357316314,3.2867132867132867,81,62,-1.0760355728505278,-11.20750051869469,70,73,0,595.7888111888119,647,144,0
0.4,xauusd,H4,21049,2013-01-02 03:00:00+00:00,2026-08-21 18:00:00+00:00,145,73,72,50.3448275862069,-7.965542968428599,-0.054934779092611026,0.8948953214734191,-796.55429684286,-7.9655429684286005,-2198.5447207020516,-21.985447207020513,3.206896551724138,81,64,3.245190405358173,-11.210733373786773,73,72,0,588.0813793103442,647,146,0
0.5,xauusd,H4,21049,2013-01-02 03:00:00+00:00,2026-08-21 18:00:00+00:00,150,75,75,50.0,-8.63270744967637,-0.05755138299784247,0.8901876368653953,-863.2707449676368,-8.632707449676367,-2465.15001469489,-24.6515001469489,3.026666666666667,83,67,4.070703875803426,-12.703411325479795,76,74,0,574.3799999999993,647,151,0
0.75,xauusd,H4,21049,2013-01-02 03:00:00+00:00,2026-08-21 18:00:00+00:00,161,88,73,54.6583850931677,1.1398899147244377,0.007080061582139365,1.0141413981601581,113.98899147244384,1.1398899147244383,-2434.7592690110796,-24.347592690110794,2.732919254658385,88,73,6.136713759887515,-4.996823845163078,88,73,0,564.8105590062108,647,162,0
1.0,xauusd,H4,21049,2013-01-02 03:00:00+00:00,2026-08-21 18:00:00+00:00,157,102,55,64.96815286624204,28.815252982919105,0.1835366432033064,1.440748442236776,2881.5252982919105,28.815252982919105,-1258.0185733731814,-12.580185733731813,2.56687898089172,87,70,19.992388797536304,8.822864185382802,103,54,0,536.9554140127383,647,158,0
0.0,xauusd,D1,8787,1992-08-18 00:00:00+00:00,2026-08-21 00:00:00+00:00,46,25,21,54.347826086956516,1.3358292459603263,0.02903976621652883,1.059754938896386,133.58292459603274,1.3358292459603274,-456.5662041578016,-4.565662041578016,4.717391304347826,29,17,3.555671275013709,-2.2198420290533827,25,21,0,556.1304347826085,269,46,0
0.1,xauusd,D1,8787,1992-08-18 00:00:00+00:00,2026-08-21 00:00:00+00:00,50,28,22,56.00000000000001,2.7487842289428253,0.05497568457885651,1.115483928214574,274.87842289428255,2.7487842289428253,-457.78485086704677,-4.577848508670468,4.34,31,19,5.348039581053318,-2.599255352110493,28,22,0,560.2048000000011,269,50,0
0.2,xauusd,D1,8787,1992-08-18 00:00:00+00:00,2026-08-21 00:00:00+00:00,50,28,22,56.00000000000001,2.8875231383998154,0.05775046276799631,1.1224846814801976,288.7523138399815,2.8875231383998154,-459.09194699004365,-4.590919469900437,4.28,32,18,3.9823481942652337,-1.0948250558654191,28,22,0,537.3195999999999,269,50,0
0.3,xauusd,D1,8787,1992-08-18 00:00:00+00:00,2026-08-21 00:00:00+00:00,50,28,22,56.00000000000001,-1.6108905164430904,-0.03221781032886181,0.9423457248474638,-161.08905164430917,-1.6108905164430916,-647.49134131955,-6.4749134131955,4.04,32,18,-0.4413205359318997,-1.16956998051119,28,22,0,494.1604000000001,269,50,0
0.4,xauusd,D1,8787,1992-08-18 00:00:00+00:00,2026-08-21 00:00:00+00:00,51,30,21,58.82352941176471,3.684677685195773,0.07224858206266221,1.1516617388169539,368.46776851957713,3.684677685195771,-516.7395750452961,-5.16739575045296,3.9019607843137254,32,19,4.090575762885283,-0.4058980776895099,30,21,0,498.7972549019611,269,51,0
0.5,xauusd,D1,8787,1992-08-18 00:00:00+00:00,2026-08-21 00:00:00+00:00,52,33,19,63.46153846153846,10.368879961357717,0.19940153771841762,1.5021051329393647,1036.8879961357718,10.368879961357717,-463.6799453466756,-4.6367994534667565,3.7115384615384617,33,19,8.67205981557133,1.6968201457863858,33,19,0,516.9230576923087,269,52,0
0.75,xauusd,D1,8787,1992-08-18 00:00:00+00:00,2026-08-21 00:00:00+00:00,55,38,17,69.0909090909091,14.881884778192886,0.2705797232398707,1.7670766517852186,1488.1884778192884,14.881884778192884,-357.6181668487534,-3.576181668487534,3.418181818181818,34,21,10.255454015928965,4.6264307622639205,39,16,0,508.4000000000007,269,55,0
1.0,xauusd,D1,8787,1992-08-18 00:00:00+00:00,2026-08-21 00:00:00+00:00,53,37,16,69.81132075471697,10.704929368897467,0.20197979941315974,1.4600054939230531,1070.4929368897465,10.704929368897464,-836.2504861865855,-8.362504861865855,3.207547169811321,33,20,8.349896649012521,2.3550327198849446,38,15,0,492.05660377358663,269,53,0
