regime,tp_r,symbol,timeframe,bars,start,end,trades,wins,losses,win_rate,total_R,expectancy_R,profit_factor,total_pnl,return_pct,max_drawdown,max_drawdown_pct,avg_bars_held,buy_trades,sell_trades,buy_R,sell_R,tp_exits,sl_exits,unresolved,avg_sl_points,setups_detected,setups_entered,rejected_stops
live,1.0,audusd,M1,25361,2026-08-09 21:05:00+00:00,2026-09-03 05:38:00+00:00,0,0,0,,0.0,,,0.0,0.0,0.0,0.0,,0,0,0.0,0.0,0,0,0,,0,0,0
live,1.0,audusd,M5,20095,2026-05-17 21:05:00+00:00,2026-08-21 20:55:00+00:00,5,3,2,60.0,0.7761687230651062,0.15523374461302125,1.36965205751738,77.61687230651063,0.7761687230651063,-105.99400599400542,-1.0599400599400541,638.0,3,2,-1.125837518922971,1.9020062419880772,3,2,0,292.87999999999977,5,5,0
live,1.0,audusd,M15,22176,2025-09-30 21:00:00+00:00,2026-08-21 20:45:00+00:00,16,9,7,56.25,1.2044375973841541,0.07527734983650963,1.164307126040465,120.44375973841537,1.2044375973841537,-317.5766921732593,-3.1757669217325932,93.375,12,4,3.3678076274077826,-2.1633700300236294,9,7,0,324.137499999999,26,16,0
live,1.0,audusd,H1,22655,2023-01-01 23:00:00+00:00,2026-08-21 20:00:00+00:00,103,58,45,56.310679611650485,8.0220549849419,0.07788402898001844,1.1700391145549123,802.2054984941898,8.022054984941898,-545.1714862711797,-5.451714862711797,19.42718446601942,49,54,6.692657070279821,1.3293979146620767,58,45,0,304.27572815533955,166,107,0
live,1.0,audusd,H4,21210,2013-01-01 22:00:00+00:00,2026-08-21 17:00:00+00:00,278,154,124,55.39568345323741,19.88205858434993,0.07151819634658249,1.154491017549032,1988.205858434993,19.88205858434993,-1935.385491209914,-19.35385491209914,9.489208633093526,132,146,9.02796879706103,10.854089787288899,154,124,0,474.19712230215833,485,293,0
live,1.0,audusd,D1,6301,2002-05-07 00:00:00+00:00,2026-08-21 00:00:00+00:00,71,42,29,59.154929577464785,10.742153467688686,0.1512979361646294,1.3574215483058467,1074.2153467688686,10.742153467688686,-471.96301361019323,-4.719630136101932,3.112676056338028,41,30,5.518609476274489,5.223543991414198,42,29,0,591.7521126760564,216,71,0
live,1.0,eurgbp,M1,24741,2026-08-09 21:05:00+00:00,2026-09-03 05:37:00+00:00,0,0,0,,0.0,,,0.0,0.0,0.0,0.0,,0,0,0.0,0.0,0,0,0,,0,0,0
live,1.0,eurgbp,M5,20103,2026-05-17 21:05:00+00:00,2026-08-21 20:55:00+00:00,0,0,0,,0.0,,,0.0,0.0,0.0,0.0,,0,0,0.0,0.0,0,0,0,,0,0,0
live,1.0,eurgbp,M15,22176,2025-09-30 21:00:00+00:00,2026-08-21 20:45:00+00:00,4,2,2,50.0,-0.22241102808392454,-0.055602757020981136,0.8950606410724533,-22.24110280839247,-0.22241102808392468,-117.09706988658218,-1.1709706988658217,234.0,2,2,-0.12453974442277327,-0.09787128366115128,2,2,0,277.9000000000003,6,4,0
live,1.0,eurgbp,H1,22655,2023-01-01 23:00:00+00:00,2026-08-21 20:00:00+00:00,39,21,18,53.84615384615385,0.24439713847445366,0.00626659329421676,1.0127084617173459,24.43971384744549,0.24439713847445488,-948.6700208211314,-9.486700208211314,34.35897435897436,22,17,0.2258718083824054,0.01852533009204882,21,18,0,294.88717948717874,55,39,0
live,1.0,eurgbp,H4,21210,2013-01-01 22:00:00+00:00,2026-08-21 17:00:00+00:00,220,121,99,55.00000000000001,12.621242729214924,0.05736928513279511,1.1229093725429349,1262.1242729214919,12.621242729214918,-2168.9949374768894,-21.689949374768894,13.477272727272727,113,107,14.422465762233212,-1.801223033018292,121,99,0,472.0672727272725,358,231,0
live,1.0,eurgbp,D1,6301,2002-05-08 00:00:00+00:00,2026-08-21 00:00:00+00:00,73,47,26,64.38356164383562,15.08031708451652,0.2065796860892674,1.5021973433895799,1508.0317084516519,15.080317084516517,-770.3888523696569,-7.703888523696569,4.835616438356165,28,45,8.882153724852943,6.198163359663577,47,26,0,540.5082191780823,183,77,0
live,1.0,eurusd,M1,25837,2026-08-09 21:05:00+00:00,2026-09-03 05:39:00+00:00,0,0,0,,0.0,,,0.0,0.0,0.0,0.0,,0,0,0.0,0.0,0,0,0,,0,0,0
live,1.0,eurusd,M5,20103,2026-05-17 21:05:00+00:00,2026-08-21 20:55:00+00:00,7,4,3,57.14285714285714,0.650928454496016,0.09298977921371657,1.207205850197669,65.09284544960164,0.6509284544960164,-104.66853408029783,-1.0466853408029784,177.42857142857142,5,2,-1.2229101243170697,1.8738385788130858,4,3,0,276.2000000000058,7,7,0
live,1.0,eurusd,M15,22176,2025-09-30 21:00:00+00:00,2026-08-21 20:45:00+00:00,22,13,9,59.09090909090909,1.8550828313998964,0.08432194688181348,1.192714911956831,185.50828313998974,1.8550828313998975,-350.496085206134,-3.5049608520613402,45.54545454545455,12,10,-5.552424462468367,7.407507293868264,12,9,1,225.36363636363714,30,22,0
live,1.0,eurusd,H1,22655,2023-01-01 23:00:00+00:00,2026-08-21 20:00:00+00:00,108,55,53,50.92592592592593,-2.804931725919057,-0.025971590054806086,0.9493039430844521,-280.4931725919054,-2.804931725919054,-2070.164159523527,-20.70164159523527,21.12037037037037,56,52,-4.61961782280223,1.8146860968831706,55,53,0,364.78518518518626,189,113,0
live,1.0,eurusd,H4,21210,2013-01-01 22:00:00+00:00,2026-08-21 17:00:00+00:00,242,134,108,55.371900826446286,18.380610508344855,0.0759529359848961,1.1643902467315979,1838.0610508344857,18.38061050834486,-1149.0177354680163,-11.490177354680164,7.966942148760331,124,118,12.59083940768826,5.7897711006565995,134,108,0,524.8876033057852,493,259,0
live,1.0,eurusd,D1,6307,2002-05-07 00:00:00+00:00,2026-08-21 00:00:00+00:00,42,23,19,54.761904761904766,2.7753419102370955,0.06607956929135941,1.1412017774371015,277.53419102370947,2.7753419102370946,-522.9724190060006,-5.229724190060005,2.0476190476190474,18,24,-2.394296621606029,5.169638531843125,23,19,0,635.6428571428563,228,42,0
live,1.0,gbpusd,M1,26114,2026-08-09 21:07:00+00:00,2026-09-03 05:38:00+00:00,0,0,0,,0.0,,,0.0,0.0,0.0,0.0,,0,0,0.0,0.0,0,0,0,,1,0,0
live,1.0,gbpusd,M5,20086,2026-05-17 21:05:00+00:00,2026-08-21 20:55:00+00:00,6,4,2,66.66666666666666,1.6485699012142847,0.2747616502023808,1.7581929976589263,164.8569901214285,1.6485699012142851,-120.32982394423198,-1.2032982394423197,124.16666666666667,5,1,0.6775274301718309,0.9710424710424538,4,2,0,320.2000000000001,8,6,0
live,1.0,gbpusd,M15,22174,2025-09-30 21:00:00+00:00,2026-08-21 20:45:00+00:00,58,25,33,43.103448275862064,-12.23950175036403,-0.21102589224765567,0.6573310619233397,-1223.9501750364032,-12.239501750364031,-1408.6041812464446,-14.086041812464444,37.775862068965516,36,22,-4.888873523284278,-7.3506282270797545,25,33,0,288.97586206896426,82,59,0
live,1.0,gbpusd,H1,22655,2023-01-01 23:00:00+00:00,2026-08-21 20:00:00+00:00,147,69,78,46.93877551020408,-18.416431729553377,-0.1252818485003631,0.7781361814310704,-1841.6431729553383,-18.416431729553384,-1935.7096286515352,-19.35709628651535,17.1156462585034,77,70,-18.248009258022048,-0.16842247153133183,69,78,0,387.83129251700706,248,155,0
live,1.0,gbpusd,H4,21210,2013-01-01 22:00:00+00:00,2026-08-21 17:00:00+00:00,230,118,112,51.30434782608696,-2.107840212575023,-0.009164522663369664,0.9817732952872561,-210.7840212575026,-2.107840212575026,-2023.4567794648028,-20.23456779464803,6.369565217391305,130,100,1.733963651753259,-3.84180386432828,118,112,0,568.797391304348,547,238,0
live,1.0,gbpusd,D1,6311,2002-05-07 00:00:00+00:00,2026-08-21 00:00:00+00:00,31,18,13,58.06451612903226,3.73076066705371,0.12034711829205516,1.2704790969958133,373.07606670537075,3.730760667053708,-428.30418177239153,-4.283041817723916,1.6774193548387097,16,15,1.2598542734877087,2.470906393566002,18,13,0,613.5967741935463,216,31,0
live,1.0,us100,M1,26000,2026-08-09 22:00:00+00:00,2026-09-03 05:36:00+00:00,103,56,47,54.36893203883495,0.4949328023112458,0.00480517283797326,1.0096188024389179,49.49328023112433,0.4949328023112433,-1244.0410237822234,-12.440410237822235,23.019417475728154,49,54,1.7399588921229592,-1.2450260898117143,56,47,0,304.6660194174773,163,106,0
live,1.0,us100,M5,21307,2026-05-10 22:00:00+00:00,2026-08-21 20:55:00+00:00,222,115,107,51.80180180180181,-4.217066704917991,-0.01899579596809906,0.9626975693934732,-421.706670491799,-4.21706670491799,-1884.5608132943798,-18.8456081329438,7.2792792792792795,115,107,-2.703277973320296,-1.513788731597693,115,107,0,449.3729729729727,404,226,0
live,1.0,us100,M15,21857,2025-09-30 21:00:00+00:00,2026-08-21 20:45:00+00:00,191,117,74,61.25654450261781,33.60403294752851,0.17593734527501836,1.4328564650609688,3360.4032947528503,33.60403294752851,-1016.2583136134399,-10.1625831361344,4.680628272251309,115,76,20.86150957481493,12.742523372713569,117,74,0,465.83246073298324,466,196,0
live,1.0,us100,H1,21841,2023-01-02 23:00:00+00:00,2026-08-21 20:00:00+00:00,148,83,65,56.08108108108109,11.537619488915825,0.07795688843862043,1.1693811125300464,1153.7619488915825,11.537619488915825,-840.6536098514043,-8.406536098514044,3.8716216216216215,99,49,8.408015051878866,3.1296044370369582,83,65,0,544.8094594594588,543,151,0
live,1.0,us100,H4,14187,2017-04-30 22:00:00+00:00,2026-08-21 17:00:00+00:00,94,50,44,53.191489361702125,-4.2092485465430425,-0.044779239856840874,0.9193217764622686,-420.92485465430445,-4.209248546543044,-1311.5995303721356,-13.115995303721355,5.574468085106383,71,23,-0.035694105809043974,-4.1735544407340015,50,44,0,595.9489361702124,440,98,0
live,1.0,us100,D1,2897,2015-04-20 00:00:00+00:00,2026-08-21 00:00:00+00:00,16,10,6,62.5,3.503679002659033,0.21897993766618956,1.55844421905497,350.36790026590336,3.503679002659034,-217.77245729545575,-2.1777245729545576,1.6875,13,3,2.5613354892288323,0.9423435134302012,10,6,0,633.9000000000004,95,16,0
live,1.0,us30,M1,25717,2026-08-09 22:00:00+00:00,2026-09-03 05:37:00+00:00,85,37,48,43.529411764705884,-20.826204968548236,-0.24501417610056747,0.6162176132560068,-2082.620496854824,-20.82620496854824,-2348.451923173592,-23.48451923173592,14.894117647058824,44,41,-10.87326815211841,-9.952936816429824,37,48,0,276.8447058823555,133,88,0
live,1.0,us30,M5,21299,2026-05-10 22:00:00+00:00,2026-08-21 20:55:00+00:00,167,94,73,56.287425149700596,6.812956711293688,0.04079614797181849,1.0847355143435295,681.2956711293682,6.8129567112936815,-1079.4204269355887,-10.794204269355886,6.706586826347305,95,72,1.4048209650623347,5.40813574623135,95,72,0,430.5005988023974,323,172,0
live,1.0,us30,M15,21855,2025-09-30 21:00:00+00:00,2026-08-21 20:45:00+00:00,170,88,82,51.76470588235295,-6.012924152325025,-0.03537014207250015,0.9317266012585512,-601.2924152325028,-6.012924152325027,-2051.602732368683,-20.51602732368683,4.4,88,82,3.05015332801898,-9.063077480344006,89,81,0,464.4882352941191,454,172,0
live,1.0,us30,H1,21841,2023-01-02 23:00:00+00:00,2026-08-21 20:00:00+00:00,130,79,51,60.76923076923077,19.902232264800524,0.15309409434461943,1.3604675598947034,1990.2232264800527,19.902232264800528,-576.3939005108259,-5.763939005108258,2.8461538461538463,82,48,14.1787726048378,5.723459659962722,79,51,0,549.689230769231,601,132,0
live,1.0,us30,H4,14102,2017-04-30 22:00:00+00:00,2026-08-21 17:00:00+00:00,37,17,20,45.94594594594595,-4.9801261712179485,-0.13459800462751212,0.7631385580765818,-498.0126171217949,-4.9801261712179485,-798.2123351841656,-7.982123351841655,1.3783783783783783,31,6,-2.4381675600722863,-2.541958611145664,17,20,0,550.318918918917,423,37,0
live,1.0,us30,D1,2403,2017-05-01 00:00:00+00:00,2026-08-21 00:00:00+00:00,4,2,2,50.0,-0.6234780419511118,-0.15586951048777795,0.7541987272918792,-62.347804195111195,-0.6234780419511119,-145.45454545452958,-1.4545454545452958,1.0,2,2,-0.1350457693780185,-0.4884322725730933,2,2,0,313.75,92,4,0
live,1.0,us500,M1,25481,2026-08-09 22:00:00+00:00,2026-09-03 05:36:00+00:00,0,0,0,,0.0,,,0.0,0.0,0.0,0.0,,0,0,0.0,0.0,0,0,0,,0,0,0
live,1.0,us500,M5,21257,2026-05-10 22:00:00+00:00,2026-08-21 20:55:00+00:00,13,5,8,38.46153846153847,-3.495778087670323,-0.268906006743871,0.5773844578311028,-349.57780876703225,-3.4957780876703226,-626.9593998849487,-6.269593998849486,41.07692307692308,7,6,-3.266961980129337,-0.2288161075409859,5,8,0,271.56923076923005,16,13,0
live,1.0,us500,M15,21838,2025-09-30 21:00:00+00:00,2026-08-21 20:45:00+00:00,51,21,30,41.17647058823529,-10.41359449178035,-0.20418812728981078,0.6642982162821089,-1041.3594491780348,-10.413594491780348,-1689.845841428547,-16.898458414285468,31.96078431372549,26,25,-2.83459814292725,-7.578996348853099,21,30,0,319.4901960784304,84,58,0
live,1.0,us500,H1,21826,2023-01-02 23:00:00+00:00,2026-08-21 20:00:00+00:00,110,59,51,53.63636363636364,6.110335952926793,0.05554850866297084,1.1180411812266917,611.0335952926793,6.110335952926793,-841.1439185542604,-8.411439185542603,24.181818181818183,48,62,3.2305472254695937,2.879788727457201,59,51,0,391.62181818181745,169,117,0
live,1.0,us500,H4,14186,2017-04-30 22:00:00+00:00,2026-08-21 17:00:00+00:00,145,84,61,57.931034482758626,20.982469403253766,0.14470668553968113,1.3397151829789105,2098.2469403253763,20.982469403253763,-834.512428677679,-8.345124286776791,12.4,89,56,21.664436352349735,-0.681966949095969,84,61,0,471.7696551724138,243,152,0
live,1.0,us500,D1,6991,1999-02-18 00:00:00+00:00,2026-08-21 00:00:00+00:00,72,38,34,52.77777777777778,1.4695624633520898,0.020410589768779026,1.0412460610457228,146.9562463352089,1.469562463352089,-1201.7738072959528,-12.017738072959528,7.847222222222222,53,19,1.1359633471299855,0.33359911622210436,38,34,0,398.07499999999976,151,74,0
live,1.0,xauusd,M1,25229,2026-08-09 22:01:00+00:00,2026-09-03 05:37:00+00:00,295,151,144,51.186440677966104,-20.747413477020952,-0.0703302151763422,0.8697543238708892,-2074.7413477020946,-20.747413477020945,-3594.701297112355,-35.94701297112355,10.196610169491525,161,134,-31.214553460422493,10.467139983401548,151,144,0,403.0894915254245,509,313,0
live,1.0,xauusd,M5,20564,2026-05-10 22:00:00+00:00,2026-08-21 20:40:00+00:00,240,123,117,51.24999999999999,-21.07258656223273,-0.08780244400930304,0.845431160008201,-2107.258656223273,-21.072586562232733,-2395.720863762921,-23.95720863762921,4.7375,100,140,-14.574918398980515,-6.497668163252216,123,117,0,522.5525000000014,536,241,0
live,1.0,xauusd,M15,21007,2025-09-30 22:00:00+00:00,2026-08-21 20:30:00+00:00,133,73,60,54.88721804511278,1.2344773097923625,0.009281784284153102,1.0181141297195537,123.44773097923621,1.234477309792362,-923.0928358772198,-9.230928358772198,2.338345864661654,74,59,5.0988218838881885,-3.8643445740958247,73,60,0,618.2360902255645,608,133,0
live,1.0,xauusd,H1,21516,2023-01-02 23:00:00+00:00,2026-08-21 20:00:00+00:00,147,77,70,52.38095238095239,-2.82092547237231,-0.019189969199811634,0.9622045884926883,-282.09254723723103,-2.82092547237231,-1380.6874171174895,-13.806874171174895,4.258503401360544,79,68,-4.173105297375184,1.3521798250028754,77,70,0,580.1469387755089,618,148,0
live,1.0,xauusd,H4,21049,2013-01-02 03:00:00+00:00,2026-08-21 18:00:00+00:00,142,69,73,48.59154929577465,-12.282988849309675,-0.0864999214740118,0.8404478562443893,-1228.2988849309675,-12.282988849309675,-2399.683525296664,-23.99683525296664,3.176056338028169,80,62,0.8545942104616131,-13.137583059771286,69,73,0,614.3098591549285,647,143,0
live,1.0,xauusd,D1,8787,1992-08-18 00:00:00+00:00,2026-08-21 00:00:00+00:00,50,28,22,56.00000000000001,2.8875231383998154,0.05775046276799631,1.1224846814801976,288.7523138399815,2.8875231383998154,-459.09194699004365,-4.590919469900437,4.28,32,18,3.9823481942652337,-1.0948250558654191,28,22,0,537.3195999999999,269,50,0
live,1.25,audusd,M1,25361,2026-08-09 21:05:00+00:00,2026-09-03 05:38:00+00:00,0,0,0,,0.0,,,0.0,0.0,0.0,0.0,,0,0,0.0,0.0,0,0,0,,0,0,0
live,1.25,audusd,M5,20095,2026-05-17 21:05:00+00:00,2026-08-21 20:55:00+00:00,5,3,2,60.0,1.526168723065111,0.3052337446130222,1.7268412032526197,152.61687230651114,1.5261687230651113,-105.99400599400542,-1.0599400599400541,643.0,3,2,-0.875837518922983,2.402006241988094,3,2,0,292.87999999999977,5,5,0
live,1.25,audusd,M15,22176,2025-09-30 21:00:00+00:00,2026-08-21 20:45:00+00:00,16,6,10,37.5,-3.295562402615911,-0.20597265016349445,0.688850490783667,-329.55624026159114,-3.295562402615911,-814.9511137289719,-8.14951113728972,117.0,12,4,-1.3821923725922678,-1.9133700300236438,6,10,0,324.137499999999,26,16,0
live,1.25,audusd,H1,22655,2023-01-01 23:00:00+00:00,2026-08-21 20:00:00+00:00,99,53,46,53.535353535353536,15.41189980586715,0.1556757556148197,1.3192222961460478,1541.1899805867156,15.411899805867154,-520.1714862711815,-5.201714862711815,25.434343434343436,47,52,11.486426183429696,3.9254736224374573,53,46,0,298.8666666666663,166,107,0
live,1.25,audusd,H4,21210,2013-01-01 22:00:00+00:00,2026-08-21 17:00:00+00:00,273,140,133,51.28205128205128,32.44735061473687,0.1188547641565453,1.2359701637764833,3244.735061473687,32.44735061473687,-1996.1891412729838,-19.961891412729837,11.89010989010989,130,143,9.094302030518094,23.353048584218776,140,133,0,477.95531135531144,485,293,0
live,1.25,audusd,D1,6301,2002-05-07 00:00:00+00:00,2026-08-21 00:00:00+00:00,71,40,31,56.33802816901409,16.74215346768866,0.23580497841815012,1.5217543693534041,1674.2153467688654,16.742153467688652,-410.3504859366112,-4.1035048593661125,3.8309859154929575,41,30,9.268609476274472,7.473543991414188,40,31,0,591.7521126760564,216,71,0
live,1.25,eurgbp,M1,24741,2026-08-09 21:05:00+00:00,2026-09-03 05:37:00+00:00,0,0,0,,0.0,,,0.0,0.0,0.0,0.0,,0,0,0.0,0.0,0,0,0,,0,0,0
live,1.25,eurgbp,M5,20103,2026-05-17 21:05:00+00:00,2026-08-21 20:55:00+00:00,0,0,0,,0.0,,,0.0,0.0,0.0,0.0,,0,0,0.0,0.0,0,0,0,,0,0,0
live,1.25,eurgbp,M15,22176,2025-09-30 21:00:00+00:00,2026-08-21 20:45:00+00:00,4,2,2,50.0,0.27758897191605647,0.06939724297901412,1.1309737606501948,27.758897191605627,0.2775889719160563,-107.30994152046878,-1.0730994152046878,272.25,2,2,0.1254602555772173,0.15212871633883918,2,2,0,277.9000000000003,6,4,0
live,1.25,eurgbp,H1,22655,2023-01-01 23:00:00+00:00,2026-08-21 20:00:00+00:00,39,21,18,53.84615384615385,5.494397138474383,0.14088197790959958,1.2857043913445636,549.4397138474383,5.494397138474383,-798.6700208211387,-7.986700208211387,38.58974358974359,22,17,3.2258718083823212,2.2685253300920616,21,18,0,294.88717948717874,55,39,0
live,1.25,eurgbp,H4,21210,2013-01-01 22:00:00+00:00,2026-08-21 17:00:00+00:00,218,109,109,50.0,18.338777067894984,0.08412283058667423,1.1620295249734702,1833.877706789498,18.33877706789498,-2729.182419287403,-27.291824192874024,16.513761467889907,112,106,16.43108645188829,1.9076906160066918,109,109,0,475.80275229357767,358,231,0
live,1.25,eurgbp,D1,6301,2002-05-08 00:00:00+00:00,2026-08-21 00:00:00+00:00,71,42,29,59.154929577464785,20.28036925202769,0.28563900354968574,1.6655853771990021,2028.0369252027688,20.28036925202769,-760.6354191611681,-7.606354191611681,5.76056338028169,28,43,11.382153724852925,8.898215527174768,42,29,0,545.8197183098595,183,77,0
live,1.25,eurusd,M1,25837,2026-08-09 21:05:00+00:00,2026-09-03 05:39:00+00:00,0,0,0,,0.0,,,0.0,0.0,0.0,0.0,,0,0,0.0,0.0,0,0,0,,0,0,0
live,1.25,eurusd,M5,20103,2026-05-17 21:05:00+00:00,2026-08-21 20:55:00+00:00,7,3,4,42.857142857142854,-0.599071545504029,-0.08558164935771842,0.8570887108886723,-59.90715455040288,-0.5990715455040289,-206.7827262597566,-2.067827262597566,263.0,5,2,-2.972910124317087,2.373838578813058,3,4,0,276.2000000000058,7,7,0
live,1.25,eurusd,M15,22176,2025-09-30 21:00:00+00:00,2026-08-21 20:45:00+00:00,22,12,10,54.54545454545454,2.605082831399952,0.11841285597272509,1.2435254550045103,260.5082831399953,2.605082831399953,-407.62875282381356,-4.076287528238136,57.90909090909091,12,10,-4.802424462468328,7.40750729386828,11,10,1,225.36363636363714,30,22,0
live,1.25,eurusd,H1,22655,2023-01-01 23:00:00+00:00,2026-08-21 20:00:00+00:00,105,49,56,46.666666666666664,0.6476718086675286,0.0061683029396907485,1.0110960832634452,64.76718086675292,0.6476718086675293,-2334.863965427423,-23.34863965427423,24.876190476190477,55,50,-1.3050183395980428,1.9526901482655696,49,56,0,370.297142857144,189,113,0
live,1.25,eurusd,H4,21210,2013-01-01 22:00:00+00:00,2026-08-21 17:00:00+00:00,238,120,118,50.42016806722689,24.448436553411046,0.10272452333365986,1.2002211890069645,2444.843655341105,24.448436553411053,-1151.5963842560705,-11.515963842560705,10.277310924369749,123,115,15.360815436453457,9.087621116957587,120,118,0,523.6487394957984,493,259,0
live,1.25,eurusd,D1,6307,2002-05-07 00:00:00+00:00,2026-08-21 00:00:00+00:00,42,20,22,47.61904761904761,1.7753419102369996,0.04227004548183332,1.0782444996629232,177.53419102369992,1.775341910236999,-891.2013846567406,-8.912013846567406,3.4047619047619047,18,24,-2.644296621605964,4.419638531842964,20,22,0,635.6428571428563,228,42,0
live,1.25,gbpusd,M1,26114,2026-08-09 21:07:00+00:00,2026-09-03 05:38:00+00:00,0,0,0,,0.0,,,0.0,0.0,0.0,0.0,,0,0,0.0,0.0,0,0,0,,1,0,0
live,1.25,gbpusd,M5,20086,2026-05-17 21:05:00+00:00,2026-08-21 20:55:00+00:00,6,4,2,66.66666666666666,2.6485699012143136,0.44142831686905226,2.2181025211195253,264.8569901214313,2.6485699012143127,-111.04565537555936,-1.1104565537555935,130.33333333333334,5,1,1.4275274301718597,1.221042471042454,4,2,0,320.2000000000001,8,6,0
live,1.25,gbpusd,M15,22174,2025-09-30 21:00:00+00:00,2026-08-21 20:45:00+00:00,57,22,35,38.59649122807017,-12.191728035784214,-0.21388996554007395,0.6774470286674695,-1219.1728035784215,-12.191728035784214,-1437.7767333680658,-14.377767333680659,48.64912280701754,35,22,-2.341099808704591,-9.850628227079628,21,35,1,292.26666666666523,82,59,0
live,1.25,gbpusd,H1,22655,2023-01-01 23:00:00+00:00,2026-08-21 20:00:00+00:00,145,58,87,40.0,-23.776050260965896,-0.16397276042045444,0.7431452317023824,-2377.6050260965894,-23.776050260965896,-2291.2729448505406,-22.912729448505406,19.6,75,70,-12.607627789434545,-11.16842247153135,58,87,0,388.05931034482774,248,155,0
live,1.25,gbpusd,H4,21210,2013-01-01 22:00:00+00:00,2026-08-21 17:00:00+00:00,228,110,118,48.24561403508772,11.422746831703463,0.05009976680571695,1.093747282318972,1142.274683170346,11.42274683170346,-1908.2634141034923,-19.082634141034923,7.657894736842105,129,99,10.748716219097147,0.674030612606318,110,118,0,566.2324561403511,547,238,0
live,1.25,gbpusd,D1,6311,2002-05-07 00:00:00+00:00,2026-08-21 00:00:00+00:00,31,16,15,51.61290322580645,3.730760667053759,0.12034711829205674,1.2357315959288815,373.07606670537575,3.7307606670537576,-428.30418177239153,-4.283041817723916,2.096774193548387,16,15,1.259854273487786,2.470906393565972,16,15,0,613.5967741935463,216,31,0
live,1.25,us100,M1,26000,2026-08-09 22:00:00+00:00,2026-09-03 05:36:00+00:00,100,49,51,49.0,2.014952451238625,0.020149524512386253,1.0361463496878418,201.49524512386301,2.01495245123863,-1194.0410237822198,-11.940410237822197,29.46,49,51,3.9899588921225426,-1.9750064408839147,49,51,0,304.1480000000014,163,106,0
live,1.25,us100,M5,21307,2026-05-10 22:00:00+00:00,2026-08-21 20:55:00+00:00,220,106,114,48.18181818181818,6.3926391492561,0.02905745067843682,1.0531263005921403,639.2639149256102,6.392639149256102,-1748.6655224670394,-17.486655224670393,8.440909090909091,113,107,-3.8435721191472805,10.23621126840338,106,114,0,450.95999999999964,404,226,0
live,1.25,us100,M15,21857,2025-09-30 21:00:00+00:00,2026-08-21 20:45:00+00:00,188,104,84,55.319148936170215,36.7675745941631,0.1955722052881016,1.4173229309840176,3676.7574594163098,36.7675745941631,-806.4629410639827,-8.064629410639828,6.23936170212766,113,75,18.24325808876621,18.524316505396882,104,84,0,468.2563829787223,466,196,0
live,1.25,us100,H1,21841,2023-01-02 23:00:00+00:00,2026-08-21 20:00:00+00:00,148,78,70,52.702702702702695,21.037619488915887,0.14214607762781004,1.2873140403209966,2103.7619488915884,21.037619488915883,-1084.616206933324,-10.84616206933324,5.033783783783784,99,49,15.658015051878666,5.37960443703722,78,70,0,544.8094594594588,543,151,0
live,1.25,us100,H4,14187,2017-04-30 22:00:00+00:00,2026-08-21 17:00:00+00:00,93,47,46,50.53763440860215,2.561584786790366,0.027543922438606087,1.0471253784623993,256.1584786790363,2.561584786790363,-1075.8593038871768,-10.758593038871767,6.473118279569892,70,23,4.235139227524409,-1.6735544407340446,47,46,0,594.6150537634404,440,98,0
live,1.25,us100,D1,2897,2015-04-20 00:00:00+00:00,2026-08-21 00:00:00+00:00,16,10,6,62.5,6.0036790026590285,0.3752299376661893,1.956914097881734,600.3679002659029,6.003679002659029,-217.77245729545393,-2.1777245729545394,1.875,13,3,4.561335489228818,1.4423435134302105,10,6,0,633.9000000000004,95,16,0
live,1.25,us30,M1,25717,2026-08-09 22:00:00+00:00,2026-09-03 05:37:00+00:00,83,33,50,39.75903614457831,-18.434181116852137,-0.22209856767291733,0.6745673062271115,-1843.4181116852149,-18.434181116852148,-2156.3245931916244,-21.563245931916246,17.240963855421686,44,39,-10.623268152117744,-7.810912964734398,33,50,0,276.269879518075,133,88,0
live,1.25,us30,M5,21299,2026-05-10 22:00:00+00:00,2026-08-21 20:55:00+00:00,163,83,80,50.920245398773,10.10779160436745,0.06201099143783711,1.1156515854890163,1010.779160436745,10.10779160436745,-1031.9310972854055,-10.319310972854055,9.552147239263803,92,71,2.401229708013008,7.70656189635444,84,79,0,433.4883435582849,323,172,0
live,1.25,us30,M15,21855,2025-09-30 21:00:00+00:00,2026-08-21 20:45:00+00:00,170,79,91,46.470588235294116,-4.012924152324535,-0.023605436190144324,0.9587083440992765,-401.29241523245355,-4.012924152324535,-2030.8398145260362,-20.308398145260362,4.847058823529411,88,82,3.8001533280176956,-7.813077480342231,80,90,0,464.4882352941191,454,172,0
live,1.25,us30,H1,21841,2023-01-02 23:00:00+00:00,2026-08-21 20:00:00+00:00,130,75,55,57.692307692307686,30.652232264801277,0.2357864020369329,1.5162803783658985,3065.223226480128,30.652232264801277,-512.5473537588023,-5.1254735375880225,3.1153846153846154,82,48,20.178772604838226,10.473459659963053,75,55,0,549.689230769231,601,132,0
live,1.25,us30,H4,14102,2017-04-30 22:00:00+00:00,2026-08-21 17:00:00+00:00,37,17,20,45.94594594594595,-0.7301261712179605,-0.01973313976264758,0.9652742256410713,-73.01261712179608,-0.7301261712179609,-714.6684681915885,-7.146684681915885,1.5405405405405406,31,6,1.3118324399279422,-2.041958611145903,17,20,0,550.318918918917,423,37,0
live,1.25,us30,D1,2403,2017-05-01 00:00:00+00:00,2026-08-21 00:00:00+00:00,4,2,2,50.0,-0.12347804195119094,-0.030869510487797736,0.9513197613694159,-12.347804195119096,-0.12347804195119096,-145.45454545452958,-1.4545454545452958,1.0,2,2,0.1149542306219331,-0.23843227257312405,2,2,0,313.75,92,4,0
live,1.25,us500,M1,25481,2026-08-09 22:00:00+00:00,2026-09-03 05:36:00+00:00,0,0,0,,0.0,,,0.0,0.0,0.0,0.0,,0,0,0.0,0.0,0,0,0,,0,0,0
live,1.25,us500,M5,21257,2026-05-10 22:00:00+00:00,2026-08-21 20:55:00+00:00,13,5,8,38.46153846153847,-2.2457780876703093,-0.1727521605900238,0.7285008658131609,-224.5778087670309,-2.245778087670309,-601.9593998849523,-6.019593998849523,44.92307692307692,7,6,-2.7669619801293655,0.5211838924590559,5,8,0,271.56923076923005,16,13,0
live,1.25,us500,M15,21838,2025-09-30 21:00:00+00:00,2026-08-21 20:45:00+00:00,51,18,33,35.294117647058826,-11.913594491780374,-0.23359989199569361,0.6500521283552997,-1191.3594491780375,-11.913594491780374,-1990.780265200743,-19.90780265200743,51.431372549019606,26,25,-4.3345981429272396,-7.578996348853134,18,33,0,319.4901960784304,84,58,0
live,1.25,us500,H1,21826,2023-01-02 23:00:00+00:00,2026-08-21 20:00:00+00:00,110,51,59,46.36363636363636,2.860335952926736,0.02600305411751578,1.0477035892698887,286.0335952926734,2.860335952926734,-1124.0182900185027,-11.240182900185028,27.327272727272728,48,62,2.980547225469598,-0.1202112725428639,51,59,0,391.62181818181745,169,117,0
live,1.25,us500,H4,14186,2017-04-30 22:00:00+00:00,2026-08-21 17:00:00+00:00,142,79,63,55.633802816901415,33.81344537893054,0.23812285478120096,1.5302163338367691,3381.3445378930546,33.813445378930545,-653.092855012932,-6.530928550129319,14.95774647887324,87,55,28.708539171684382,5.104906207246158,79,63,0,475.95915492957755,243,152,0
live,1.25,us500,D1,6991,1999-02-18 00:00:00+00:00,2026-08-21 00:00:00+00:00,71,34,37,47.88732394366197,2.9834436404759606,0.042020332964450145,1.077162025976616,298.34436404759606,2.9834436404759606,-1161.5781757458117,-11.615781757458118,9.56338028169014,52,19,2.3998445242538415,0.5835991162221195,34,37,0,398.608450704225,151,74,0
live,1.25,xauusd,M1,25229,2026-08-09 22:01:00+00:00,2026-09-03 05:37:00+00:00,294,142,152,48.29931972789115,-2.2141953000346675,-0.007531276530730161,0.9868120827217791,-221.41953000346712,-2.214195300034671,-2669.7012971122076,-26.697012971122074,11.79251700680272,161,133,-24.214553460422323,22.000358160387655,142,152,0,401.90068027211,509,313,0
live,1.25,xauusd,M5,20564,2026-05-10 22:00:00+00:00,2026-08-21 20:40:00+00:00,238,110,128,46.21848739495798,-17.41341652372617,-0.07316561564590827,0.8823134019750114,-1741.341652372617,-17.413416523726173,-2340.019215836217,-23.40019215836217,5.466386554621849,100,138,-13.07491839898022,-4.338498124745958,110,128,0,524.2747899159682,536,241,0
live,1.25,xauusd,M15,21007,2025-09-30 22:00:00+00:00,2026-08-21 20:30:00+00:00,133,62,71,46.616541353383454,-5.265522690207877,-0.03959039616697652,0.9338661389698941,-526.5522690207879,-5.265522690207878,-1118.832867683719,-11.188328676837191,2.8496240601503757,74,59,-1.901178116111749,-3.3643445740961306,62,71,0,618.2360902255645,608,133,0
live,1.25,xauusd,H1,21516,2023-01-02 23:00:00+00:00,2026-08-21 20:00:00+00:00,147,73,74,49.65986394557823,7.429074527628842,0.050537921956658786,1.0940372332367114,742.9074527628843,7.429074527628843,-1305.6874171174913,-13.056874171174915,4.857142857142857,79,68,1.326894702625708,6.102179825003132,73,74,0,580.1469387755089,618,148,0
live,1.25,xauusd,H4,21049,2013-01-02 03:00:00+00:00,2026-08-21 18:00:00+00:00,141,63,78,44.680851063829785,-7.487032966956731,-0.05309952458834561,0.9089439378696338,-748.7032966956726,-7.487032966956726,-2145.494473552906,-21.45494473552906,3.6666666666666665,80,61,4.854594210461549,-12.341627177418278,63,78,0,614.8085106382968,647,143,0
live,1.25,xauusd,D1,8787,1992-08-18 00:00:00+00:00,2026-08-21 00:00:00+00:00,50,27,23,54.0,7.637523138399739,0.15275046276799478,1.3100355621559068,763.7523138399738,7.637523138399738,-409.377011903789,-4.09377011903789,4.66,32,18,6.482348194265173,1.1551749441345642,27,23,0,537.3195999999999,269,50,0
live,1.5,audusd,M1,25361,2026-08-09 21:05:00+00:00,2026-09-03 05:38:00+00:00,0,0,0,,0.0,,,0.0,0.0,0.0,0.0,,0,0,0.0,0.0,0,0,0,,0,0,0
live,1.5,audusd,M5,20095,2026-05-17 21:05:00+00:00,2026-08-21 20:55:00+00:00,5,2,3,40.0,-0.2238312769349129,-0.044766255386982576,0.9290922327096351,-22.38312769349129,-0.2238312769349129,-211.68660561449906,-2.116866056144991,711.8,3,2,-0.625837518922971,0.4020062419880581,2,3,0,292.87999999999977,5,5,0
live,1.5,audusd,M15,22176,2025-09-30 21:00:00+00:00,2026-08-21 20:45:00+00:00,16,6,10,37.5,-1.7955624026158243,-0.11222265016348902,0.8304725287866664,-179.55624026158247,-1.795562402615825,-764.9511137289683,-7.649511137289683,130.5,12,4,-0.13219237259219563,-1.6633700300236292,6,10,0,324.137499999999,26,16,0
live,1.5,audusd,H1,22655,2023-01-01 23:00:00+00:00,2026-08-21 20:00:00+00:00,96,46,50,47.91666666666667,14.378702779568512,0.14977815395383867,1.274173904699863,1437.870277956851,14.378702779568508,-745.1714862711815,-7.451714862711816,31.46875,46,50,9.299851130575579,5.0788516489929325,46,50,0,302.9624999999996,166,107,0
live,1.5,audusd,H4,21210,2013-01-01 22:00:00+00:00,2026-08-21 17:00:00+00:00,264,122,142,46.21212121212121,31.828008594941693,0.12056063861720338,1.216958271091488,3182.8008594941693,31.828008594941693,-2225.4911497263383,-22.254911497263382,14.503787878787879,127,137,8.299593000361332,23.52841559458036,122,142,0,479.41060606060614,485,293,0
live,1.5,audusd,D1,6301,2002-05-07 00:00:00+00:00,2026-08-21 00:00:00+00:00,71,36,35,50.70422535211267,16.74215346768885,0.23580497841815284,1.4628658307880291,1674.215346768884,16.74215346768884,-621.9630136101914,-6.219630136101914,4.507042253521127,41,30,12.518609476274655,4.223543991414194,36,35,0,591.7521126760564,216,71,0
live,1.5,eurgbp,M1,24741,2026-08-09 21:05:00+00:00,2026-09-03 05:37:00+00:00,0,0,0,,0.0,,,0.0,0.0,0.0,0.0,,0,0,0.0,0.0,0,0,0,,0,0,0
live,1.5,eurgbp,M5,20103,2026-05-17 21:05:00+00:00,2026-08-21 20:55:00+00:00,0,0,0,,0.0,,,0.0,0.0,0.0,0.0,,0,0,0.0,0.0,0,0,0,,0,0,0
live,1.5,eurgbp,M15,22176,2025-09-30 21:00:00+00:00,2026-08-21 20:45:00+00:00,4,2,2,50.0,0.7775889719160756,0.1943972429790189,1.3668868802279543,77.75889719160756,0.7775889719160757,-107.30994152046696,-1.0730994152046698,374.0,2,2,0.37546025557720775,0.4021287163388678,2,2,0,277.9000000000003,6,4,0
live,1.5,eurgbp,H1,22655,2023-01-01 23:00:00+00:00,2026-08-21 20:00:00+00:00,39,15,24,38.46153846153847,-4.255602861525556,-0.10911802209039888,0.8337791150391821,-425.5602861525558,-4.255602861525558,-1200.419487633084,-12.004194876330839,63.61538461538461,22,17,1.2258718083823863,-5.481474669907943,15,24,0,294.88717948717874,55,39,0
live,1.5,eurgbp,H4,21210,2013-01-01 22:00:00+00:00,2026-08-21 17:00:00+00:00,214,93,121,43.45794392523364,9.755109233624706,0.04558462258703134,1.0775900470585225,975.5109233624698,9.755109233624697,-2494.7527712342653,-24.947527712342655,18.046728971962615,110,104,18.227047396736644,-8.471938163111938,93,121,0,476.3537383177567,358,231,0
live,1.5,eurgbp,D1,6301,2002-05-08 00:00:00+00:00,2026-08-21 00:00:00+00:00,71,39,32,54.929577464788736,23.280369252027793,0.3278925246764478,1.6941905806435487,2328.036925202779,23.280369252027793,-760.6354191611681,-7.606354191611681,6.971830985915493,28,43,10.882153724852978,12.398215527174814,39,32,0,545.8197183098595,183,77,0
live,1.5,eurusd,M1,25837,2026-08-09 21:05:00+00:00,2026-09-03 05:39:00+00:00,0,0,0,,0.0,,,0.0,0.0,0.0,0.0,,0,0,0.0,0.0,0,0,0,,0,0,0
live,1.5,eurusd,M5,20103,2026-05-17 21:05:00+00:00,2026-08-21 20:55:00+00:00,7,3,4,42.857142857142854,0.15092845449605052,0.021561207785150076,1.0360046811728698,15.092845449605093,0.15092845449605094,-206.78272625975478,-2.0678272625975476,264.42857142857144,5,2,-2.7229101243170355,2.8738385788130856,3,4,0,276.2000000000058,7,7,0
live,1.5,eurusd,M15,22176,2025-09-30 21:00:00+00:00,2026-08-21 20:45:00+00:00,22,11,11,50.0,2.855082831399958,0.12977649233636174,1.2435387424902449,285.50828313999597,2.85508283139996,-569.6043226613492,-5.696043226613493,67.45454545454545,12,10,-4.052424462468361,6.907507293868321,10,11,1,225.36363636363714,30,22,0
live,1.5,eurusd,H1,22655,2023-01-01 23:00:00+00:00,2026-08-21 20:00:00+00:00,102,40,62,39.21568627450981,-6.518138008575759,-0.06390331380956626,0.8991934848805414,-651.8138008575759,-6.518138008575759,-2509.86396542737,-25.098639654273704,29.215686274509803,52,50,-11.970828156842009,5.45269014826625,40,62,0,369.20784313725585,189,113,0
live,1.5,eurusd,H4,21210,2013-01-01 22:00:00+00:00,2026-08-21 17:00:00+00:00,235,106,129,45.1063829787234,22.50312120338426,0.0957579625675926,1.168680695194091,2250.312120338426,22.503121203384264,-1196.998401106206,-11.969984011062062,12.672340425531916,121,114,10.645571828156324,11.857549375227935,106,129,0,523.2927659574469,493,259,0
live,1.5,eurusd,D1,6307,2002-05-07 00:00:00+00:00,2026-08-21 00:00:00+00:00,42,19,23,45.23809523809524,4.275341910236948,0.10179385500564161,1.1803924560248826,427.5341910236951,4.275341910236951,-866.2013846567388,-8.662013846567389,4.0476190476190474,18,24,-0.894296621606216,5.169638531843166,19,23,0,635.6428571428563,228,42,0
live,1.5,gbpusd,M1,26114,2026-08-09 21:07:00+00:00,2026-09-03 05:38:00+00:00,0,0,0,,0.0,,,0.0,0.0,0.0,0.0,,0,0,0.0,0.0,0,0,0,,1,0,0
live,1.5,gbpusd,M5,20086,2026-05-17 21:05:00+00:00,2026-08-21 20:55:00+00:00,6,4,2,66.66666666666666,3.6485699012142283,0.6080949835357047,2.678012044580072,364.8569901214228,3.6485699012142283,-111.04565537555936,-1.1104565537555935,167.83333333333334,5,1,2.177527430171774,1.471042471042454,4,2,0,320.2000000000001,8,6,0
live,1.5,gbpusd,M15,22174,2025-09-30 21:00:00+00:00,2026-08-21 20:45:00+00:00,56,21,35,37.5,-8.3705705405279,-0.14947447393799823,0.7785422713112425,-837.0570540527901,-8.3705705405279,-1155.6609838424483,-11.556609838424484,51.19642857142857,34,22,-0.01994231344822117,-8.35062822707968,20,35,1,293.72142857142666,82,59,0
live,1.5,gbpusd,H1,22655,2023-01-01 23:00:00+00:00,2026-08-21 20:00:00+00:00,144,52,92,36.11111111111111,-23.236659504663375,-0.16136569100460676,0.7626026257249547,-2323.6659504663376,-23.236659504663375,-2276.5061325115084,-22.765061325115084,22.868055555555557,75,69,-12.607627789434282,-10.629031715229097,52,92,0,388.10972222222233,248,155,0
live,1.5,gbpusd,H4,21210,2013-01-01 22:00:00+00:00,2026-08-21 17:00:00+00:00,223,95,128,42.600896860986545,6.608306653155781,0.0296336621217748,1.0499944893427948,660.8306653155779,6.608306653155779,-2403.436374175628,-24.03436374175628,9.986547085201794,124,99,11.934276040549433,-5.325969387393657,95,128,0,568.4587443946189,547,238,0
live,1.5,gbpusd,D1,6311,2002-05-07 00:00:00+00:00,2026-08-21 00:00:00+00:00,31,15,16,48.38709677419355,5.2307606670537075,0.16873421506624864,1.310410321901099,523.0760667053706,5.230760667053707,-428.30418177239153,-4.283041817723916,2.2580645161290325,16,15,0.7598542734877098,4.470906393565998,15,16,0,613.5967741935463,216,31,0
live,1.5,us100,M1,26000,2026-08-09 22:00:00+00:00,2026-09-03 05:36:00+00:00,99,45,54,45.45454545454545,5.318333234155729,0.053720537718744736,1.090188986877632,531.8333234155725,5.318333234155725,-1144.0410237822307,-11.440410237822308,34.282828282828284,49,50,7.73995889212276,-2.4216256579670357,45,54,0,304.38181818181937,163,106,0
live,1.5,us100,M5,21307,2026-05-10 22:00:00+00:00,2026-08-21 20:55:00+00:00,214,92,122,42.99065420560748,4.464577619779211,0.020862512241958932,1.0347459830308443,446.4577619779212,4.464577619779212,-2026.309537340101,-20.26309537340101,10.070093457943925,109,105,-9.099179010557814,13.563756630337028,92,121,1,450.21588785046674,404,226,0
live,1.5,us100,M15,21857,2025-09-30 21:00:00+00:00,2026-08-21 20:45:00+00:00,186,95,91,51.075268817204304,42.4072085822219,0.22799574506570913,1.4449924457935743,4240.72085822219,42.4072085822219,-772.975667115923,-7.72975667115923,7.39247311827957,112,74,19.59168328561597,22.815525296605923,95,91,0,470.51505376343954,466,196,0
live,1.5,us100,H1,21841,2023-01-02 23:00:00+00:00,2026-08-21 20:00:00+00:00,148,72,76,48.64864864864865,25.537619488915308,0.17255148303321155,1.3214726482925068,2553.76194889153,25.537619488915304,-1034.6162069333295,-10.346162069333294,5.466216216216216,99,49,16.408015051878472,9.129604437036834,72,76,0,544.8094594594588,543,151,0
live,1.5,us100,H4,14187,2017-04-30 22:00:00+00:00,2026-08-21 17:00:00+00:00,89,43,46,48.31460674157304,8.562772271405649,0.09621092439781628,1.1575777317142608,856.2772271405648,8.562772271405649,-1050.8593038871786,-10.508593038871785,8.224719101123595,66,23,7.736326712139672,0.8264455592659756,43,46,0,606.2651685393253,440,98,0
live,1.5,us100,D1,2897,2015-04-20 00:00:00+00:00,2026-08-21 00:00:00+00:00,16,8,8,50.0,3.5036790026590303,0.2189799376661894,1.4212020454498635,350.36790026590296,3.50367900265903,-274.214389448427,-2.74214389448427,4.25,13,3,1.5613354892288285,1.9423435134302012,8,8,0,633.9000000000004,95,16,0
live,1.5,us30,M1,25717,2026-08-09 22:00:00+00:00,2026-09-03 05:37:00+00:00,82,30,52,36.58536585365854,-16.608423541095853,-0.20254175050116893,0.7179203253079101,-1660.8423541095854,-16.608423541095853,-1932.5054071749773,-19.325054071749772,22.914634146341463,43,39,-12.797510576360695,-3.810912964735155,30,52,0,276.41951219512544,133,88,0
live,1.5,us30,M5,21299,2026-05-10 22:00:00+00:00,2026-08-21 20:55:00+00:00,161,76,85,47.20496894409938,15.753900775161611,0.0978503153736746,1.1706902030484367,1575.3900775161612,15.753900775161611,-854.7086540372366,-8.547086540372366,12.031055900621118,90,71,3.7973388788088798,11.95656189635273,77,84,0,434.55527950310807,323,172,0
live,1.5,us30,M15,21855,2025-09-30 21:00:00+00:00,2026-08-21 20:45:00+00:00,170,74,96,43.529411764705884,3.487075847679101,0.020512210868700594,1.0340569273285165,348.70758476791025,3.4870758476791024,-1659.6662271623736,-16.596662271623735,5.352941176470588,88,82,7.050153328019439,-3.563077480340339,75,95,0,464.4882352941191,454,172,0
live,1.5,us30,H1,21841,2023-01-02 23:00:00+00:00,2026-08-21 20:00:00+00:00,130,70,60,53.84615384615385,36.90223226480053,0.28386332511385026,1.5714064857766192,3690.223226480053,36.90223226480053,-571.3250778629481,-5.71325077862948,3.3692307692307693,82,48,24.678772604837974,12.223459659962556,70,60,0,549.689230769231,601,132,0
live,1.5,us30,H4,14102,2017-04-30 22:00:00+00:00,2026-08-21 17:00:00+00:00,37,16,21,43.24324324324324,1.0198738287822058,0.02756415753465421,1.046225662347018,101.9873828782205,1.019873828782205,-793.4252580878801,-7.934252580878802,1.8918918918918919,31,6,2.5618324399273495,-1.5419586111451447,16,21,0,550.318918918917,423,37,0
live,1.5,us30,D1,2403,2017-05-01 00:00:00+00:00,2026-08-21 00:00:00+00:00,4,2,2,50.0,0.37652195804873,0.0941304895121825,1.1484407954469524,37.652195804872974,0.37652195804872973,-145.45454545452958,-1.4545454545452958,1.0,2,2,0.3649542306218849,0.011567727426845087,2,2,0,313.75,92,4,0
live,1.5,us500,M1,25481,2026-08-09 22:00:00+00:00,2026-09-03 05:36:00+00:00,0,0,0,,0.0,,,0.0,0.0,0.0,0.0,,0,0,0.0,0.0,0,0,0,,0,0,0
live,1.5,us500,M5,21257,2026-05-10 22:00:00+00:00,2026-08-21 20:55:00+00:00,13,5,8,38.46153846153847,-0.9957780876703024,-0.07659831443617711,0.8796172737952181,-99.57780876703028,-0.9957780876703027,-576.9593998849523,-5.7695939988495235,47.0,7,6,-2.266961980129354,1.2711838924590517,5,8,0,271.56923076923005,16,13,0
live,1.5,us500,M15,21838,2025-09-30 21:00:00+00:00,2026-08-21 20:45:00+00:00,50,17,33,34.0,-8.905837743409192,-0.17811675486818385,0.7384750524139703,-890.583774340919,-8.90583774340919,-1665.004590363631,-16.65004590363631,52.16,25,25,-0.8268413945561128,-8.078996348853078,17,33,0,312.9879999999992,84,58,0
live,1.5,us500,H1,21826,2023-01-02 23:00:00+00:00,2026-08-21 20:00:00+00:00,107,46,61,42.99065420560748,6.163423852238046,0.05760209207699109,1.0994317443172406,616.3423852238043,6.163423852238044,-1149.0182900185064,-11.490182900185065,30.476635514018692,45,62,6.783635124780866,-0.6202112725428186,46,61,0,394.6373831775694,169,117,0
live,1.5,us500,H4,14186,2017-04-30 22:00:00+00:00,2026-08-21 17:00:00+00:00,139,71,68,51.07913669064749,36.61678524683343,0.26343010968944913,1.5322618670517612,3661.6785246833433,36.61678524683343,-506.0656403513567,-5.060656403513567,17.892086330935253,85,54,36.2533698496621,0.363415397171329,71,68,0,478.26330935251815,243,152,0
live,1.5,us500,D1,6991,1999-02-18 00:00:00+00:00,2026-08-21 00:00:00+00:00,70,32,38,45.714285714285715,7.497340249703264,0.10710486071004663,1.188983454755346,749.7340249703265,7.497340249703265,-965.3480583470155,-9.653480583470154,11.614285714285714,51,19,4.663741133481119,2.833599116222145,32,38,0,399.162857142857,151,74,0
live,1.5,xauusd,M1,25229,2026-08-09 22:01:00+00:00,2026-09-03 05:37:00+00:00,288,126,162,43.75,-0.20560670777865653,-0.0007139121797870018,0.9988477419912241,-20.56067077786429,-0.20560670777864287,-2147.086303645414,-21.470863036454137,14.3125,155,133,-20.70596486816804,20.500358160389396,126,162,0,403.73611111111245,509,313,0
live,1.5,xauusd,M5,20564,2026-05-10 22:00:00+00:00,2026-08-21 20:40:00+00:00,237,94,143,39.66244725738397,-28.83644608037553,-0.12167276827162671,0.8238186156586854,-2883.644608037553,-28.836446080375534,-3422.1068155773173,-34.22106815577317,6.628691983122363,100,137,-21.57491839897988,-7.2615276813956475,94,143,0,525.1164556962045,536,241,0
live,1.5,xauusd,M15,21007,2025-09-30 22:00:00+00:00,2026-08-21 20:30:00+00:00,133,56,77,42.10526315789473,-4.765522690207474,-0.03583099767073289,0.9445001176540205,-476.55226902074753,-4.765522690207475,-1172.0168909878648,-11.720168909878648,3.338345864661654,74,59,-5.401178116112215,0.6356554259047369,56,77,0,618.2360902255645,608,133,0
live,1.5,xauusd,H1,21516,2023-01-02 23:00:00+00:00,2026-08-21 20:00:00+00:00,146,68,78,46.57534246575342,14.757778231331919,0.10108067281734191,1.178523071435817,1475.7778231331918,14.757778231331917,-1372.8170467470864,-13.728170467470862,5.582191780821918,79,67,5.826894702625062,8.930883528706858,68,78,0,583.8246575342455,618,148,0
live,1.5,xauusd,H4,21049,2013-01-02 03:00:00+00:00,2026-08-21 18:00:00+00:00,141,57,84,40.42553191489361,-6.737032966956875,-0.04778037565217642,0.9238166223755591,-673.7032966956871,-6.737032966956871,-2666.1805184088953,-26.661805184088955,4.226950354609929,80,61,9.854594210461492,-16.591627177418367,57,84,0,614.8085106382968,647,143,0
live,1.5,xauusd,D1,8787,1992-08-18 00:00:00+00:00,2026-08-21 00:00:00+00:00,50,25,25,50.0,9.387523138399828,0.18775046276799656,1.351311343976652,938.7523138399828,9.387523138399828,-415.96352506724725,-4.159635250672473,5.18,32,18,8.482348194265244,0.905174944134582,25,25,0,537.3195999999999,269,50,0
live,2.0,audusd,M1,25361,2026-08-09 21:05:00+00:00,2026-09-03 05:38:00+00:00,0,0,0,,0.0,,,0.0,0.0,0.0,0.0,,0,0,0.0,0.0,0,0,0,,0,0,0
live,2.0,audusd,M5,20095,2026-05-17 21:05:00+00:00,2026-08-21 20:55:00+00:00,5,2,3,40.0,0.776168723065106,0.1552337446130212,1.245883381209339,77.61687230651061,0.7761687230651061,-211.68660561449906,-2.116866056144991,1110.0,3,2,-0.12583751892297101,0.9020062419880772,2,3,0,292.87999999999977,5,5,0
live,2.0,audusd,M15,22176,2025-09-30 21:00:00+00:00,2026-08-21 20:45:00+00:00,16,6,10,37.5,0.7452826678067384,0.04658016673792115,1.070365633535398,74.52826678067385,0.7452826678067385,-741.5804991448877,-7.415804991448876,222.75,12,4,1.9086526978303677,-1.1633700300236292,5,10,1,324.137499999999,26,16,0
live,2.0,audusd,H1,22655,2023-01-01 23:00:00+00:00,2026-08-21 20:00:00+00:00,92,39,53,42.391304347826086,20.599136096089147,0.22390365321836028,1.3710809604926735,2059.9136096089146,20.599136096089147,-851.6649927646886,-8.516649927646885,46.96739130434783,44,48,10.902154521423109,9.69698157466604,39,53,0,305.6260869565213,166,107,0
live,2.0,audusd,H4,21210,2013-01-01 22:00:00+00:00,2026-08-21 17:00:00+00:00,256,104,152,40.625,47.08898900255364,0.18394136329122515,1.2998458511020057,4708.898900255364,47.088989002553646,-2075.4911497263383,-20.754911497263386,18.38671875,124,132,9.408340605604918,37.68064839694873,104,152,0,481.8589843750001,485,293,0
live,2.0,audusd,D1,6301,2002-05-07 00:00:00+00:00,2026-08-21 00:00:00+00:00,68,28,40,41.17647058823529,13.805793334253599,0.20302637256255293,1.3347865913597015,1380.5793334253594,13.805793334253593,-869.5368106178757,-8.695368106178758,6.1911764705882355,38,30,14.582249342839406,-0.7764560085858032,28,40,0,592.6588235294117,216,71,0
live,2.0,eurgbp,M1,24741,2026-08-09 21:05:00+00:00,2026-09-03 05:37:00+00:00,0,0,0,,0.0,,,0.0,0.0,0.0,0.0,,0,0,0.0,0.0,0,0,0,,0,0,0
live,2.0,eurgbp,M5,20103,2026-05-17 21:05:00+00:00,2026-08-21 20:55:00+00:00,0,0,0,,0.0,,,0.0,0.0,0.0,0.0,,0,0,0.0,0.0,0,0,0,,0,0,0
live,2.0,eurgbp,M15,22176,2025-09-30 21:00:00+00:00,2026-08-21 20:45:00+00:00,4,2,2,50.0,1.7775889719160753,0.44439724297901884,1.8387131193834554,177.75889719160756,1.7775889719160756,-107.30994152046696,-1.0730994152046698,446.0,2,2,0.8754602555772268,0.9021287163388487,2,2,0,277.9000000000003,6,4,0
live,2.0,eurgbp,H1,22655,2023-01-01 23:00:00+00:00,2026-08-21 20:00:00+00:00,39,14,25,35.8974358974359,0.2443971384744552,0.0062665932942168,1.0091556598083602,24.43971384744546,0.24439713847445463,-1330.3293610736655,-13.303293610736656,85.38461538461539,22,17,6.225871808382406,-5.981474669907952,14,25,0,294.88717948717874,55,39,0
live,2.0,eurgbp,H4,21210,2013-01-01 22:00:00+00:00,2026-08-21 17:00:00+00:00,200,71,129,35.5,4.80521122622646,0.0240260561311323,1.0358726672570646,480.52112262264603,4.80521122622646,-3083.787944831587,-30.83787944831587,24.795,105,95,-4.097959441368103,8.903170667594559,71,129,0,476.63099999999963,358,231,0
live,2.0,eurgbp,D1,6301,2002-05-08 00:00:00+00:00,2026-08-21 00:00:00+00:00,70,27,43,38.57142857142858,8.755099087563165,0.12507284410804523,1.1990568014033436,875.5099087563161,8.755099087563162,-981.1154332095593,-9.811154332095594,9.114285714285714,27,43,10.898932248342875,-2.1438331607797125,27,42,1,540.8457142857145,183,77,0
live,2.0,eurusd,M1,25837,2026-08-09 21:05:00+00:00,2026-09-03 05:39:00+00:00,0,0,0,,0.0,,,0.0,0.0,0.0,0.0,,0,0,0.0,0.0,0,0,0,,0,0,0
live,2.0,eurusd,M5,20103,2026-05-17 21:05:00+00:00,2026-08-21 20:55:00+00:00,6,3,3,50.0,2.7013825412770363,0.4502304235461727,1.8599136545779524,270.1382541277036,2.701382541277036,-104.66853408029783,-1.0466853408029784,278.8333333333333,4,2,-1.1724560375360498,3.8738385788130856,3,3,0,289.2000000000042,7,7,0
live,2.0,eurusd,M15,22176,2025-09-30 21:00:00+00:00,2026-08-21 20:45:00+00:00,21,8,13,38.095238095238095,-0.05110853820611706,-0.002433739914577003,0.9962845633106023,-5.11085382061165,-0.0511085382061165,-591.8167091124851,-5.918167091124851,105.85714285714286,11,10,-7.458615832074381,7.407507293868264,7,13,1,231.0190476190484,30,22,0
live,2.0,eurusd,H1,22655,2023-01-01 23:00:00+00:00,2026-08-21 20:00:00+00:00,98,33,65,33.6734693877551,-3.089172189490304,-0.03152216519888065,0.9544159510352033,-308.9172189490303,-3.089172189490303,-2428.01683166942,-24.280168316694198,38.96938775510204,50,48,-4.387172107971465,1.2979999184811613,33,65,0,375.14693877551156,189,113,0
live,2.0,eurusd,H4,21210,2013-01-01 22:00:00+00:00,2026-08-21 17:00:00+00:00,219,83,136,37.89954337899543,22.900922627361492,0.10457042295598855,1.1627517676795127,2290.0922627361497,22.900922627361496,-1458.0358341670326,-14.580358341670326,17.570776255707763,111,108,8.90983862157692,13.991084005784577,83,136,0,529.4502283105022,493,259,0
live,2.0,eurusd,D1,6307,2002-05-07 00:00:00+00:00,2026-08-21 00:00:00+00:00,42,16,26,38.095238095238095,4.775341910237093,0.11369861691040697,1.178506601809744,477.5341910237094,4.775341910237095,-1019.2159148189348,-10.192159148189349,4.690476190476191,18,24,-0.3942966216060282,5.169638531843125,16,26,0,635.6428571428563,228,42,0
live,2.0,gbpusd,M1,26114,2026-08-09 21:07:00+00:00,2026-09-03 05:38:00+00:00,0,0,0,,0.0,,,0.0,0.0,0.0,0.0,,0,0,0.0,0.0,0,0,0,,1,0,0
live,2.0,gbpusd,M5,20086,2026-05-17 21:05:00+00:00,2026-08-21 20:55:00+00:00,6,2,4,33.33333333333333,-0.35143009878571463,-0.058571683130952436,0.9180113842241199,-35.14300987857149,-0.3514300987857149,-214.60690893681567,-2.1460690893681567,391.6666666666667,5,1,-2.322472569828168,1.971042471042454,2,4,0,320.2000000000001,8,6,0
live,2.0,gbpusd,M15,22174,2025-09-30 21:00:00+00:00,2026-08-21 20:45:00+00:00,53,16,37,30.18867924528302,-10.105114073775137,-0.1906625296938705,0.745926273693527,-1010.5114073775139,-10.10511407377514,-1633.9478113939713,-16.339478113939713,77.18867924528301,32,21,-2.864779964342532,-7.240334109432611,15,37,1,299.2754716981117,82,59,0
live,2.0,gbpusd,H1,22655,2023-01-01 23:00:00+00:00,2026-08-21 20:00:00+00:00,139,45,94,32.37410071942446,-12.821916407900776,-0.09224400293453795,0.8718015512186673,-1282.1916407900776,-12.821916407900776,-1975.9556424910024,-19.759556424910024,28.62589928057554,72,67,-1.8116573226867025,-11.010259085214075,45,94,0,393.7539568345325,248,155,0
live,2.0,gbpusd,H4,21210,2013-01-01 22:00:00+00:00,2026-08-21 17:00:00+00:00,220,83,137,37.72727272727273,20.20378901864768,0.09183540463021672,1.142766314653588,2020.3789018647683,20.203789018647683,-2103.4363741756188,-21.034363741756188,11.804545454545455,122,98,19.994397727116446,0.20939129153123326,82,137,1,570.1754545454547,547,238,0
live,2.0,gbpusd,D1,6311,2002-05-07 00:00:00+00:00,2026-08-21 00:00:00+00:00,31,11,20,35.483870967741936,0.7307606670537106,0.023572924743668084,1.0349316824839545,73.07606670537092,0.7307606670537092,-673.23430341126,-6.732343034112601,3.193548387096774,16,15,1.2598542734877092,-0.5290936064339986,11,20,0,613.5967741935463,216,31,0
live,2.0,us100,M1,26000,2026-08-09 22:00:00+00:00,2026-09-03 05:36:00+00:00,93,38,55,40.86021505376344,13.46323668199786,0.14476598582793396,1.225004152036312,1346.323668199786,13.46323668199786,-1450.7494316534194,-14.507494316534194,64.3010752688172,46,47,7.9918977050121995,5.471338976985664,38,55,0,311.64946236559257,163,106,0
live,2.0,us100,M5,21307,2026-05-10 22:00:00+00:00,2026-08-21 20:55:00+00:00,208,76,132,36.53846153846153,8.741900583257353,0.04202836818873727,1.062902469856224,874.1900583257345,8.741900583257344,-1835.2580980070034,-18.352580980070034,12.879807692307692,104,104,-12.859039983618793,21.60094056687614,76,131,1,451.99903846153796,404,226,0
live,2.0,us100,M15,21857,2025-09-30 21:00:00+00:00,2026-08-21 20:45:00+00:00,181,80,101,44.19889502762431,50.32638799980752,0.278046342540373,1.4773523128820927,5032.638799980752,50.32638799980752,-1492.4738836204142,-14.924738836204144,10.165745856353592,108,73,24.493384259948503,25.83300373985902,80,101,0,472.75469613259526,466,196,0
live,2.0,us100,H1,21841,2023-01-02 23:00:00+00:00,2026-08-21 20:00:00+00:00,147,58,89,39.455782312925166,20.561189570625444,0.1398720378954112,1.221271889827523,2056.118957062544,20.561189570625437,-1244.7642200089867,-12.447642200089867,6.149659863945578,98,49,11.43158513358848,9.129604437036958,58,89,0,544.1863945578225,543,151,0
live,2.0,us100,H4,14187,2017-04-30 22:00:00+00:00,2026-08-21 17:00:00+00:00,87,38,49,43.67816091954023,17.159353566345153,0.19723394903845004,1.2991402826791454,1715.9353566345158,17.159353566345157,-1000.8593038871786,-10.008593038871787,11.35632183908046,64,23,17.332908007079162,-0.17355444073400106,38,49,0,609.7839080459764,440,98,0
live,2.0,us100,D1,2897,2015-04-20 00:00:00+00:00,2026-08-21 00:00:00+00:00,16,6,10,37.5,1.503679002659033,0.09397993766618956,1.14521162013316,150.36790026590336,1.5036790026590334,-524.214389448427,-5.24214389448427,5.25,13,3,-1.4386645107711675,2.942343513430201,6,10,0,633.9000000000004,95,16,0
live,2.0,us30,M1,25717,2026-08-09 22:00:00+00:00,2026-09-03 05:37:00+00:00,82,25,57,30.48780487804878,-16.67958549762922,-0.20340957923938072,0.7410935534288893,-1667.9585497629223,-16.679585497629223,-2089.6216028283607,-20.896216028283607,28.182926829268293,44,38,-15.87326815211841,-0.8063173455108086,25,57,0,270.75121951219734,133,88,0
live,2.0,us30,M5,21299,2026-05-10 22:00:00+00:00,2026-08-21 20:55:00+00:00,156,65,91,41.66666666666667,26.519055019857966,0.16999394243498697,1.2698471908559688,2651.9055019857974,26.519055019857973,-1068.4745265699894,-10.684745265699894,16.26923076923077,87,69,12.947603986877315,13.571451032980653,66,90,0,432.7128205128228,323,172,0
live,2.0,us30,M15,21855,2025-09-30 21:00:00+00:00,2026-08-21 20:45:00+00:00,170,63,107,37.05882352941177,7.987075847674969,0.04698279910397041,1.0703521052811729,798.7075847674973,7.987075847674974,-2325.4240706321143,-23.254240706321145,7.2176470588235295,88,82,9.050153328018979,-1.0630774803440055,64,106,0,464.4882352941191,454,172,0
live,2.0,us30,H1,21841,2023-01-02 23:00:00+00:00,2026-08-21 20:00:00+00:00,130,61,69,46.92307692307692,44.902232264800524,0.34540178665231175,1.607307088315734,4490.223226480053,44.90223226480053,-971.3250778629463,-9.713250778629464,3.8461538461538463,82,48,26.1787726048378,18.723459659962725,61,69,0,549.689230769231,601,132,0
live,2.0,us30,H4,14102,2017-04-30 22:00:00+00:00,2026-08-21 17:00:00+00:00,37,13,24,35.13513513513514,0.019873828782051683,0.0005371305076230185,1.000789612846996,1.9873828782050396,0.019873828782050396,-963.0663987629869,-9.630663987629868,2.2972972972972974,31,6,3.5618324399277146,-3.541958611145664,13,24,0,550.318918918917,423,37,0
live,2.0,us30,D1,2403,2017-05-01 00:00:00+00:00,2026-08-21 00:00:00+00:00,4,2,2,50.0,1.3765219580488883,0.3441304895122221,1.5426828636021506,137.6521958048888,1.376521958048888,-145.45454545452958,-1.4545454545452958,1.0,2,2,0.8649542306219815,0.5115677274269068,2,2,0,313.75,92,4,0
live,2.0,us500,M1,25481,2026-08-09 22:00:00+00:00,2026-09-03 05:36:00+00:00,0,0,0,,0.0,,,0.0,0.0,0.0,0.0,,0,0,0.0,0.0,0,0,0,,0,0,0
live,2.0,us500,M5,21257,2026-05-10 22:00:00+00:00,2026-08-21 20:55:00+00:00,13,5,8,38.46153846153847,1.5042219123296774,0.11570937787151364,1.1818500897593285,150.42219123296778,1.5042219123296778,-526.9593998849487,-5.269593998849487,47.38461538461539,7,6,-1.2669619801293368,2.7711838924590144,5,8,0,271.56923076923005,16,13,0
live,2.0,us500,M15,21838,2025-09-30 21:00:00+00:00,2026-08-21 20:45:00+00:00,47,13,34,27.659574468085108,-9.299246937603282,-0.19785631782134644,0.7346414318892106,-929.9246937603282,-9.299246937603282,-1515.0045903636328,-15.150045903636327,84.02127659574468,24,23,-0.7714090220506211,-8.527837915552661,13,34,0,322.5234042553185,84,58,0
live,2.0,us500,H1,21826,2023-01-02 23:00:00+00:00,2026-08-21 20:00:00+00:00,98,34,64,34.69387755102041,2.283680825399191,0.02330286556529787,1.035120035570065,228.3680825399191,2.283680825399191,-1842.4610945289696,-18.424610945289697,41.785714285714285,40,58,4.35276477292865,-2.06908394752946,34,64,0,388.47346938775416,169,117,0
live,2.0,us500,H4,14186,2017-04-30 22:00:00+00:00,2026-08-21 17:00:00+00:00,126,58,68,46.03174603174603,46.278325202314804,0.3672882952564667,1.672147217464714,4627.832520231481,46.278325202314804,-506.0656403513567,-5.060656403513567,22.428571428571427,77,49,41.88672848714817,4.39159671516664,58,68,0,474.79206349206345,243,152,0
live,2.0,us500,D1,6991,1999-02-18 00:00:00+00:00,2026-08-21 00:00:00+00:00,65,27,38,41.53846153846154,13.69769829599503,0.21073381993838508,1.3460183850706022,1369.769829599503,13.697698295995032,-1053.0457525376223,-10.530457525376223,16.2,47,18,8.342053324393737,5.3556449716012935,27,38,0,416.00615384615367,151,74,0
live,2.0,xauusd,M1,25229,2026-08-09 22:01:00+00:00,2026-09-03 05:37:00+00:00,273,100,173,36.63003663003663,1.679020490128572,0.006150258205599165,1.00885802261765,167.90204901285688,1.6790204901285688,-2248.3306792605545,-22.483306792605546,20.252747252747252,148,125,-21.68925634044462,23.36827683057319,100,173,0,406.4798534798546,509,313,0
live,2.0,xauusd,M5,20564,2026-05-10 22:00:00+00:00,2026-08-21 20:40:00+00:00,233,84,149,36.05150214592275,-7.617759335093198,-0.03269424607336136,0.9551779684967525,-761.77593350932,-7.617759335093199,-2150.238141048967,-21.502381410489672,7.9957081545064375,100,133,-17.57491839898051,9.957159063887318,84,149,0,524.2781115879847,536,241,0
live,2.0,xauusd,M15,21007,2025-09-30 22:00:00+00:00,2026-08-21 20:30:00+00:00,132,50,82,37.878787878787875,6.267234123209558,0.047479046387951196,1.0688385487455123,626.7234123209557,6.267234123209557,-1425.7340761231844,-14.257340761231843,3.9545454545454546,74,58,-1.9011781161118142,8.16841223932137,50,82,0,617.1378787878797,608,133,0
live,2.0,xauusd,H1,21516,2023-01-02 23:00:00+00:00,2026-08-21 20:00:00+00:00,144,58,86,40.27777777777778,20.877459584324026,0.1449823582244724,1.2293340333888105,2087.745958432402,20.877459584324022,-1222.8170467470918,-12.228170467470918,7.256944444444445,78,66,3.874405154924318,17.0030544293997,58,86,0,585.8736111111099,618,148,0
live,2.0,xauusd,H4,21049,2013-01-02 03:00:00+00:00,2026-08-21 18:00:00+00:00,139,52,87,37.410071942446045,8.840224523766356,0.06359873758105292,1.096441941765457,884.0224523766356,8.840224523766356,-2473.1442890475755,-24.731442890475755,4.820143884892087,79,60,17.905469261336666,-9.065244737570307,52,87,0,613.3021582733803,647,143,0
live,2.0,xauusd,D1,8787,1992-08-18 00:00:00+00:00,2026-08-21 00:00:00+00:00,49,20,29,40.816326530612244,7.931077145368456,0.16185871725241746,1.256038192820142,793.1077145368456,7.931077145368456,-796.6746286264624,-7.966746286264624,6.163265306122449,31,18,9.025902201233876,-1.0948250558654191,20,29,0,536.5710204081632,269,50,0
live,2.5,audusd,M1,25361,2026-08-09 21:05:00+00:00,2026-09-03 05:38:00+00:00,0,0,0,,0.0,,,0.0,0.0,0.0,0.0,,0,0,0.0,0.0,0,0,0,,0,0,0
live,2.5,audusd,M5,20095,2026-05-17 21:05:00+00:00,2026-08-21 20:55:00+00:00,3,2,1,66.66666666666666,3.893034779210129,1.2976782597367096,4.744066611638303,389.3034779210129,3.893034779210129,0.0,0.0,2491.0,2,1,1.434102541017095,2.458932238193034,2,1,0,351.13333333333475,5,5,0
live,2.5,audusd,M15,22176,2025-09-30 21:00:00+00:00,2026-08-21 20:45:00+00:00,13,5,8,38.46153846153847,2.9210495895393027,0.22469612227225405,1.3465683338907766,292.10495895393024,2.9210495895393023,-741.5804991448877,-7.415804991448876,550.3846153846154,11,2,1.4847948298100466,1.4362547597292563,4,8,1,348.9076923076907,26,16,0
live,2.5,audusd,H1,22655,2023-01-01 23:00:00+00:00,2026-08-21 20:00:00+00:00,89,28,61,31.46067415730337,4.746511706674411,0.05333159220982485,1.0743018979599097,474.6511706674411,4.746511706674411,-1097.0828973450662,-10.970828973450661,61.26966292134831,43,46,0.44716577423631243,4.299345932438101,28,61,0,307.66067415730294,166,107,0
live,2.5,audusd,H4,21210,2013-01-01 22:00:00+00:00,2026-08-21 17:00:00+00:00,242,94,148,38.84297520661157,78.67527121039316,0.32510442648922794,1.5151067052717198,7867.527121039316,78.67527121039316,-2275.4911497263347,-22.754911497263347,22.975206611570247,119,123,27.28274264585224,51.392528564540925,94,148,0,481.7830578512398,485,293,0
live,2.5,audusd,D1,6301,2002-05-07 00:00:00+00:00,2026-08-21 00:00:00+00:00,68,24,44,35.294117647058826,13.805793334253455,0.2030263725625508,1.3043180349596037,1380.5793334253458,13.805793334253458,-1069.5368106178776,-10.695368106178774,7.455882352941177,38,30,9.582249342839257,4.223543991414199,24,44,0,592.6588235294117,216,71,0
live,2.5,eurgbp,M1,24741,2026-08-09 21:05:00+00:00,2026-09-03 05:37:00+00:00,0,0,0,,0.0,,,0.0,0.0,0.0,0.0,,0,0,0.0,0.0,0,0,0,,0,0,0
live,2.5,eurgbp,M5,20103,2026-05-17 21:05:00+00:00,2026-08-21 20:55:00+00:00,0,0,0,,0.0,,,0.0,0.0,0.0,0.0,,0,0,0.0,0.0,0,0,0,,0,0,0
live,2.5,eurgbp,M15,22176,2025-09-30 21:00:00+00:00,2026-08-21 20:45:00+00:00,4,2,2,50.0,2.777588971916076,0.694397242979019,2.3105393585389566,277.75889719160756,2.777588971916076,-107.30994152046696,-1.0730994152046698,452.5,2,2,1.375460255577246,1.4021287163388299,2,2,0,277.9000000000003,6,4,0
live,2.5,eurgbp,H1,22655,2023-01-01 23:00:00+00:00,2026-08-21 20:00:00+00:00,39,12,27,30.76923076923077,0.24439713847442257,0.006266593294215963,1.008492405601173,24.43971384744239,0.2443971384744239,-1580.3293610736637,-15.803293610736638,108.35897435897436,22,17,7.725871808382415,-7.4814746699079935,12,27,0,294.88717948717874,55,39,0
live,2.5,eurgbp,H4,21210,2013-01-01 22:00:00+00:00,2026-08-21 17:00:00+00:00,193,62,131,32.12435233160622,16.0821140898246,0.08332701600945389,1.1181276931417719,1608.21140898246,16.0821140898246,-2924.386657683386,-29.24386657683386,29.683937823834196,103,90,1.492816556912021,14.589297532912585,62,131,0,478.38756476683903,358,231,0
live,2.5,eurgbp,D1,6301,2002-05-08 00:00:00+00:00,2026-08-21 00:00:00+00:00,69,24,45,34.78260869565217,12.828556482274141,0.18592110843875567,1.2787708239641138,1282.8556482274141,12.828556482274141,-970.3888523696569,-9.70388852369657,10.695652173913043,27,42,13.898932248342815,-1.070375766068673,24,44,1,545.7246376811595,183,77,0
live,2.5,eurusd,M1,25837,2026-08-09 21:05:00+00:00,2026-09-03 05:39:00+00:00,0,0,0,,0.0,,,0.0,0.0,0.0,0.0,,0,0,0.0,0.0,0,0,0,,0,0,0
live,2.5,eurusd,M5,20103,2026-05-17 21:05:00+00:00,2026-08-21 20:55:00+00:00,5,1,4,20.0,-1.7676193186113736,-0.35352386372227473,0.5833311710024663,-176.76193186113733,-1.7676193186113731,-211.81796274294175,-2.1181796274294173,718.8,3,2,-3.141457897424459,1.3738385788130858,1,4,0,282.52000000000606,7,7,0
live,2.5,eurusd,M15,22176,2025-09-30 21:00:00+00:00,2026-08-21 20:45:00+00:00,21,7,14,33.33333333333333,-0.051108538206171686,-0.002433739914579604,0.9965529509759801,-5.110853820617164,-0.051108538206171644,-819.6420029548663,-8.196420029548662,112.66666666666667,11,10,-6.958615832074381,6.9075072938682105,6,14,1,231.0190476190484,30,22,0
live,2.5,eurusd,H1,22655,2023-01-01 23:00:00+00:00,2026-08-21 20:00:00+00:00,94,28,66,29.78723404255319,0.05284617219006882,0.0005621933211709449,1.000767857523948,5.284617219006719,0.052846172190067195,-2473.025521817128,-24.73025521817128,46.02127659574468,48,46,-1.2952793431139744,1.3481255153040397,28,66,0,375.5212765957459,189,113,0
live,2.5,eurusd,H4,21210,2013-01-01 22:00:00+00:00,2026-08-21 17:00:00+00:00,208,72,136,34.61538461538461,37.123885437617346,0.17848021845008338,1.263727061653519,3712.3885437617337,37.12388543761734,-1336.916388074389,-13.369163880743889,22.98076923076923,104,104,19.032011000716626,18.091874436900714,72,136,0,525.2096153846154,493,259,0
live,2.5,eurusd,D1,6307,2002-05-07 00:00:00+00:00,2026-08-21 00:00:00+00:00,42,15,27,35.714285714285715,9.275341910237245,0.22084147405326773,1.3340431981042022,927.5341910237244,9.275341910237243,-969.2159148189348,-9.692159148189349,5.738095238095238,18,24,2.6057033783941588,6.669638531843083,15,27,0,635.6428571428563,228,42,0
live,2.5,gbpusd,M1,26114,2026-08-09 21:07:00+00:00,2026-09-03 05:38:00+00:00,0,0,0,,0.0,,,0.0,0.0,0.0,0.0,,0,0,0.0,0.0,0,0,0,,1,0,0
live,2.5,gbpusd,M5,20086,2026-05-17 21:05:00+00:00,2026-08-21 20:55:00+00:00,4,2,2,50.0,2.794638990582464,0.698659747645616,2.305748097942432,279.4638990582464,2.794638990582464,-106.3884156729182,-1.0638841567291821,828.25,3,1,0.32359651954001034,2.4710424710424537,2,2,0,341.04999999999825,8,6,0
live,2.5,gbpusd,M15,22174,2025-09-30 21:00:00+00:00,2026-08-21 20:45:00+00:00,49,11,38,22.448979591836736,-15.80595514491847,-0.3225705131616014,0.6124550942090385,-1580.5955144918469,-15.805955144918467,-1815.5207228379859,-18.155207228379858,100.91836734693878,29,20,-5.0847536885469795,-10.721201456371492,10,38,1,295.6244897959167,82,59,0
live,2.5,gbpusd,H1,22655,2023-01-01 23:00:00+00:00,2026-08-21 20:00:00+00:00,134,38,96,28.35820895522388,-9.540589481868972,-0.07119842896917143,0.9066361587846792,-954.0589481868974,-9.540589481868974,-1432.1479147578375,-14.321479147578376,32.82835820895522,67,67,-5.030330396655188,-4.510259085213784,38,96,0,389.5373134328361,248,155,0
live,2.5,gbpusd,H4,21210,2013-01-01 22:00:00+00:00,2026-08-21 17:00:00+00:00,211,63,148,29.85781990521327,0.5329656161529179,0.0025259033940896584,1.0034898049158145,53.29656161529192,0.5329656161529193,-4097.708065571691,-40.97708065571691,15.672985781990521,116,95,11.740348650818733,-11.207383034665817,62,148,1,571.4080568720381,547,238,0
live,2.5,gbpusd,D1,6311,2002-05-07 00:00:00+00:00,2026-08-21 00:00:00+00:00,31,11,20,35.483870967741936,6.230760667053702,0.20099227958237748,1.2978416368967438,623.0760667053701,6.230760667053701,-631.6171136638259,-6.316171136638259,3.2903225806451615,16,15,4.259854273487709,1.970906393565993,11,20,0,613.5967741935463,216,31,0
live,2.5,us100,M1,26000,2026-08-09 22:00:00+00:00,2026-09-03 05:36:00+00:00,79,25,54,31.645569620253166,2.1542517250787077,0.02726900917821149,1.036796658330362,215.4251725078705,2.154251725078705,-1294.0410237822143,-12.940410237822142,110.88607594936708,39,40,3.994799134009206,-1.8405474089304992,25,54,0,327.87341772152,163,106,0
live,2.5,us100,M5,21307,2026-05-10 22:00:00+00:00,2026-08-21 20:55:00+00:00,205,63,142,30.73170731707317,4.3424869948106615,0.0211828633893203,1.0290749288728405,434.2486994810663,4.342486994810663,-2317.531270053565,-23.17531270053565,16.370731707317074,102,103,-15.791965636408351,20.134452631219013,63,141,1,451.54634146341436,404,226,0
live,2.5,us100,M15,21857,2025-09-30 21:00:00+00:00,2026-08-21 20:45:00+00:00,179,75,104,41.899441340782126,74.92600917519471,0.4185810568446632,1.6898802891414704,7492.600917519471,74.92600917519471,-1392.4738836204142,-13.924738836204142,11.396648044692737,106,73,39.09300543533584,35.83300373985886,75,104,0,474.1039106145239,466,196,0
live,2.5,us100,H1,21841,2023-01-02 23:00:00+00:00,2026-08-21 20:00:00+00:00,146,51,95,34.93150684931507,26.104022237673192,0.1787946728607753,1.2634263895151399,2610.402223767319,26.104022237673192,-1292.189179343739,-12.92189179343739,6.904109589041096,98,48,9.431585133588808,16.672437104084384,51,95,0,545.51506849315,543,151,0
live,2.5,us100,H4,14187,2017-04-30 22:00:00+00:00,2026-08-21 17:00:00+00:00,87,34,53,39.08045977011494,22.159353566345207,0.25470521340626673,1.360607323266088,2215.9353566345208,22.159353566345207,-950.8593038871768,-9.508593038871767,13.574712643678161,64,23,18.332908007079183,3.8264455592660216,34,53,0,609.7839080459764,440,98,0
live,2.5,us100,D1,2897,2015-04-20 00:00:00+00:00,2026-08-21 00:00:00+00:00,16,6,10,37.5,4.503679002659048,0.2814799376661905,1.4349242912744906,450.3679002659047,4.503679002659047,-524.214389448427,-5.24214389448427,5.3125,13,3,0.5613354892288458,3.942343513430201,6,10,0,633.9000000000004,95,16,0
live,2.5,us30,M1,25717,2026-08-09 22:00:00+00:00,2026-09-03 05:37:00+00:00,79,24,55,30.37974683544304,-4.410226991098545,-0.055825658115171456,0.9291447218174761,-441.0226991098548,-4.410226991098548,-1469.5384298697318,-14.695384298697316,35.9746835443038,43,36,-9.297510576360937,4.887283585262393,24,55,0,272.42531645569943,133,88,0
live,2.5,us30,M5,21299,2026-05-10 22:00:00+00:00,2026-08-21 20:55:00+00:00,150,49,101,32.666666666666664,10.04303713920365,0.06695358092802434,1.0927509853458162,1004.3037139203645,10.043037139203644,-1634.199703367225,-16.34199703367225,20.993333333333332,83,67,7.86554724718339,2.177489892020255,50,100,0,434.51466666666914,323,172,0
live,2.5,us30,M15,21855,2025-09-30 21:00:00+00:00,2026-08-21 20:45:00+00:00,170,58,112,34.11764705882353,22.487075847670994,0.13227691675100584,1.190025331797192,2248.7075847670994,22.487075847670994,-1935.560134533749,-19.35560134533749,8.564705882352941,88,82,12.050153328018485,10.436922519652503,59,111,0,464.4882352941191,454,172,0
live,2.5,us30,H1,21841,2023-01-02 23:00:00+00:00,2026-08-21 20:00:00+00:00,130,53,77,40.76923076923077,47.40223226480039,0.3646325558830799,1.5762779570878147,4740.223226480039,47.40223226480039,-871.3250778629481,-8.713250778629481,4.423076923076923,82,48,34.67877260483766,12.723459659962723,53,77,0,549.689230769231,601,132,0
live,2.5,us30,H4,14102,2017-04-30 22:00:00+00:00,2026-08-21 17:00:00+00:00,37,12,25,32.432432432432435,3.019873828781966,0.08161821158870179,1.1152604779027042,301.9873828781967,3.0198738287819666,-1077.8291019779717,-10.778291019779719,2.810810810810811,31,6,6.0618324399281285,-3.0419586111461627,12,25,0,550.318918918917,423,37,0
live,2.5,us30,D1,2403,2017-05-01 00:00:00+00:00,2026-08-21 00:00:00+00:00,4,2,2,50.0,2.3765219580490466,0.5941304895122617,1.936924931757349,237.65219580490466,2.3765219580490466,-145.45454545452958,-1.4545454545452958,1.0,2,2,1.364954230622078,1.0115677274269685,2,2,0,313.75,92,4,0
live,2.5,us500,M1,25481,2026-08-09 22:00:00+00:00,2026-09-03 05:36:00+00:00,0,0,0,,0.0,,,0.0,0.0,0.0,0.0,,0,0,0.0,0.0,0,0,0,,0,0,0
live,2.5,us500,M5,21257,2026-05-10 22:00:00+00:00,2026-08-21 20:55:00+00:00,13,4,9,30.76923076923077,0.5042219123296401,0.038786300948433855,1.0542694975933689,50.42219123296408,0.5042219123296409,-612.485891276594,-6.12485891276594,58.53846153846154,7,6,-3.7669619801293366,4.271183892458977,4,9,0,271.56923076923005,16,13,0
live,2.5,us500,M15,21838,2025-09-30 21:00:00+00:00,2026-08-21 20:45:00+00:00,44,9,35,20.454545454545457,-13.749496521977568,-0.312488557317672,0.6185719784521286,-1374.9496521977571,-13.749496521977573,-1612.4264807281925,-16.124264807281925,102.29545454545455,22,22,-1.7376126587541647,-12.011883863223401,9,35,0,321.08636363636293,84,58,0
live,2.5,us500,H1,21826,2023-01-02 23:00:00+00:00,2026-08-21 20:00:00+00:00,93,32,61,34.40860215053764,17.408687534982793,0.18719018854820207,1.2809912003323007,1740.8687534982794,17.408687534982796,-1692.4610945289714,-16.924610945289714,46.655913978494624,39,54,12.874391070506537,4.534296464476256,32,61,0,391.25591397849354,169,117,0
live,2.5,us500,H4,14186,2017-04-30 22:00:00+00:00,2026-08-21 17:00:00+00:00,118,42,76,35.59322033898305,27.37659878423135,0.23200507444263857,1.3556587629163586,2737.6598784231355,27.376598784231355,-819.1955522950484,-8.191955522950483,30.177966101694917,72,46,35.44408852673097,-8.067489742499617,42,76,0,477.04576271186454,243,152,0
live,2.5,us500,D1,6991,1999-02-18 00:00:00+00:00,2026-08-21 00:00:00+00:00,61,23,38,37.704918032786885,17.235431649057936,0.2825480598206219,1.4350872230106777,1723.5431649057934,17.235431649057933,-886.0074354793451,-8.86007435479345,21.868852459016395,44,17,13.854040024521556,3.381391624536377,23,38,0,404.01311475409796,151,74,0
live,2.5,xauusd,M1,25229,2026-08-09 22:01:00+00:00,2026-09-03 05:37:00+00:00,258,83,175,32.17054263565892,8.255168024295031,0.03199677528796524,1.0430394735590198,825.5168024295031,8.25516802429503,-2420.8342831678347,-24.208342831678348,27.550387596899224,141,117,-15.341648067683376,23.596816091978415,83,175,0,405.12480620155316,509,313,0
live,2.5,xauusd,M5,20564,2026-05-10 22:00:00+00:00,2026-08-21 20:40:00+00:00,225,75,150,33.33333333333333,11.698157041280691,0.051991809072358626,1.0685867343224658,1169.8157041280688,11.698157041280687,-2020.7972300741258,-20.207972300741257,9.764444444444445,98,127,-12.99659194046706,24.694748981747747,75,150,0,523.3208888888912,536,241,0
live,2.5,xauusd,M15,21007,2025-09-30 22:00:00+00:00,2026-08-21 20:30:00+00:00,131,42,89,32.06106870229007,4.302644888082574,0.03284461746627919,1.0437281230375062,430.26448880825717,4.302644888082572,-1772.192999635934,-17.72192999635934,5.412213740458015,74,57,-5.901178116110988,10.20382300419356,42,89,0,616.4595419847342,608,133,0
live,2.5,xauusd,H1,21516,2023-01-02 23:00:00+00:00,2026-08-21 20:00:00+00:00,141,52,89,36.87943262411347,32.03976102060882,0.22723234766389236,1.340216532541299,3203.976102060883,32.03976102060883,-2010.1717569508728,-20.10171756950873,9.02836879432624,75,66,14.536706591209128,17.503054429399707,52,89,0,588.3304964538991,618,148,0
live,2.5,xauusd,H4,21049,2013-01-02 03:00:00+00:00,2026-08-21 18:00:00+00:00,136,45,91,33.088235294117645,13.47403095172516,0.09907375699797911,1.1404220545140622,1347.4030951725163,13.474030951725164,-2358.2261189641686,-23.582261189641684,5.75,78,58,25.475772973372724,-12.001742021647566,45,91,0,612.5985294117636,647,143,0
live,2.5,xauusd,D1,8787,1992-08-18 00:00:00+00:00,2026-08-21 00:00:00+00:00,49,18,31,36.734693877551024,10.931077145368441,0.22308320704833554,1.330650368799877,1093.1077145368445,10.931077145368445,-646.6746286264624,-6.466746286264624,7.122448979591836,31,18,12.525902201233857,-1.5948250558654138,18,31,0,536.5710204081632,269,50,0
live,3.0,audusd,M1,25361,2026-08-09 21:05:00+00:00,2026-09-03 05:38:00+00:00,0,0,0,,0.0,,,0.0,0.0,0.0,0.0,,0,0,0.0,0.0,0,0,0,,0,0,0
live,3.0,audusd,M5,20095,2026-05-17 21:05:00+00:00,2026-08-21 20:55:00+00:00,3,2,1,66.66666666666666,4.89303477921011,1.6310115930700366,5.705801305515833,489.303477921011,4.89303477921011,0.0,0.0,2943.6666666666665,2,1,1.934102541017095,2.958932238193015,2,1,0,351.13333333333475,5,5,0
live,3.0,audusd,M15,22176,2025-09-30 21:00:00+00:00,2026-08-21 20:45:00+00:00,13,5,8,38.46153846153847,4.921049589539324,0.3785422761184095,1.5838586114210795,492.1049589539324,4.921049589539324,-741.5804991448877,-7.415804991448876,582.1538461538462,11,2,2.9847948298100677,1.9362547597292563,4,8,1,348.9076923076907,26,16,0
live,3.0,audusd,H1,22655,2023-01-01 23:00:00+00:00,2026-08-21 20:00:00+00:00,87,24,63,27.586206896551722,4.796224979492957,0.055129022752792606,1.0726199499136762,479.62249794929573,4.7962249794929575,-997.0828973450643,-9.970828973450644,67.5632183908046,43,44,-1.0528342257636867,5.849059205256646,24,63,0,303.2183908045972,166,107,0
live,3.0,audusd,H4,21210,2013-01-01 22:00:00+00:00,2026-08-21 17:00:00+00:00,229,78,151,34.06113537117904,75.19786601347901,0.3283749607575503,1.4822854473217764,7519.7866013479,75.197866013479,-2175.4911497263383,-21.754911497263382,26.899563318777293,112,117,16.0324249615781,59.16544105190089,78,151,0,483.53711790393027,485,293,0
live,3.0,audusd,D1,6301,2002-05-07 00:00:00+00:00,2026-08-21 00:00:00+00:00,67,20,47,29.850746268656714,10.965793334253602,0.1636685572276657,1.2270700598022326,1096.5793334253608,10.965793334253608,-853.5368106178757,-8.535368106178758,9.104477611940299,37,30,1.742249342839407,9.223543991414196,20,47,0,600.3850746268656,216,71,0
live,3.0,eurgbp,M1,24741,2026-08-09 21:05:00+00:00,2026-09-03 05:37:00+00:00,0,0,0,,0.0,,,0.0,0.0,0.0,0.0,,0,0,0.0,0.0,0,0,0,,0,0,0
live,3.0,eurgbp,M5,20103,2026-05-17 21:05:00+00:00,2026-08-21 20:55:00+00:00,0,0,0,,0.0,,,0.0,0.0,0.0,0.0,,0,0,0.0,0.0,0,0,0,,0,0,0
live,3.0,eurgbp,M15,22176,2025-09-30 21:00:00+00:00,2026-08-21 20:45:00+00:00,4,2,2,50.0,3.7775889719160753,0.9443972429790188,2.7823655976944575,377.75889719160756,3.777588971916076,-107.30994152046696,-1.0730994152046698,475.25,2,2,1.8754602555772268,1.902128716338849,2,2,0,277.9000000000003,6,4,0
live,3.0,eurgbp,H1,22655,2023-01-01 23:00:00+00:00,2026-08-21 20:00:00+00:00,38,8,30,21.052631578947366,-8.607088010040421,-0.22650231605369528,0.731159825316753,-860.7088010040422,-8.607088010040423,-1600.419487633084,-16.00419487633084,139.39473684210526,21,17,1.3743866598675287,-9.981474669907952,8,30,0,299.9894736842096,55,39,0
live,3.0,eurgbp,H4,21210,2013-01-01 22:00:00+00:00,2026-08-21 17:00:00+00:00,181,52,129,28.7292817679558,19.58756748858786,0.10821860490932521,1.1460871505769257,1958.7567488587856,19.587567488587858,-3483.7879448315853,-34.83787944831585,35.32044198895028,94,87,10.389843354749926,9.197724133837935,52,129,0,480.3475138121543,358,231,0
live,3.0,eurgbp,D1,6301,2002-05-08 00:00:00+00:00,2026-08-21 00:00:00+00:00,68,21,47,30.88235294117647,13.854184365411076,0.2037380053736923,1.2871323474187693,1385.4184365411074,13.854184365411074,-1281.1154332095593,-12.811154332095592,11.279411764705882,27,41,15.898932248342877,-2.044747882931802,21,46,1,545.1426470588237,183,77,0
live,3.0,eurusd,M1,25837,2026-08-09 21:05:00+00:00,2026-09-03 05:39:00+00:00,0,0,0,,0.0,,,0.0,0.0,0.0,0.0,,0,0,0.0,0.0,0,0,0,,0,0,0
live,3.0,eurusd,M5,20103,2026-05-17 21:05:00+00:00,2026-08-21 20:55:00+00:00,5,1,4,20.0,-1.2676193186113736,-0.2535238637222747,0.7011927559632103,-126.76193186113733,-1.2676193186113733,-211.81796274294175,-2.1181796274294173,719.2,3,2,-3.141457897424459,1.8738385788130858,1,4,0,282.52000000000606,7,7,0
live,3.0,eurusd,M15,22176,2025-09-30 21:00:00+00:00,2026-08-21 20:45:00+00:00,21,6,15,28.57142857142857,-1.0511085382061167,-0.050052787533624604,0.9337051837627797,-105.11085382061161,-1.051108538206116,-769.6420029548608,-7.696420029548608,134.38095238095238,11,10,-6.458615832074381,5.407507293868266,5,15,1,231.0190476190484,30,22,0
live,3.0,eurusd,H1,22655,2023-01-01 23:00:00+00:00,2026-08-21 20:00:00+00:00,89,24,65,26.96629213483146,3.845487255744751,0.04320772197466012,1.0572361819712366,384.5487255744753,3.8454872557447533,-2259.301262650859,-22.59301262650859,58.98876404494382,45,44,1.3912913444580168,2.4541959112867353,24,65,0,387.8764044943832,189,113,0
live,3.0,eurusd,H4,21210,2013-01-01 22:00:00+00:00,2026-08-21 17:00:00+00:00,196,61,135,31.122448979591837,41.51166665583248,0.21179421763179837,1.2971082732861712,4151.166665583249,41.511666655832485,-1291.317962501682,-12.913179625016818,27.887755102040817,94,102,27.39227100628153,14.119395649550967,61,135,0,527.8867346938777,493,259,0
live,3.0,eurusd,D1,6307,2002-05-07 00:00:00+00:00,2026-08-21 00:00:00+00:00,42,15,27,35.714285714285715,16.775341910237096,0.39941290262469276,1.6041490346358267,1677.5341910237096,16.775341910237096,-919.2159148189348,-9.192159148189347,6.071428571428571,18,24,5.605703378393972,11.169638531843123,15,27,0,635.6428571428563,228,42,0
live,3.0,gbpusd,M1,26114,2026-08-09 21:07:00+00:00,2026-09-03 05:38:00+00:00,0,0,0,,0.0,,,0.0,0.0,0.0,0.0,,0,0,0.0,0.0,0,0,0,,1,0,0
live,3.0,gbpusd,M5,20086,2026-05-17 21:05:00+00:00,2026-08-21 20:55:00+00:00,4,2,2,50.0,3.794638990582437,0.9486597476456092,2.7729812906169005,379.46389905824367,3.7946389905824365,-106.3884156729182,-1.0638841567291821,873.5,3,1,0.8235965195399833,2.9710424710424537,2,2,0,341.04999999999825,8,6,0
live,3.0,gbpusd,M15,22174,2025-09-30 21:00:00+00:00,2026-08-21 20:45:00+00:00,48,10,38,20.833333333333336,-13.773002596587858,-0.28693755409558036,0.6623709324366033,-1377.3002596587858,-13.773002596587858,-1716.332412372849,-17.16332412372849,111.3125,29,19,-5.584753688546914,-8.188248908040949,9,38,1,292.2999999999981,82,59,0
live,3.0,gbpusd,H1,22655,2023-01-01 23:00:00+00:00,2026-08-21 20:00:00+00:00,128,30,98,23.4375,-16.44924573980858,-0.12850973234225452,0.8426133168087004,-1644.924573980858,-16.44924573980858,-2466.105961270001,-24.661059612700008,40.5546875,68,60,-8.736841132472858,-7.712404607335728,30,98,0,380.41250000000014,248,155,0
live,3.0,gbpusd,H4,21210,2013-01-01 22:00:00+00:00,2026-08-21 17:00:00+00:00,210,57,153,27.142857142857142,8.563588130760717,0.04077899109886056,1.0542437178223318,856.358813076071,8.56358813076071,-4097.889758747613,-40.97889758747613,17.547619047619047,116,94,10.238531719059594,-1.6749435882988821,56,153,1,571.6766666666668,547,238,0
live,3.0,gbpusd,D1,6311,2002-05-07 00:00:00+00:00,2026-08-21 00:00:00+00:00,31,10,21,32.25806451612903,7.730760667053712,0.24937937635657134,1.3523769940754806,773.076066705371,7.73076066705371,-631.6171136638259,-6.316171136638259,4.193548387096774,16,15,3.2598542734877096,4.470906393566002,10,21,0,613.5967741935463,216,31,0
live,3.0,us100,M1,26000,2026-08-09 22:00:00+00:00,2026-09-03 05:36:00+00:00,77,22,55,28.57142857142857,4.814743568297708,0.06252913725061959,1.0808836337208405,481.4743568297703,4.814743568297702,-1347.7928997201925,-13.477928997201923,116.42857142857143,38,39,3.5996942389039246,1.2150493293937823,22,55,0,331.0285714285726,163,106,0
live,3.0,us100,M5,21307,2026-05-10 22:00:00+00:00,2026-08-21 20:55:00+00:00,201,56,145,27.860696517412936,11.97943349535126,0.05959917161866299,1.0785646082313292,1197.9433495351266,11.979433495351266,-2802.288888040739,-28.022888880407393,18.52238805970149,102,99,-6.791965636407881,18.771399131759154,56,144,1,451.6527363184077,404,226,0
live,3.0,us100,M15,21857,2025-09-30 21:00:00+00:00,2026-08-21 20:45:00+00:00,178,66,112,37.07865168539326,77.4652967603171,0.43519829640627583,1.661476626086729,7746.529676031711,77.4652967603171,-1395.3094223727749,-13.95309422372775,12.960674157303371,106,72,32.59300543533498,44.87229132498213,66,112,0,474.6224719101113,466,196,0
live,3.0,us100,H1,21841,2023-01-02 23:00:00+00:00,2026-08-21 20:00:00+00:00,145,46,99,31.724137931034484,32.62729970508438,0.2250158600350647,1.3157962884509158,3262.729970508439,32.62729970508439,-1242.1891793437335,-12.421891793437336,7.731034482758621,97,48,14.454862601000025,18.17243710408436,46,99,0,544.8331034482752,543,151,0
live,3.0,us100,H4,14187,2017-04-30 22:00:00+00:00,2026-08-21 17:00:00+00:00,82,28,54,34.146341463414636,20.371846727713645,0.24843715521602006,1.326044005999885,2037.1846727713644,20.371846727713645,-938.1727428317645,-9.381727428317644,18.548780487804876,62,20,13.45913193768198,6.912714790031663,28,54,0,612.8243902439017,440,98,0
live,3.0,us100,D1,2897,2015-04-20 00:00:00+00:00,2026-08-21 00:00:00+00:00,16,6,10,37.5,7.503679002659034,0.4689799376661896,1.724636962415819,750.3679002659035,7.503679002659035,-524.214389448427,-5.24214389448427,5.375,13,3,2.5613354892288323,4.942343513430201,6,10,0,633.9000000000004,95,16,0
live,3.0,us30,M1,25717,2026-08-09 22:00:00+00:00,2026-09-03 05:37:00+00:00,79,21,58,26.582278481012654,-4.410226991097913,-0.055825658115163455,0.9326277542052818,-441.02269910979123,-4.410226991097913,-2453.295001428738,-24.53295001428738,41.35443037974684,43,36,-7.797510576360818,3.3872835852629026,21,58,0,272.42531645569943,133,88,0
live,3.0,us30,M5,21299,2026-05-10 22:00:00+00:00,2026-08-21 20:55:00+00:00,147,41,106,27.89115646258503,7.4198577046918714,0.050475222480897086,1.0660230499370729,741.985770469188,7.4198577046918786,-2663.0926071239337,-26.630926071239337,22.93877551020408,80,67,10.74236781267155,-3.3225101079796784,41,106,0,438.6040816326558,323,172,0
live,3.0,us30,M15,21855,2025-09-30 21:00:00+00:00,2026-08-21 20:45:00+00:00,169,52,117,30.76923076923077,25.034922737627127,0.14813563750075223,1.2007413887075795,2503.492273762713,25.03492273762713,-2235.56013453376,-22.3556013453376,9.34319526627219,87,82,16.098000217971126,8.936922519655996,52,117,0,464.76331360946875,454,172,0
live,3.0,us30,H1,21841,2023-01-02 23:00:00+00:00,2026-08-21 20:00:00+00:00,130,48,82,36.92307692307693,53.90223226480053,0.414632555883081,1.6168457729923722,5390.223226480052,53.90223226480052,-976.3939005108259,-9.76393900510826,5.123076923076923,82,48,32.1787726048378,21.72345965996272,48,82,0,549.689230769231,601,132,0
live,3.0,us30,H4,14102,2017-04-30 22:00:00+00:00,2026-08-21 17:00:00+00:00,37,11,26,29.72972972972973,5.019873828782052,0.13567226564275817,1.1842332928137338,501.987382878205,5.01987382878205,-977.8291019779754,-9.778291019779754,3.918918918918919,31,6,7.561832439927715,-2.541958611145664,11,26,0,550.318918918917,423,37,0
live,3.0,us30,D1,2403,2017-05-01 00:00:00+00:00,2026-08-21 00:00:00+00:00,4,2,2,50.0,3.376521958048888,0.844130489512222,2.3311669999124223,337.65219580488883,3.3765219580488885,-145.45454545452958,-1.4545454545452958,1.0,2,2,1.8649542306219813,1.5115677274269068,2,2,0,313.75,92,4,0
live,3.0,us500,M1,25481,2026-08-09 22:00:00+00:00,2026-09-03 05:36:00+00:00,0,0,0,,0.0,,,0.0,0.0,0.0,0.0,,0,0,0.0,0.0,0,0,0,,0,0,0
live,3.0,us500,M5,21257,2026-05-10 22:00:00+00:00,2026-08-21 20:55:00+00:00,13,4,9,30.76923076923077,2.504221912329677,0.19263245479459054,1.2695298671502178,250.42219123296778,2.504221912329678,-612.4858912765922,-6.124858912765921,58.76923076923077,7,6,-3.2669619801293366,5.771183892459014,4,9,0,271.56923076923005,16,13,0
live,3.0,us500,M15,21838,2025-09-30 21:00:00+00:00,2026-08-21 20:45:00+00:00,43,8,35,18.6046511627907,-12.239304919857647,-0.28463499813622434,0.660552658796511,-1223.9304919857648,-12.239304919857648,-1611.4073205162022,-16.114073205162022,122.27906976744185,21,22,-1.7274210566342771,-10.511883863223368,8,35,0,317.14418604651087,84,58,0
live,3.0,us500,H1,21826,2023-01-02 23:00:00+00:00,2026-08-21 20:00:00+00:00,86,28,58,32.55813953488372,24.52112383900761,0.28512934696520476,1.4161529876398748,2452.112383900761,24.52112383900761,-1542.4610945289696,-15.424610945289697,59.36046511627907,37,49,22.40509282489247,2.116031014115139,28,58,0,391.1953488372083,169,117,0
live,3.0,us500,H4,14186,2017-04-30 22:00:00+00:00,2026-08-21 17:00:00+00:00,114,35,79,30.701754385964914,24.42938255038706,0.21429282938936017,1.3054629373663469,2442.9382550387063,24.429382550387064,-1632.2967854016642,-16.322967854016643,33.79824561403509,69,45,41.97005252683145,-17.54066997644439,35,79,0,474.01578947368444,243,152,0
live,3.0,us500,D1,6991,1999-02-18 00:00:00+00:00,2026-08-21 00:00:00+00:00,58,19,39,32.758620689655174,15.772766400272912,0.27194424828056746,1.3877315812208009,1577.2766400272913,15.77276640027291,-1150.5002582669622,-11.505002582669622,22.482758620689655,42,16,12.377121640046646,3.395644760226263,19,39,0,403.0758620689652,151,74,0
live,3.0,xauusd,M1,25229,2026-08-09 22:01:00+00:00,2026-09-03 05:37:00+00:00,247,72,175,29.1497975708502,17.92980954925558,0.07259032206176348,1.093493241702136,1792.980954925558,17.92980954925558,-2508.360282280244,-25.08360282280244,33.392712550607285,135,112,-8.628045886274172,26.557855435529753,72,175,0,410.8129554655895,509,313,0
live,3.0,xauusd,M5,20564,2026-05-10 22:00:00+00:00,2026-08-21 20:40:00+00:00,215,64,151,29.767441860465116,16.082831168240823,0.07480386589879452,1.0936800409045242,1608.2831168240814,16.082831168240812,-1996.0936727618646,-19.960936727618645,12.651162790697674,93,122,-13.070145248479694,29.15297641672051,64,151,0,524.4539534883737,536,241,0
live,3.0,xauusd,M15,21007,2025-09-30 22:00:00+00:00,2026-08-21 20:30:00+00:00,130,38,92,29.230769230769234,10.365648920340147,0.07973576092569344,1.1021056560757525,1036.564892034015,10.36564892034015,-1479.6544815168963,-14.796544815168962,6.1923076923076925,74,56,1.098821883888185,9.26682703645196,38,92,0,618.1492307692322,608,133,0
live,3.0,xauusd,H1,21516,2023-01-02 23:00:00+00:00,2026-08-21 20:00:00+00:00,140,45,95,32.142857142857146,31.086682942530796,0.2220477353037914,1.3095752194156574,3108.6682942530806,31.086682942530807,-2022.8170467470918,-20.228170467470918,10.57857142857143,74,66,13.0836285131311,18.0030544293997,45,95,0,588.7271428571413,618,148,0
live,3.0,xauusd,H4,21049,2013-01-02 03:00:00+00:00,2026-08-21 18:00:00+00:00,135,42,93,31.11111111111111,25.035668032592934,0.18544939283402173,1.2553565596659495,2503.5668032592935,25.035668032592934,-2276.119771075664,-22.76119771075664,6.474074074074074,77,58,34.03741005424051,-9.001742021647573,42,93,0,614.1318518518506,647,143,0
live,3.0,xauusd,D1,8787,1992-08-18 00:00:00+00:00,2026-08-21 00:00:00+00:00,45,18,27,40.0,24.145596081798868,0.5365688018177526,1.8370865174522586,2414.559608179887,24.145596081798875,-425.42766492160445,-4.254276649216044,10.733333333333333,30,15,20.063896122206522,4.081699959592347,18,27,0,538.3995555555555,269,50,0
live,4.0,audusd,M1,25361,2026-08-09 21:05:00+00:00,2026-09-03 05:38:00+00:00,0,0,0,,0.0,,,0.0,0.0,0.0,0.0,,0,0,0.0,0.0,0,0,0,,0,0,0
live,4.0,audusd,M5,20095,2026-05-17 21:05:00+00:00,2026-08-21 20:55:00+00:00,3,2,1,66.66666666666666,6.89303477921011,2.297678259736703,7.62927069327093,689.303477921011,6.89303477921011,0.0,0.0,3527.0,2,1,2.934102541017095,3.958932238193015,2,1,0,351.13333333333475,5,5,0
live,4.0,audusd,M15,22176,2025-09-30 21:00:00+00:00,2026-08-21 20:45:00+00:00,12,3,9,25.0,2.4140073360181518,0.20116727800151266,1.2551721524559842,241.4007336018151,2.414007336018151,-741.5804991448877,-7.415804991448876,730.8333333333334,10,2,4.4777525762888954,-2.0637452402707437,3,9,0,348.3999999999987,26,16,0
live,4.0,audusd,H1,22655,2023-01-01 23:00:00+00:00,2026-08-21 20:00:00+00:00,81,12,69,14.814814814814813,-24.930738833329862,-0.3077868991769119,0.6548972176862982,-2493.0738833329865,-24.930738833329865,-2819.06877805958,-28.1906877805958,84.33333333333333,38,43,-9.806304260301438,-15.124434573028427,12,69,0,304.3901234567898,166,107,0
live,4.0,audusd,H4,21210,2013-01-01 22:00:00+00:00,2026-08-21 17:00:00+00:00,205,54,151,26.34146341463415,57.17067105130951,0.2788813222015098,1.3666596074060302,5717.067105130951,57.170671051309505,-1887.752085125081,-18.87752085125081,38.93658536585366,106,99,-10.540175505708309,67.71084655701782,53,151,1,488.6087804878051,485,293,0
live,4.0,audusd,D1,6301,2002-05-07 00:00:00+00:00,2026-08-21 00:00:00+00:00,65,15,50,23.076923076923077,7.996950387958374,0.12303000596859037,1.1556849568406284,799.6950387958371,7.996950387958371,-1124.0830747964628,-11.240830747964628,12.892307692307693,36,29,7.755870228196958,0.24108015976141473,15,50,0,594.7769230769228,216,71,0
live,4.0,eurgbp,M1,24741,2026-08-09 21:05:00+00:00,2026-09-03 05:37:00+00:00,0,0,0,,0.0,,,0.0,0.0,0.0,0.0,,0,0,0.0,0.0,0,0,0,,0,0,0
live,4.0,eurgbp,M5,20103,2026-05-17 21:05:00+00:00,2026-08-21 20:55:00+00:00,0,0,0,,0.0,,,0.0,0.0,0.0,0.0,,0,0,0.0,0.0,0,0,0,,0,0,0
live,4.0,eurgbp,M15,22176,2025-09-30 21:00:00+00:00,2026-08-21 20:45:00+00:00,3,2,1,66.66666666666666,6.850688387120748,2.283562795706916,7.547381640347425,685.0688387120748,6.850688387120749,-104.6324891908589,-1.046324891908589,1399.0,1,2,3.9485596707818993,2.902128716338849,2,1,0,302.1333333333357,6,4,0
live,4.0,eurgbp,H1,22655,2023-01-01 23:00:00+00:00,2026-08-21 20:00:00+00:00,37,6,31,16.216216216216218,-9.528140641619379,-0.2575173146383616,0.7125272271983356,-952.8140641619377,-9.528140641619377,-1430.3293610736655,-14.303293610736656,144.32432432432432,20,17,-1.546665971711428,-7.981474669907952,6,31,0,302.9621621621611,55,39,0
live,4.0,eurgbp,H4,21210,2013-01-01 22:00:00+00:00,2026-08-21 17:00:00+00:00,151,34,117,22.516556291390728,12.715575079912421,0.08420910648948624,1.1044489900562642,1271.5575079912414,12.715575079912414,-3783.7879448315853,-37.83787944831585,63.89403973509934,79,72,7.791230321425213,4.924344758487212,34,117,0,474.77417218542985,358,231,0
live,4.0,eurgbp,D1,6301,2002-05-08 00:00:00+00:00,2026-08-21 00:00:00+00:00,68,18,50,26.47058823529412,19.854184365411076,0.2919732994913393,1.38657530329023,1985.4184365411074,19.854184365411072,-1281.1154332095593,-12.811154332095592,13.794117647058824,27,41,16.898932248342877,2.955252117068198,18,49,1,545.1426470588237,183,77,0
live,4.0,eurusd,M1,25837,2026-08-09 21:05:00+00:00,2026-09-03 05:39:00+00:00,0,0,0,,0.0,,,0.0,0.0,0.0,0.0,,0,0,0.0,0.0,0,0,0,,0,0,0
live,4.0,eurusd,M5,20103,2026-05-17 21:05:00+00:00,2026-08-21 20:55:00+00:00,5,1,4,20.0,-0.26761931861137356,-0.05352386372227471,0.9369159258846984,-26.761931861137327,-0.2676193186113733,-211.81796274294175,-2.1181796274294173,796.8,3,2,-3.141457897424459,2.8738385788130856,1,4,0,282.52000000000606,7,7,0
live,4.0,eurusd,M15,22176,2025-09-30 21:00:00+00:00,2026-08-21 20:45:00+00:00,20,6,14,30.0,5.006230911335162,0.2503115455667581,1.3383108650550535,500.6230911335163,5.006230911335163,-563.9080580007321,-5.639080580007321,157.4,11,9,-5.458615832074381,10.464846743409543,5,14,1,233.850000000001,30,22,0
live,4.0,eurusd,H1,22655,2023-01-01 23:00:00+00:00,2026-08-21 20:00:00+00:00,83,20,63,24.096385542168676,14.055194351911924,0.16933969098689064,1.2157804582861815,1405.5194351911932,14.055194351911931,-1745.1601171105867,-17.451601171105867,85.6867469879518,40,43,13.563033368491563,0.49216098342036574,20,63,0,391.8120481927725,189,113,0
live,4.0,eurusd,H4,21210,2013-01-01 22:00:00+00:00,2026-08-21 17:00:00+00:00,179,39,140,21.787709497206702,11.446416821905157,0.06394646269220758,1.079876019777734,1144.6416821905157,11.446416821905157,-2301.2332084018617,-23.012332084018617,39.150837988826815,87,92,10.633298192354538,0.8131186295506159,39,140,0,542.1983240223464,493,259,0
live,4.0,eurusd,D1,6307,2002-05-07 00:00:00+00:00,2026-08-21 00:00:00+00:00,41,11,30,26.82926829268293,12.787028248907188,0.3118787377782241,1.415040424524197,1278.7028248907188,12.78702824890719,-1234.8040807680118,-12.348040807680118,6.7560975609756095,18,23,6.605703378393972,6.181324870513216,11,30,0,630.275609756097,228,42,0
live,4.0,gbpusd,M1,26114,2026-08-09 21:07:00+00:00,2026-09-03 05:38:00+00:00,0,0,0,,0.0,,,0.0,0.0,0.0,0.0,,0,0,0.0,0.0,0,0,0,,1,0,0
live,4.0,gbpusd,M5,20086,2026-05-17 21:05:00+00:00,2026-08-21 20:55:00+00:00,4,2,2,50.0,5.7946389905824365,1.4486597476456091,3.7074476759658612,579.4638990582437,5.7946389905824365,-106.3884156729182,-1.0638841567291821,973.5,3,1,1.8235965195399833,3.9710424710424537,2,2,0,341.04999999999825,8,6,0
live,4.0,gbpusd,M15,22174,2025-09-30 21:00:00+00:00,2026-08-21 20:45:00+00:00,48,7,41,14.583333333333334,-19.773002596587858,-0.41193755409558036,0.5514623512775052,-1977.3002596587858,-19.773002596587858,-2117.6919403081392,-21.176919403081392,125.33333333333333,29,19,-9.584753688546913,-10.188248908040949,6,41,1,292.2999999999981,82,59,0
live,4.0,gbpusd,H1,22655,2023-01-01 23:00:00+00:00,2026-08-21 20:00:00+00:00,118,19,99,16.101694915254235,-30.8081831146924,-0.26108629758213897,0.7079715274232496,-3080.81831146924,-30.8081831146924,-3142.688584024643,-31.42688584024643,49.86440677966102,65,53,-14.393947963407296,-16.414235151285105,19,99,0,381.1220338983052,248,155,0
live,4.0,gbpusd,H4,21210,2013-01-01 22:00:00+00:00,2026-08-21 17:00:00+00:00,200,41,159,20.5,-5.140989860670461,-0.025704949303352306,0.9686509956079555,-514.0989860670459,-5.140989860670459,-3578.9337469674374,-35.78933746967438,22.205,109,91,-0.5805453605107127,-4.560444500159748,40,159,1,568.8190000000002,547,238,0
live,4.0,gbpusd,D1,6311,2002-05-07 00:00:00+00:00,2026-08-21 00:00:00+00:00,30,6,24,20.0,-1.249334874347549,-0.04164449581158496,0.9500204070258799,-124.93348743475505,-1.2493348743475505,-733.280822625673,-7.332808226256729,4.266666666666667,15,15,-0.7202412679135528,-0.5290936064339982,6,24,0,608.9299999999986,216,31,0
live,4.0,us100,M1,26000,2026-08-09 22:00:00+00:00,2026-09-03 05:36:00+00:00,75,18,57,24.0,8.90441741498818,0.11872556553317573,1.1442253934216844,890.4417414988181,8.904417414988181,-1563.5928700749573,-15.635928700749574,136.0,36,39,-3.2460770093458553,12.150494424334035,18,57,0,333.37066666666794,163,106,0
live,4.0,us100,M5,21307,2026-05-10 22:00:00+00:00,2026-08-21 20:55:00+00:00,193,47,146,24.352331606217618,31.483536630096545,0.1631271327984277,1.2051766457616093,3148.353663009654,31.48353663009654,-2600.922773863893,-26.00922773863893,26.248704663212436,98,95,2.427754576072969,29.05578205402357,47,145,1,459.2880829015541,404,226,0
live,4.0,us100,M15,21857,2025-09-30 21:00:00+00:00,2026-08-21 20:45:00+00:00,171,51,120,29.82456140350877,73.07648416834095,0.42734786063357283,1.5825462252658826,7307.648416834096,73.07648416834095,-1801.3286840100154,-18.013286840100154,18.91812865497076,101,70,33.777550502929614,39.298933665411326,50,120,1,472.8128654970748,466,196,0
live,4.0,us100,H1,21841,2023-01-02 23:00:00+00:00,2026-08-21 20:00:00+00:00,145,40,105,27.586206896551722,48.59473682055881,0.33513611600385385,1.443496174619603,4859.473682055881,48.59473682055881,-1348.7944167172554,-13.487944167172556,9.579310344827586,97,48,23.42229971647444,25.17243710408436,40,105,0,541.8551724137926,543,151,0
live,4.0,us100,H4,14187,2017-04-30 22:00:00+00:00,2026-08-21 17:00:00+00:00,78,21,57,26.923076923076923,17.49992412011221,0.22435800153990015,1.2669807816529752,1749.9924120112216,17.49992412011222,-1958.1693581502514,-19.581693581502513,21.17948717948718,59,19,7.507166640646185,9.992757479466027,21,57,0,605.7615384615378,440,98,0
live,4.0,us100,D1,2897,2015-04-20 00:00:00+00:00,2026-08-21 00:00:00+00:00,16,6,10,37.5,13.503679002659036,0.8439799376661897,2.3040623046984785,1350.3679002659035,13.503679002659036,-524.214389448427,-5.24214389448427,6.0625,13,3,6.561335489228834,6.942343513430201,6,10,0,633.9000000000004,95,16,0
live,4.0,us30,M1,25717,2026-08-09 22:00:00+00:00,2026-09-03 05:37:00+00:00,69,14,55,20.28985507246377,-7.422612518145446,-0.10757409446587603,0.8804319017121423,-742.2612518145442,-7.422612518145441,-2747.3848359441054,-27.473848359441057,80.43478260869566,38,31,-7.196102951112543,-0.2265095670329007,14,55,0,275.9304347826106,133,88,0
live,4.0,us30,M5,21299,2026-05-10 22:00:00+00:00,2026-08-21 20:55:00+00:00,137,30,107,21.897810218978105,4.023064180658153,0.029365431975606957,1.0355019782599644,402.30641806581525,4.023064180658153,-3390.138324615761,-33.901383246157614,32.43795620437956,76,61,-6.036447004955069,10.059511185613225,30,107,0,438.66131386861497,323,172,0
live,4.0,us30,M15,21855,2025-09-30 21:00:00+00:00,2026-08-21 20:45:00+00:00,165,42,123,25.454545454545453,31.15214232118762,0.18880086255265224,1.237558982816084,3115.214232118762,31.152142321187622,-3282.4197381432423,-32.82419738143243,11.44848484848485,84,81,16.191376215456273,14.960766105731338,42,123,0,459.0060606060623,454,172,0
live,4.0,us30,H1,21841,2023-01-02 23:00:00+00:00,2026-08-21 20:00:00+00:00,129,42,87,32.55813953488372,73.01334337591163,0.5659949098907878,1.786496135577666,7301.334337591163,73.01334337591163,-1047.7734739827538,-10.477734739827538,6.5271317829457365,81,48,43.28988371594892,29.723459659962728,42,87,0,552.5550387596902,601,132,0
live,4.0,us30,H4,14102,2017-04-30 22:00:00+00:00,2026-08-21 17:00:00+00:00,37,8,29,21.62162162162162,1.019873828782053,0.02756415753465008,1.033600245282154,101.9873828782051,1.019873828782051,-1521.3964415573992,-15.213964415573992,4.756756756756757,31,6,2.5618324399277137,-1.541958611145664,8,29,0,550.318918918917,423,37,0
live,4.0,us30,D1,2403,2017-05-01 00:00:00+00:00,2026-08-21 00:00:00+00:00,4,2,2,50.0,5.3765219580488885,1.3441304895122221,3.1196511362226937,537.6521958048888,5.3765219580488885,-145.45454545452958,-1.4545454545452958,1.0,2,2,2.864954230621981,2.5115677274269066,2,2,0,313.75,92,4,0
live,4.0,us500,M1,25481,2026-08-09 22:00:00+00:00,2026-09-03 05:36:00+00:00,0,0,0,,0.0,,,0.0,0.0,0.0,0.0,,0,0,0.0,0.0,0,0,0,,0,0,0
live,4.0,us500,M5,21257,2026-05-10 22:00:00+00:00,2026-08-21 20:55:00+00:00,13,3,10,23.076923076923077,1.5042219123296774,0.11570937787151364,1.1455906641735656,150.42219123296772,1.5042219123296772,-612.4858912765922,-6.124858912765921,62.15384615384615,7,6,-7.266961980129337,8.771183892459014,3,10,0,271.56923076923005,16,13,0
live,4.0,us500,M15,21838,2025-09-30 21:00:00+00:00,2026-08-21 20:45:00+00:00,42,6,36,14.285714285714285,-13.221016697472862,-0.31478611184459193,0.6437266734757228,-1322.1016697472862,-13.221016697472862,-1611.4073205162022,-16.114073205162022,158.5952380952381,20,22,-5.709132834249493,-7.511883863223368,6,36,0,318.18571428571346,84,58,0
live,4.0,us500,H1,21826,2023-01-02 23:00:00+00:00,2026-08-21 20:00:00+00:00,77,17,60,22.07792207792208,6.699080377444663,0.0870010438629177,1.1098249118075487,669.9080377444666,6.699080377444666,-1742.5278507924722,-17.42527850792472,90.59740259740259,33,44,16.483465791464898,-9.784385414020235,17,60,0,402.703896103895,169,117,0
live,4.0,us500,H4,14186,2017-04-30 22:00:00+00:00,2026-08-21 17:00:00+00:00,104,32,72,30.76923076923077,54.545095529267876,0.5244720723968065,1.7480357853609676,5454.509552926787,54.545095529267876,-1524.5486509823986,-15.245486509823985,40.97115384615385,61,43,58.06726705636851,-3.522171527100626,32,72,0,470.9192307692308,243,152,0
live,4.0,us500,D1,6991,1999-02-18 00:00:00+00:00,2026-08-21 00:00:00+00:00,53,12,41,22.641509433962266,5.2869730531249655,0.09975420854952766,1.1251113058659175,528.6973053124966,5.2869730531249655,-1633.4218335279693,-16.334218335279694,32.339622641509436,38,15,5.891016294060567,-0.6040432409355971,12,41,0,413.08679245282974,151,74,0
live,4.0,xauusd,M1,25229,2026-08-09 22:01:00+00:00,2026-09-03 05:37:00+00:00,229,54,175,23.580786026200872,19.165888991635164,0.08369383839141993,1.0998610960757607,1916.588899163516,19.16588899163516,-3316.016681390027,-33.16016681390027,38.9825327510917,121,108,-3.6343102780701577,22.80019926970533,54,175,0,404.4751091703079,509,313,0
live,4.0,xauusd,M5,20564,2026-05-10 22:00:00+00:00,2026-08-21 20:40:00+00:00,206,48,158,23.300970873786408,9.659570883460008,0.04689112079349518,1.05397530875313,965.9570883460009,9.659570883460008,-2289.9188844120818,-22.89918884412082,16.485436893203882,87,119,-7.717476510722578,17.377047394182586,48,158,0,526.6747572815552,536,241,0
live,4.0,xauusd,M15,21007,2025-09-30 22:00:00+00:00,2026-08-21 20:30:00+00:00,129,31,98,24.031007751937985,14.410742715433942,0.1117111838405732,1.1336510442157155,1441.0742715433944,14.410742715433944,-1503.0939446708107,-15.030939446708109,7.705426356589148,74,55,2.0988218838881822,12.311920831545754,31,98,0,618.6434108527147,608,133,0
live,4.0,xauusd,H1,21516,2023-01-02 23:00:00+00:00,2026-08-21 20:00:00+00:00,138,36,102,26.08695652173913,33.17461964024611,0.24039579449453702,1.3081780797161824,3317.46196402461,33.1746196402461,-1860.1717569508728,-18.60171756950873,12.108695652173912,73,65,12.095990845671087,21.078628794575025,36,102,0,586.4999999999981,618,148,0
live,4.0,xauusd,H4,21049,2013-01-02 03:00:00+00:00,2026-08-21 18:00:00+00:00,134,37,97,27.611940298507463,43.06394217871373,0.3213727028262219,1.4207782976897319,4306.394217871373,43.06394217871373,-2506.4630088825215,-25.06463008882521,7.604477611940299,77,57,48.0374100542405,-4.973467875526783,37,97,0,612.1164179104467,647,143,0
live,4.0,xauusd,D1,8787,1992-08-18 00:00:00+00:00,2026-08-21 00:00:00+00:00,41,16,25,39.02439024390244,36.41607027897387,0.8881968360725334,2.3670405618658283,3641.607027897387,36.41607027897387,-653.5226612947354,-6.535226612947353,19.390243902439025,27,14,31.28184931097816,5.1342209679957085,16,25,0,538.8531707317073,269,50,0
live,5.0,audusd,M1,25361,2026-08-09 21:05:00+00:00,2026-09-03 05:38:00+00:00,0,0,0,,0.0,,,0.0,0.0,0.0,0.0,,0,0,0.0,0.0,0,0,0,,0,0,0
live,5.0,audusd,M5,20095,2026-05-17 21:05:00+00:00,2026-08-21 20:55:00+00:00,3,2,1,66.66666666666666,8.89303477921011,2.96434492640337,9.552740081026027,889.303477921011,8.89303477921011,0.0,0.0,3986.6666666666665,2,1,3.9341025410170944,4.958932238193015,2,1,0,351.13333333333475,5,5,0
live,5.0,audusd,M15,22176,2025-09-30 21:00:00+00:00,2026-08-21 20:45:00+00:00,12,3,9,25.0,5.414007336018152,0.45116727800151263,1.5722865397845063,541.4007336018151,5.414007336018151,-741.5804991448877,-7.415804991448876,734.5,10,2,7.4777525762888954,-2.0637452402707437,3,9,0,348.3999999999987,26,16,0
live,5.0,audusd,H1,22655,2023-01-01 23:00:00+00:00,2026-08-21 20:00:00+00:00,80,11,69,13.750000000000002,-17.9619542461895,-0.22452442807736875,0.7515445246896122,-1796.1954246189496,-17.961954246189496,-2851.390667646803,-28.513906676468032,93.7625,37,43,-2.8090152328919276,-15.152939013297576,11,69,0,297.7599999999998,166,107,0
live,5.0,audusd,H4,21210,2013-01-01 22:00:00+00:00,2026-08-21 17:00:00+00:00,182,42,140,23.076923076923077,61.89692596620556,0.34009299981431623,1.4278356845060989,6189.692596620556,61.896925966205565,-1397.145626072821,-13.97145626072821,51.9010989010989,96,86,-17.214465847494523,79.11139181370004,41,140,1,487.23131868131895,485,293,0
live,5.0,audusd,D1,6301,2002-05-07 00:00:00+00:00,2026-08-21 00:00:00+00:00,60,10,50,16.666666666666664,-1.9006689300708237,-0.031677815501180394,0.9629769078360888,-190.06689300708234,-1.9006689300708233,-1986.5984856988962,-19.86598485698896,18.483333333333334,34,26,0.7872514471815641,-2.687920377252385,10,50,0,589.0416666666663,216,71,0
live,5.0,eurgbp,M1,24741,2026-08-09 21:05:00+00:00,2026-09-03 05:37:00+00:00,0,0,0,,0.0,,,0.0,0.0,0.0,0.0,,0,0,0.0,0.0,0,0,0,,0,0,0
live,5.0,eurgbp,M5,20103,2026-05-17 21:05:00+00:00,2026-08-21 20:55:00+00:00,0,0,0,,0.0,,,0.0,0.0,0.0,0.0,,0,0,0.0,0.0,0,0,0,,0,0,0
live,5.0,eurgbp,M15,22176,2025-09-30 21:00:00+00:00,2026-08-21 20:45:00+00:00,3,1,2,33.33333333333333,2.850688387120748,0.9502294623735826,2.358848090120095,285.06883871207475,2.8506883871207473,-209.7871283661152,-2.097871283661152,2228.0,1,2,4.948559670781899,-2.097871283661151,1,2,0,302.1333333333357,6,4,0
live,5.0,eurgbp,H1,22655,2023-01-01 23:00:00+00:00,2026-08-21 20:00:00+00:00,36,3,33,8.333333333333332,-20.452306465684103,-0.5681196240467806,0.42081460031471857,-2045.2306465684096,-20.452306465684096,-2794.1757684099503,-27.941757684099507,229.36111111111111,20,16,-9.546665971711429,-10.905640493972673,3,33,0,305.8833333333322,55,39,0
live,5.0,eurgbp,H4,21210,2013-01-01 22:00:00+00:00,2026-08-21 17:00:00+00:00,154,29,125,18.83116883116883,10.307943857144906,0.06693470037107081,1.079309055262721,1030.7943857144905,10.307943857144904,-4197.1546290827555,-41.971546290827554,58.74025974025974,80,74,0.8778273975773025,9.430116459567609,28,125,1,471.99870129870084,358,231,0
live,5.0,eurgbp,D1,6301,2002-05-08 00:00:00+00:00,2026-08-21 00:00:00+00:00,66,16,50,24.242424242424242,25.264799797992275,0.3827999969392769,1.4674380944544116,2526.4799797992273,25.26479979799227,-1281.1154332095593,-12.811154332095592,16.833333333333332,27,39,19.898932248342877,5.365867549649393,16,49,1,535.940909090909,183,77,0
live,5.0,eurusd,M1,25837,2026-08-09 21:05:00+00:00,2026-09-03 05:39:00+00:00,0,0,0,,0.0,,,0.0,0.0,0.0,0.0,,0,0,0.0,0.0,0,0,0,,0,0,0
live,5.0,eurusd,M5,20103,2026-05-17 21:05:00+00:00,2026-08-21 20:55:00+00:00,5,1,4,20.0,0.7323806813886264,0.1464761362777253,1.1726390958061865,73.23806813886267,0.7323806813886267,-211.81796274294175,-2.1181796274294173,928.0,3,2,-3.141457897424459,3.8738385788130856,1,4,0,282.52000000000606,7,7,0
live,5.0,eurusd,M15,22176,2025-09-30 21:00:00+00:00,2026-08-21 20:45:00+00:00,16,4,12,25.0,2.2324227386688427,0.13952642116680267,1.1754112787380522,223.2422738668843,2.232422738668843,-751.926548233263,-7.519265482332631,292.5,8,8,-1.3034467320134167,3.5358694706822593,3,12,1,245.27499999999893,30,22,0
live,5.0,eurusd,H1,22655,2023-01-01 23:00:00+00:00,2026-08-21 20:00:00+00:00,81,19,62,23.456790123456788,30.13811400373188,0.37207548152755404,1.4702104193032564,3013.8114003731885,30.138114003731886,-1456.34608452648,-14.5634608452648,98.06172839506173,38,43,20.64595302031151,9.492160983420364,19,62,0,395.53086419753214,189,113,0
live,5.0,eurusd,H4,21210,2013-01-01 22:00:00+00:00,2026-08-21 17:00:00+00:00,165,34,131,20.606060606060606,34.86595947378103,0.21130884529564262,1.2599445323190386,3486.595947378103,34.86595947378103,-3453.5034700591696,-34.535034700591694,46.47878787878788,83,82,10.851222759043129,24.0147367147379,34,131,0,547.3793939393936,493,259,0
live,5.0,eurusd,D1,6307,2002-05-07 00:00:00+00:00,2026-08-21 00:00:00+00:00,41,11,30,26.82926829268293,23.787028248907184,0.5801714207050532,1.7720776172868191,2378.7028248907186,23.787028248907184,-1034.8040807680118,-10.348040807680118,8.073170731707316,18,23,11.605703378393972,12.181324870513215,11,30,0,630.275609756097,228,42,0
live,5.0,gbpusd,M1,26114,2026-08-09 21:07:00+00:00,2026-09-03 05:38:00+00:00,0,0,0,,0.0,,,0.0,0.0,0.0,0.0,,0,0,0.0,0.0,0,0,0,,1,0,0
live,5.0,gbpusd,M5,20086,2026-05-17 21:05:00+00:00,2026-08-21 20:55:00+00:00,4,2,2,50.0,7.794638990582437,1.9486597476456093,4.641914061314822,779.4638990582437,7.7946389905824365,-106.3884156729182,-1.0638841567291821,1801.5,3,1,2.8235965195399837,4.971042471042454,2,2,0,341.04999999999825,8,6,0
live,5.0,gbpusd,M15,22174,2025-09-30 21:00:00+00:00,2026-08-21 20:45:00+00:00,46,7,39,15.217391304347828,-11.520861197688383,-0.25045350429757357,0.7245863585117962,-1152.0861197688384,-11.520861197688385,-1406.3255453855818,-14.063255453855819,137.47826086956522,28,18,-4.475742060639871,-7.045119137048513,6,39,1,299.7391304347802,82,59,0
live,5.0,gbpusd,H1,22655,2023-01-01 23:00:00+00:00,2026-08-21 20:00:00+00:00,109,15,94,13.761467889908257,-26.377724193245346,-0.24199746966280133,0.7369748691858411,-2637.772419324535,-26.37772419324535,-2531.838875020733,-25.318388750207333,58.8348623853211,59,50,-9.088418512693696,-17.289305680551653,15,94,0,378.497247706422,248,155,0
live,5.0,gbpusd,H4,21210,2013-01-01 22:00:00+00:00,2026-08-21 17:00:00+00:00,195,36,159,18.461538461538463,9.994620576050497,0.051254464492566654,1.060925531709539,999.4620576050506,9.994620576050506,-3575.784970682167,-35.75784970682167,25.27179487179487,105,90,7.50414392441014,2.4904766516403596,35,159,1,567.5379487179487,547,238,0
live,5.0,gbpusd,D1,6311,2002-05-07 00:00:00+00:00,2026-08-21 00:00:00+00:00,30,6,24,20.0,4.750665125652451,0.158355504188415,1.1900501732655586,475.06651256524486,4.750665125652449,-733.280822625673,-7.332808226256729,4.333333333333333,15,15,2.2797587320864467,2.4709063935660014,6,24,0,608.9299999999986,216,31,0
live,5.0,us100,M1,26000,2026-08-09 22:00:00+00:00,2026-09-03 05:36:00+00:00,69,12,57,17.391304347826086,-2.799421909136849,-0.04057133201647607,0.9547148434054746,-279.9421909136849,-2.799421909136849,-2063.5928700749573,-20.635928700749574,171.95652173913044,33,36,-5.128724346174224,2.3293024370373745,12,57,0,333.62318840579815,163,106,0
live,5.0,us100,M5,21307,2026-05-10 22:00:00+00:00,2026-08-21 20:55:00+00:00,186,35,151,18.817204301075268,13.854419118789924,0.07448612429456948,1.087310650867815,1385.441911878993,13.854419118789933,-2608.915409816598,-26.089154098165984,29.14516129032258,92,94,-12.148365394735558,26.00278451352548,35,150,1,456.3526881720428,404,226,0
live,5.0,us100,M15,21857,2025-09-30 21:00:00+00:00,2026-08-21 20:45:00+00:00,161,38,123,23.60248447204969,59.071760965254384,0.36690534761027566,1.4600060339385839,5907.176096525438,59.071760965254384,-2624.504288678707,-26.24504288678707,24.279503105590063,97,64,30.01855892483396,29.053202040420416,38,123,0,467.9900621118001,466,196,0
live,5.0,us100,H1,21841,2023-01-02 23:00:00+00:00,2026-08-21 20:00:00+00:00,139,37,102,26.618705035971225,76.83823949920134,0.5527930899223118,1.722007346332023,7683.823949920135,76.83823949920135,-1248.8599407173097,-12.488599407173098,11.899280575539569,94,45,45.53163717449478,31.30660232470656,37,102,0,545.1266187050355,543,151,0
live,5.0,us100,H4,14187,2017-04-30 22:00:00+00:00,2026-08-21 17:00:00+00:00,76,19,57,25.0,28.539162423297824,0.3755152950433924,1.4352285786082868,2853.916242329783,28.53916242329783,-1958.1693581502514,-19.581693581502513,24.68421052631579,59,17,10.507166640646195,18.031995782651627,19,57,0,601.4315789473678,440,98,0
live,5.0,us100,D1,2897,2015-04-20 00:00:00+00:00,2026-08-21 00:00:00+00:00,16,5,11,31.25,13.503679002659034,0.8439799376661896,2.186971386568981,1350.3679002659035,13.503679002659036,-524.214389448427,-5.24214389448427,9.3125,13,3,4.561335489228834,8.9423435134302,5,11,0,633.9000000000004,95,16,0
live,5.0,us30,M1,25717,2026-08-09 22:00:00+00:00,2026-09-03 05:37:00+00:00,68,13,55,19.11764705882353,1.6370889743918675,0.024074837858703933,1.026343212838045,163.7088974391871,1.637088974391871,-2747.3848359441054,-27.473848359441057,87.58823529411765,37,31,-5.136401458575228,6.7734904329671,13,55,0,275.06176470588423,133,88,0
live,5.0,us30,M5,21299,2026-05-10 22:00:00+00:00,2026-08-21 20:55:00+00:00,134,26,108,19.402985074626866,13.170540766501595,0.09828761766045967,1.1151240470829158,1317.0540766501604,13.170540766501604,-2879.511703407068,-28.79511703407068,35.201492537313435,75,59,-2.007164428088312,15.177705194589906,26,108,0,436.0313432835837,323,172,0
live,5.0,us30,M15,21855,2025-09-30 21:00:00+00:00,2026-08-21 20:45:00+00:00,160,34,126,21.25,30.37221249005815,0.18982632806286343,1.2257924372115392,3037.221249005814,30.372212490058143,-3203.800187945757,-32.03800187945757,12.775,80,80,17.349450104103624,13.022762385954517,34,126,0,458.1912500000021,454,172,0
live,5.0,us30,H1,21841,2023-01-02 23:00:00+00:00,2026-08-21 20:00:00+00:00,128,34,94,26.5625,68.05826700574093,0.531705210982351,1.6792417302614924,6805.826700574093,68.05826700574093,-1059.222554749993,-10.592225547499929,7.78125,81,47,39.289883715948925,28.76838328979201,34,94,0,553.39375,601,132,0
live,5.0,us30,H4,14102,2017-04-30 22:00:00+00:00,2026-08-21 17:00:00+00:00,37,6,31,16.216216216216218,-2.980126171217946,-0.08054395057345799,0.9082545492182007,-298.01261712179513,-2.980126171217951,-2521.396441557399,-25.21396441557399,5.378378378378378,31,6,-2.4381675600722845,-0.541958611145664,6,31,0,550.318918918917,423,37,0
live,5.0,us30,D1,2403,2017-05-01 00:00:00+00:00,2026-08-21 00:00:00+00:00,4,2,2,50.0,7.376521958048888,1.844130489512222,3.9081352725329648,737.6521958048887,7.376521958048887,-145.45454545452958,-1.4545454545452958,1.0,2,2,3.864954230621981,3.5115677274269066,2,2,0,313.75,92,4,0
live,5.0,us500,M1,25481,2026-08-09 22:00:00+00:00,2026-09-03 05:36:00+00:00,0,0,0,,0.0,,,0.0,0.0,0.0,0.0,,0,0,0.0,0.0,0,0,0,,0,0,0
live,5.0,us500,M5,21257,2026-05-10 22:00:00+00:00,2026-08-21 20:55:00+00:00,13,3,10,23.076923076923077,4.504221912329677,0.34647860864074437,1.4359547314302652,450.42219123296763,4.504221912329676,-612.4858912765922,-6.124858912765921,63.53846153846154,7,6,-7.266961980129337,11.771183892459014,3,10,0,271.56923076923005,16,13,0
live,5.0,us500,M15,21838,2025-09-30 21:00:00+00:00,2026-08-21 20:45:00+00:00,31,3,28,9.67741935483871,-13.958519839321804,-0.4502748335265098,0.5165235184710465,-1395.8519839321805,-13.958519839321804,-1589.4610163572743,-15.894610163572743,321.48387096774195,16,15,-4.602308003036912,-9.356211836284892,3,28,0,306.6322580645151,84,58,0
live,5.0,us500,H1,21826,2023-01-02 23:00:00+00:00,2026-08-21 20:00:00+00:00,72,15,57,20.833333333333336,16.78118880777445,0.23307206677464512,1.289600165452483,1678.1188807774447,16.78118880777445,-1441.815600080221,-14.41815600080221,113.33333333333333,33,39,20.483465791464898,-3.7022769836904503,15,57,0,401.5944444444431,169,117,0
live,5.0,us500,H4,14186,2017-04-30 22:00:00+00:00,2026-08-21 17:00:00+00:00,96,23,73,23.958333333333336,40.65232976921829,0.4234617684293572,1.549883082806151,4065.232976921829,40.65232976921829,-1525.1783739043112,-15.251783739043113,55.78125,57,39,50.13395803347461,-9.481628264256312,23,73,0,476.6312500000001,243,152,0
live,5.0,us500,D1,6991,1999-02-18 00:00:00+00:00,2026-08-21 00:00:00+00:00,52,10,42,19.230769230769234,6.05581928406631,0.11645806315512133,1.1391857846069586,605.5819284066304,6.055819284066303,-1659.2582654493472,-16.59258265449347,32.65384615384615,37,15,3.4640316270783003,2.5917876569880054,10,42,0,407.21923076923036,151,74,0
live,5.0,xauusd,M1,25229,2026-08-09 22:01:00+00:00,2026-09-03 05:37:00+00:00,208,44,164,21.153846153846153,36.378609346804616,0.17489716032117603,1.202290235702238,3637.8609346804606,36.37860934680461,-2932.2723977614987,-29.322723977614988,52.52884615384615,111,97,3.362235788601672,33.01637355820293,44,164,0,414.2038461538487,509,313,0
live,5.0,xauusd,M5,20564,2026-05-10 22:00:00+00:00,2026-08-21 20:40:00+00:00,202,41,161,20.2970297029703,19.964060339696136,0.09883198187968384,1.109301498353232,1996.4060339696127,19.964060339696125,-2489.9188844120818,-24.89918884412082,19.762376237623762,86,116,-11.68985220133031,31.653912541026433,41,161,0,527.6227722772297,536,241,0
live,5.0,xauusd,M15,21007,2025-09-30 22:00:00+00:00,2026-08-21 20:30:00+00:00,129,25,104,19.379844961240313,9.410742715433937,0.07295149391809254,1.0824587241083308,941.074271543394,9.41074271543394,-1744.4278811083896,-17.444278811083898,9.279069767441861,74,55,-4.901178116111821,14.311920831545754,25,104,0,618.6434108527147,608,133,0
live,5.0,xauusd,H1,21516,2023-01-02 23:00:00+00:00,2026-08-21 20:00:00+00:00,130,29,101,22.30769230769231,36.61196655638388,0.28163051197218364,1.3439618489736376,3661.1966556383886,36.611966556383884,-1765.7176834597449,-17.65717683459745,17.43076923076923,67,63,13.294064000585536,23.317902555798348,29,101,0,595.1369230769209,618,148,0
live,5.0,xauusd,H4,21049,2013-01-02 03:00:00+00:00,2026-08-21 18:00:00+00:00,130,28,102,21.53846153846154,30.19791722969572,0.23229167099765938,1.2806609079716416,3019.791722969572,30.19791722969572,-3476.119771075666,-34.76119771075666,10.515384615384615,75,55,40.11397255580684,-9.916055326111124,28,102,0,606.2707692307682,647,143,0
live,5.0,xauusd,D1,8787,1992-08-18 00:00:00+00:00,2026-08-21 00:00:00+00:00,43,14,29,32.55813953488372,38.21314869469778,0.8886778766208786,2.2351004555030314,3821.3148694697784,38.213148694697786,-653.5226612947372,-6.535226612947372,18.0,29,14,29.07437110953466,9.138777585163123,14,29,0,523.5111627906977,269,50,0
live,6.0,audusd,M1,25361,2026-08-09 21:05:00+00:00,2026-09-03 05:38:00+00:00,0,0,0,,0.0,,,0.0,0.0,0.0,0.0,,0,0,0.0,0.0,0,0,0,,0,0,0
live,6.0,audusd,M5,20095,2026-05-17 21:05:00+00:00,2026-08-21 20:55:00+00:00,3,2,1,66.66666666666666,10.05491467477141,3.3516382249238035,10.670160286706153,1005.4914674771412,10.054914674771412,0.0,0.0,4390.0,2,1,4.095982436578396,5.958932238193015,1,1,1,351.13333333333475,5,5,0
live,6.0,audusd,M15,22176,2025-09-30 21:00:00+00:00,2026-08-21 20:45:00+00:00,14,3,11,21.428571428571427,5.320294931465117,0.38002106653322265,1.4577233573254074,532.0294931465116,5.320294931465116,-741.5804991448877,-7.415804991448876,301.14285714285717,10,4,9.483664961488746,-4.163370030023629,2,11,1,277.54285714285714,26,16,0
live,6.0,audusd,H1,22655,2023-01-01 23:00:00+00:00,2026-08-21 20:00:00+00:00,74,9,65,12.162162162162163,-14.667161987160426,-0.19820489171838415,0.7846543746563616,-1466.7161987160423,-14.667161987160423,-2331.0749347618676,-23.310749347618675,117.29729729729729,36,38,-2.7534596773363704,-11.913702309824053,9,65,0,300.01351351351326,166,107,0
live,6.0,audusd,H4,21210,2013-01-01 22:00:00+00:00,2026-08-21 17:00:00+00:00,167,32,135,19.16167664670659,50.93280057980027,0.3049868298191633,1.3643841795781102,5093.280057980025,50.93280057980025,-1356.5138357660471,-13.565138357660473,62.16766467065868,84,83,3.9496054028917174,46.98319517690854,32,135,0,477.488023952096,485,293,0
live,6.0,audusd,D1,6301,2002-05-07 00:00:00+00:00,2026-08-21 00:00:00+00:00,60,9,51,15.0,1.0993310699291763,0.018322184498819605,1.020975066359468,109.93310699291811,1.0993310699291812,-1893.9922010408573,-18.939922010408573,18.816666666666666,34,26,6.787251447181564,-5.687920377252385,9,51,0,589.0416666666663,216,71,0
live,6.0,eurgbp,M1,24741,2026-08-09 21:05:00+00:00,2026-09-03 05:37:00+00:00,0,0,0,,0.0,,,0.0,0.0,0.0,0.0,,0,0,0.0,0.0,0,0,0,,0,0,0
live,6.0,eurgbp,M5,20103,2026-05-17 21:05:00+00:00,2026-08-21 20:55:00+00:00,0,0,0,,0.0,,,0.0,0.0,0.0,0.0,,0,0,0.0,0.0,0,0,0,,0,0,0
live,6.0,eurgbp,M15,22176,2025-09-30 21:00:00+00:00,2026-08-21 20:45:00+00:00,2,0,2,0.0,-2.124539744422773,-1.0622698722113866,0.0,-212.4539744422773,-2.124539744422773,-107.30994152046878,-1.0730994152046878,2494.0,2,0,-2.124539744422773,0.0,0,2,0,248.39999999999858,6,4,0
live,6.0,eurgbp,H1,22655,2023-01-01 23:00:00+00:00,2026-08-21 20:00:00+00:00,36,3,33,8.333333333333332,-17.452306465684103,-0.4847862907134473,0.5057710917486409,-1745.2306465684096,-17.452306465684096,-2794.1757684099503,-27.941757684099507,231.22222222222223,20,16,-7.546665971711428,-9.905640493972673,3,33,0,305.8833333333322,55,39,0
live,6.0,eurgbp,H4,21210,2013-01-01 22:00:00+00:00,2026-08-21 17:00:00+00:00,144,19,125,13.194444444444445,-21.122121019330898,-0.14668139596757568,0.837611912737844,-2112.212101933089,-21.12212101933089,-5737.148776648641,-57.3714877664864,70.80555555555556,72,72,-11.620803154763546,-9.501317864567348,18,125,1,482.45624999999967,358,231,0
live,6.0,eurgbp,D1,6301,2002-05-08 00:00:00+00:00,2026-08-21 00:00:00+00:00,58,13,45,22.413793103448278,31.152960423298442,0.537120007298249,1.6730669425001254,3115.2960423298437,31.15296042329844,-1281.1154332095593,-12.811154332095592,26.896551724137932,24,34,24.014245290526222,7.138715132772212,13,44,1,537.860344827586,183,77,0
live,6.0,eurusd,M1,25837,2026-08-09 21:05:00+00:00,2026-09-03 05:39:00+00:00,0,0,0,,0.0,,,0.0,0.0,0.0,0.0,,0,0,0.0,0.0,0,0,0,,0,0,0
live,6.0,eurusd,M5,20103,2026-05-17 21:05:00+00:00,2026-08-21 20:55:00+00:00,5,1,4,20.0,1.7323806813886267,0.34647613627772533,1.4083622657276744,173.23806813886262,1.732380681388626,-211.81796274294175,-2.1181796274294173,976.0,3,2,-3.141457897424459,4.873838578813086,1,4,0,282.52000000000606,7,7,0
live,6.0,eurusd,M15,22176,2025-09-30 21:00:00+00:00,2026-08-21 20:45:00+00:00,16,4,12,25.0,5.232422738668843,0.3270264211668027,1.411134480754863,523.2422738668844,5.232422738668844,-751.926548233263,-7.519265482332631,293.0,8,8,-0.30344673201341665,5.535869470682259,3,12,1,245.27499999999893,30,22,0
live,6.0,eurusd,H1,22655,2023-01-01 23:00:00+00:00,2026-08-21 20:00:00+00:00,74,10,64,13.513513513513514,-6.694399960864973,-0.09046486433601315,0.8990387058765965,-669.4399960864969,-6.694399960864969,-2533.471851770315,-25.33471851770315,133.14864864864865,35,39,5.6925242711282085,-12.386924231993184,10,64,0,384.72972972973145,189,113,0
live,6.0,eurusd,H4,21210,2013-01-01 22:00:00+00:00,2026-08-21 17:00:00+00:00,141,29,112,20.56737588652482,58.48556636404486,0.4147912508088288,1.509751072323701,5848.556636404487,58.48556636404487,-2848.5113940189713,-28.48511394018971,64.31914893617021,74,67,29.082525856692715,29.403040507352152,29,112,0,552.9553191489355,493,259,0
live,6.0,eurusd,D1,6307,2002-05-07 00:00:00+00:00,2026-08-21 00:00:00+00:00,41,10,31,24.390243902439025,27.787028248907184,0.6777323963148094,1.8730734841735082,2778.702824890718,27.78702824890718,-834.80408076801,-8.3480408076801,9.512195121951219,18,23,9.605703378393972,18.18132487051322,10,31,0,630.275609756097,228,42,0
live,6.0,gbpusd,M1,26114,2026-08-09 21:07:00+00:00,2026-09-03 05:38:00+00:00,0,0,0,,0.0,,,0.0,0.0,0.0,0.0,,0,0,0.0,0.0,0,0,0,,1,0,0
live,6.0,gbpusd,M5,20086,2026-05-17 21:05:00+00:00,2026-08-21 20:55:00+00:00,4,1,3,25.0,2.7946389905824374,0.6986597476456093,1.8818075544334694,279.4638990582438,2.794638990582438,-209.2841685686726,-2.0928416856867265,3249.75,3,1,3.8235965195399837,-1.028957528957546,1,3,0,341.04999999999825,8,6,0
live,6.0,gbpusd,M15,22174,2025-09-30 21:00:00+00:00,2026-08-21 20:45:00+00:00,38,4,34,10.526315789473683,-17.594542722706883,-0.4630142821764969,0.5124170672435089,-1759.4542722706879,-17.59454272270688,-1943.7679446762559,-19.43767944676256,221.21052631578948,21,17,-6.596416066861406,-10.998126655845473,3,34,1,324.61578947368236,82,59,0
live,6.0,gbpusd,H1,22655,2023-01-01 23:00:00+00:00,2026-08-21 20:00:00+00:00,101,9,92,8.91089108910891,-44.92615210581177,-0.4448133871862551,0.5424662586013133,-4492.615210581178,-44.92615210581178,-4386.681666277377,-43.86681666277377,72.25742574257426,53,48,-21.778560365856833,-23.14759173995494,9,92,0,379.92079207920807,248,155,0
live,6.0,gbpusd,H4,21210,2013-01-01 22:00:00+00:00,2026-08-21 17:00:00+00:00,189,28,161,14.814814814814813,-4.8480031222811295,-0.025650810170799627,0.9708234157223448,-484.80031222811294,-4.8480031222811295,-5406.053445242704,-54.060534452427035,28.164021164021165,103,86,-6.435127369917829,1.5871242476367022,27,161,1,565.9846560846562,547,238,0
live,6.0,gbpusd,D1,6311,2002-05-07 00:00:00+00:00,2026-08-21 00:00:00+00:00,30,4,26,13.333333333333334,-3.24933487434755,-0.10831116247825166,0.8801398445607572,-324.93348743475497,-3.2493348743475496,-1140.0002853811675,-11.400002853811674,4.566666666666666,15,15,-8.720241267913554,5.470906393566001,4,26,0,608.9299999999986,216,31,0
live,6.0,us100,M1,26000,2026-08-09 22:00:00+00:00,2026-09-03 05:36:00+00:00,60,5,55,8.333333333333332,-30.04298120820595,-0.5007163534700992,0.49724713419429717,-3004.298120820595,-30.042981208205948,-2893.4285556032028,-28.93428555603203,211.18333333333334,28,32,-15.778534763098984,-14.264446445106966,5,55,0,345.64000000000186,163,106,0
live,6.0,us100,M5,21307,2026-05-10 22:00:00+00:00,2026-08-21 20:55:00+00:00,178,29,149,16.292134831460675,15.227302917624925,0.08554664560463442,1.097298991669505,1522.730291762492,15.227302917624922,-2888.5149434304376,-28.885149434304374,32.6123595505618,87,91,-20.98465400649293,36.211956924117864,29,148,1,460.322471910112,404,226,0
live,6.0,us100,M15,21857,2025-09-30 21:00:00+00:00,2026-08-21 20:45:00+00:00,160,34,126,21.25,70.13161731002691,0.4383226081876682,1.5333013308617192,7013.161731002692,70.13161731002693,-2524.504288678707,-25.24504288678707,26.1125,96,64,39.0784152696065,31.053202040420416,34,126,0,469.34874999999874,466,196,0
live,6.0,us100,H1,21841,2023-01-02 23:00:00+00:00,2026-08-21 20:00:00+00:00,136,29,107,21.323529411764707,60.9114428194022,0.44787825602501613,1.5457029832610292,6091.144281940218,60.91144281940218,-1234.5749959464192,-12.345749959464191,15.985294117647058,92,44,50.576750607055175,10.33469221234702,29,107,0,542.2764705882348,543,151,0
live,6.0,us100,H4,14187,2017-04-30 22:00:00+00:00,2026-08-21 17:00:00+00:00,75,17,58,22.666666666666664,34.48868101783104,0.45984908023774723,1.517949916711921,3448.868101783104,34.48868101783104,-1958.1693581502514,-19.581693581502513,25.64,59,16,16.440405660618953,18.04827535721208,17,58,0,592.0479999999993,440,98,0
live,6.0,us100,D1,2897,2015-04-20 00:00:00+00:00,2026-08-21 00:00:00+00:00,15,5,10,33.33333333333333,19.53175837368112,1.3021172249120747,2.88739920971914,1953.175837368112,19.53175837368112,-524.2143894484288,-5.242143894484289,10.8,12,3,8.58941486025092,10.9423435134302,5,10,0,640.5466666666671,95,16,0
live,6.0,us30,M1,25717,2026-08-09 22:00:00+00:00,2026-09-03 05:37:00+00:00,67,9,58,13.432835820895523,-12.27282093551803,-0.18317643187340343,0.8131535771953242,-1227.2820935518027,-12.272820935518029,-2885.6990121893614,-28.856990121893617,108.07462686567165,36,31,-19.046311368485128,6.7734904329671,9,58,0,275.8537313432859,133,88,0
live,6.0,us30,M5,21299,2026-05-10 22:00:00+00:00,2026-08-21 20:55:00+00:00,132,23,109,17.424242424242426,18.171360647991413,0.13766182309084404,1.1571858157711372,1817.136064799141,18.17136064799141,-3525.1624703715297,-35.251624703715294,38.446969696969695,74,58,-4.1433308479683735,22.31469149595979,22,109,1,437.3212121212137,323,172,0
live,6.0,us30,M15,21855,2025-09-30 21:00:00+00:00,2026-08-21 20:45:00+00:00,156,27,129,17.307692307692307,17.599938387991358,0.11282011787173947,1.127744793988367,1759.9938387991356,17.599938387991358,-3782.4197381432405,-37.824197381432406,14.128205128205128,77,79,-6.443290637340983,24.04322902533233,26,129,1,452.7487179487201,454,172,0
live,6.0,us30,H1,21841,2023-01-02 23:00:00+00:00,2026-08-21 20:00:00+00:00,126,30,96,23.809523809523807,76.13953304509079,0.6042820082943713,1.744501254844942,7613.95330450908,76.1395330450908,-1047.7734739827538,-10.477734739827538,9.682539682539682,80,46,40.34976395546987,35.78976908962092,30,96,0,552.1047619047613,601,132,0
live,6.0,us30,H4,14102,2017-04-30 22:00:00+00:00,2026-08-21 17:00:00+00:00,37,5,32,13.513513513513514,-3.9801261712179485,-0.10757097760048509,0.8812122142244795,-398.01261712179513,-3.980126171217951,-2521.396441557399,-25.21396441557399,6.45945945945946,31,6,-4.438167560072285,0.458041388854336,5,32,0,550.318918918917,423,37,0
live,6.0,us30,D1,2403,2017-05-01 00:00:00+00:00,2026-08-21 00:00:00+00:00,4,2,2,50.0,9.376521958048887,2.3441304895122217,4.696619408843237,937.6521958048887,9.376521958048887,-145.45454545452958,-1.4545454545452958,1.25,2,2,4.864954230621981,4.511567727426907,2,2,0,313.75,92,4,0
live,6.0,us500,M1,25481,2026-08-09 22:00:00+00:00,2026-09-03 05:36:00+00:00,0,0,0,,0.0,,,0.0,0.0,0.0,0.0,,0,0,0.0,0.0,0,0,0,,0,0,0
live,6.0,us500,M5,21257,2026-05-10 22:00:00+00:00,2026-08-21 20:55:00+00:00,13,3,10,23.076923076923077,7.504221912329677,0.5772478394099751,1.7263187986869653,750.4221912329679,7.504221912329678,-612.4858912765922,-6.124858912765921,64.23076923076923,7,6,-7.266961980129337,14.771183892459014,3,10,0,271.56923076923005,16,13,0
live,6.0,us500,M15,21838,2025-09-30 21:00:00+00:00,2026-08-21 20:45:00+00:00,31,3,28,9.67741935483871,-10.958519839321804,-0.3535006399781227,0.6204334932594143,-1095.8519839321805,-10.958519839321806,-1389.4610163572725,-13.894610163572723,324.9032258064516,16,15,-2.602308003036912,-8.356211836284894,3,28,0,306.6322580645151,84,58,0
live,6.0,us500,H1,21826,2023-01-02 23:00:00+00:00,2026-08-21 20:00:00+00:00,69,13,56,18.84057971014493,20.832925386491898,0.3019264548766942,1.3659373044770398,2083.2925386491897,20.832925386491898,-1422.985905114685,-14.229859051146851,130.7391304347826,33,36,22.483465791464898,-1.6505404049729975,13,56,0,402.3217391304334,169,117,0
live,6.0,us500,H4,14186,2017-04-30 22:00:00+00:00,2026-08-21 17:00:00+00:00,87,18,69,20.689655172413794,37.804659092860405,0.43453631141218857,1.540941461594081,3780.4659092860397,37.8046590928604,-1538.9993075020775,-15.389993075020774,70.63218390804597,52,35,52.25294143503306,-14.448282342172662,18,69,0,476.18390804597675,243,152,0
live,6.0,us500,D1,6991,1999-02-18 00:00:00+00:00,2026-08-21 00:00:00+00:00,52,10,42,19.230769230769234,16.055819284066313,0.3087657554628137,1.3690238594867288,1605.5819284066301,16.055819284066303,-1633.4218335279693,-16.334218335279694,39.88461538461539,37,15,10.464031627078302,5.591787656988005,10,42,0,407.21923076923036,151,74,0
live,6.0,xauusd,M1,25229,2026-08-09 22:01:00+00:00,2026-09-03 05:37:00+00:00,175,32,143,18.285714285714285,29.468159386936627,0.16838948221106645,1.188731100225745,2946.815938693662,29.468159386936616,-2908.400785943215,-29.08400785943215,72.96,95,80,11.101234504472929,18.366924882463692,31,143,1,424.7668571428584,509,313,0
live,6.0,xauusd,M5,20564,2026-05-10 22:00:00+00:00,2026-08-21 20:40:00+00:00,193,35,158,18.134715025906736,28.635983047828272,0.14837296915973197,1.1595844784151828,2863.598304782827,28.635983047828272,-2682.0855260923836,-26.820855260923835,25.036269430051814,85,108,-16.640620220235395,45.27660326806367,35,158,0,533.011398963732,536,241,0
live,6.0,xauusd,M15,21007,2025-09-30 22:00:00+00:00,2026-08-21 20:30:00+00:00,129,22,107,17.05426356589147,13.410742715433933,0.103959245856077,1.1142969868588317,1341.0742715433942,13.41074271543394,-1944.4278811083896,-19.444278811083894,10.03875968992248,74,55,-12.901178116111813,26.311920831545756,22,107,0,618.6434108527147,608,133,0
live,6.0,xauusd,H1,21516,2023-01-02 23:00:00+00:00,2026-08-21 20:00:00+00:00,127,24,103,18.89763779527559,33.94169418196002,0.26725743450362216,1.3128272898344855,3394.1694181960006,33.94169418196001,-2342.1933865299943,-23.421933865299945,20.456692913385826,65,62,8.372282571835688,25.569411610124327,24,103,0,597.4929133858246,618,148,0
live,6.0,xauusd,H4,21049,2013-01-02 03:00:00+00:00,2026-08-21 18:00:00+00:00,130,26,104,20.0,44.19791722969572,0.33998397868996705,1.4017884449256448,4419.791722969572,44.19791722969572,-3611.035972192989,-36.11035972192989,11.215384615384615,75,55,53.11397255580684,-8.916055326111124,26,104,0,606.2707692307682,647,143,0
live,6.0,xauusd,D1,8787,1992-08-18 00:00:00+00:00,2026-08-21 00:00:00+00:00,41,11,30,26.82926829268293,33.36359061784703,0.8137461126304154,2.046197076863667,3336.3590617847035,33.36359061784703,-860.7440026461009,-8.607440026461008,22.048780487804876,28,13,26.141756554278594,7.221834063568436,11,30,0,532.6580487804878,269,50,0
live,8.0,audusd,M1,25361,2026-08-09 21:05:00+00:00,2026-09-03 05:38:00+00:00,0,0,0,,0.0,,,0.0,0.0,0.0,0.0,,0,0,0.0,0.0,0,0,0,,0,0,0
live,8.0,audusd,M5,20095,2026-05-17 21:05:00+00:00,2026-08-21 20:55:00+00:00,2,0,2,0.0,-2.0808555602154755,-1.0404277801077377,0.0,-208.08555602154757,-2.0808555602154755,-104.10677618069894,-1.0410677618069895,5460.5,1,1,-1.039787798408491,-1.0410677618069848,0,2,0,296.8999999999999,5,5,0
live,8.0,audusd,M15,22176,2025-09-30 21:00:00+00:00,2026-08-21 20:45:00+00:00,14,3,11,21.428571428571427,9.320294931465117,0.6657353522475083,1.801857179394823,932.0294931465118,9.320294931465117,-741.5804991448877,-7.415804991448876,315.35714285714283,10,4,13.483664961488746,-4.163370030023629,2,11,1,277.54285714285714,26,16,0
live,8.0,audusd,H1,22655,2023-01-01 23:00:00+00:00,2026-08-21 20:00:00+00:00,74,6,68,8.108108108108109,-23.669100165168565,-0.31985270493471035,0.6679688715265433,-2366.910016516856,-23.66910016516856,-2887.8893400286397,-28.878893400286398,118.37837837837837,36,38,-1.7534596773363702,-21.915640487832196,6,68,0,298.3540540540538,166,107,0
live,8.0,audusd,H4,21210,2013-01-01 22:00:00+00:00,2026-08-21 17:00:00+00:00,127,21,106,16.535433070866144,52.504343112165536,0.41342002450524046,1.4788504281343942,5250.434311216553,52.50434311216553,-1356.5138357660471,-13.565138357660473,99.4015748031496,67,60,-2.4663557212116207,54.97069883337714,20,106,1,461.9811023622052,485,293,0
live,8.0,audusd,D1,6301,2002-05-07 00:00:00+00:00,2026-08-21 00:00:00+00:00,59,9,50,15.254237288135593,20.173268223348778,0.341919800395742,1.3929546891959308,2017.3268223348778,20.173268223348778,-1386.5984856988962,-13.86598485698896,20.25423728813559,34,25,18.787251447181568,1.3860167761672184,9,50,0,596.2745762711861,216,71,0
live,8.0,eurgbp,M1,24741,2026-08-09 21:05:00+00:00,2026-09-03 05:37:00+00:00,0,0,0,,0.0,,,0.0,0.0,0.0,0.0,,0,0,0.0,0.0,0,0,0,,0,0,0
live,8.0,eurgbp,M5,20103,2026-05-17 21:05:00+00:00,2026-08-21 20:55:00+00:00,0,0,0,,0.0,,,0.0,0.0,0.0,0.0,,0,0,0.0,0.0,0,0,0,,0,0,0
live,8.0,eurgbp,M15,22176,2025-09-30 21:00:00+00:00,2026-08-21 20:45:00+00:00,2,0,2,0.0,-2.124539744422773,-1.0622698722113866,0.0,-212.4539744422773,-2.124539744422773,-107.30994152046878,-1.0730994152046878,2494.0,2,0,-2.124539744422773,0.0,0,2,0,248.39999999999858,6,4,0
live,8.0,eurgbp,H1,22655,2023-01-01 23:00:00+00:00,2026-08-21 20:00:00+00:00,34,1,33,2.941176470588235,-27.345893873189986,-0.8042909962702938,0.22527816208766951,-2734.5893873189993,-27.34589387318999,-3425.8073707704116,-34.25807370770412,297.2352941176471,19,15,-20.497901342322617,-6.8479925308673755,1,33,0,307.1764705882342,55,39,0
live,8.0,eurgbp,H4,21210,2013-01-01 22:00:00+00:00,2026-08-21 17:00:00+00:00,115,9,106,7.82608695652174,-43.79977377311356,-0.3808675980270744,0.603005598067884,-4379.977377311356,-43.79977377311356,-5045.432642720739,-50.454326427207384,107.26086956521739,55,60,-26.205641776441265,-17.594131996672292,8,106,1,481.3486956521733,358,231,0
live,8.0,eurgbp,D1,6301,2002-05-08 00:00:00+00:00,2026-08-21 00:00:00+00:00,55,8,47,14.545454545454545,15.296136097645668,0.2781115654117394,1.3164913203717976,1529.6136097645667,15.296136097645668,-1343.5431721111527,-13.435431721111527,34.43636363636364,23,32,12.053677467182368,3.242458630463295,8,46,1,549.7399999999998,183,77,0
live,8.0,eurusd,M1,25837,2026-08-09 21:05:00+00:00,2026-09-03 05:39:00+00:00,0,0,0,,0.0,,,0.0,0.0,0.0,0.0,,0,0,0.0,0.0,0,0,0,,0,0,0
live,8.0,eurusd,M5,20103,2026-05-17 21:05:00+00:00,2026-08-21 20:55:00+00:00,3,0,3,0.0,-3.1494396911819544,-1.0498132303939849,0.0,-314.9439691181954,-3.1494396911819544,-207.2040310377015,-2.072040310377015,5105.666666666667,2,1,-2.1240847216079217,-1.0253549695740327,0,3,0,245.93333333334428,7,7,0
live,8.0,eurusd,M15,22176,2025-09-30 21:00:00+00:00,2026-08-21 20:45:00+00:00,16,4,12,25.0,11.232422738668843,0.7020264211668027,1.8825808847884842,1123.2422738668843,11.232422738668843,-751.926548233263,-7.519265482332631,372.875,8,8,1.6965532679865833,9.53586947068226,3,12,1,245.27499999999893,30,22,0
live,8.0,eurusd,H1,22655,2023-01-01 23:00:00+00:00,2026-08-21 20:00:00+00:00,67,8,59,11.940298507462686,2.5369613530381754,0.03786509482146531,1.0414702750827791,253.69613530381798,2.53696135303818,-2619.3044004879685,-26.193044004879685,149.32835820895522,29,38,5.896072166663595,-3.359110813625417,8,59,0,384.4925373134343,189,113,0
live,8.0,eurusd,H4,21210,2013-01-01 22:00:00+00:00,2026-08-21 17:00:00+00:00,116,16,100,13.793103448275861,20.473002527393863,0.17649140109822295,1.2000367034869048,2047.300252739387,20.47300252739387,-3040.183309513208,-30.40183309513208,95.93103448275862,59,57,15.809677868421613,4.663324658972251,15,100,1,547.1646551724135,493,259,0
live,8.0,eurusd,D1,6307,2002-05-07 00:00:00+00:00,2026-08-21 00:00:00+00:00,41,8,33,19.51219512195122,29.78702824890719,0.7265128841196876,1.8798159952283156,2978.7028248907186,29.787028248907188,-1522.9724190059987,-15.229724190059986,16.634146341463413,18,23,8.605703378393972,21.18132487051322,8,33,0,630.275609756097,228,42,0
live,8.0,gbpusd,M1,26114,2026-08-09 21:07:00+00:00,2026-09-03 05:38:00+00:00,0,0,0,,0.0,,,0.0,0.0,0.0,0.0,,0,0,0.0,0.0,0,0,0,,1,0,0
live,8.0,gbpusd,M5,20086,2026-05-17 21:05:00+00:00,2026-08-21 20:55:00+00:00,4,1,3,25.0,4.794638990582437,1.1986597476456093,2.512878370667726,479.4638990582438,4.794638990582438,-209.2841685686726,-2.0928416856867265,3382.5,3,1,5.823596519539984,-1.028957528957546,1,3,0,341.04999999999825,8,6,0
live,8.0,gbpusd,M15,22174,2025-09-30 21:00:00+00:00,2026-08-21 20:45:00+00:00,36,3,33,8.333333333333332,-18.3925295673168,-0.5109035990921333,0.4736907890506182,-1839.25295673168,-18.3925295673168,-1958.2431889543595,-19.582431889543596,278.3888888888889,20,16,-1.5550024832059401,-16.837527084110857,2,33,1,329.9944444444431,82,59,0
live,8.0,gbpusd,H1,22655,2023-01-01 23:00:00+00:00,2026-08-21 20:00:00+00:00,93,6,87,6.451612903225806,-45.56367091255624,-0.4899319452963037,0.5089086174444654,-4556.3670912556245,-45.56367091255624,-4583.233505862905,-45.832335058629056,98.41935483870968,50,43,-8.68900269871602,-36.874668213840216,6,87,0,382.1612903225808,248,155,0
live,8.0,gbpusd,H4,21210,2013-01-01 22:00:00+00:00,2026-08-21 17:00:00+00:00,182,22,160,12.087912087912088,2.3685381062945225,0.013013945638980893,1.0143440148575638,236.85381062945135,2.3685381062945132,-5206.053445242704,-52.060534452427035,32.527472527472526,98,84,8.68525781737501,-6.316719711080492,21,160,1,566.3835164835166,547,238,0
live,8.0,gbpusd,D1,6311,2002-05-07 00:00:00+00:00,2026-08-21 00:00:00+00:00,30,3,27,10.0,-4.24933487434755,-0.141644495811585,0.8489678908052211,-424.93348743475497,-4.24933487434755,-1282.8808039994,-12.828808039994,5.266666666666667,15,15,-15.720241267913554,11.470906393566,3,27,0,608.9299999999986,216,31,0
live,8.0,us100,M1,26000,2026-08-09 22:00:00+00:00,2026-09-03 05:36:00+00:00,48,4,44,8.333333333333332,-19.97741235592871,-0.41619609074851477,0.5850001542734025,-1997.7412355928714,-19.977412355928713,-2641.820605377987,-26.41820605377987,314.4166666666667,21,27,-4.367405946344578,-15.61000640958413,3,44,1,352.47916666666924,163,106,0
live,8.0,us100,M5,21307,2026-05-10 22:00:00+00:00,2026-08-21 20:55:00+00:00,162,23,139,14.19753086419753,36.03146240071268,0.22241643457230048,1.246537921168475,3603.1462400712676,36.03146240071268,-2412.8143465753556,-24.128143465753553,42.15432098765432,82,80,-4.748648171367391,40.78011057208007,23,138,1,467.45061728395086,404,226,0
live,8.0,us100,M15,21857,2025-09-30 21:00:00+00:00,2026-08-21 20:45:00+00:00,152,30,122,19.736842105263158,107.08716722999955,0.7045208370394708,1.8412361146979033,10708.716722999956,107.08716722999955,-2324.5042886787014,-23.245042886787015,33.2171052631579,89,63,50.43076060557032,56.65640662442922,29,122,1,473.00263157894636,466,196,0
live,8.0,us100,H1,21841,2023-01-02 23:00:00+00:00,2026-08-21 20:00:00+00:00,131,19,112,14.50381679389313,34.043404453977864,0.2598733164425791,1.290802199581933,3404.3404453977864,34.043404453977864,-2701.27771476634,-27.012777147663403,21.213740458015266,90,41,49.624855373496885,-15.581450919519021,19,112,0,540.451908396946,543,151,0
live,8.0,us100,H4,14187,2017-04-30 22:00:00+00:00,2026-08-21 17:00:00+00:00,71,15,56,21.12676056338028,54.61364423890616,0.7692062568860023,1.8463481922116143,5461.364423890616,54.61364423890617,-1958.1693581502514,-19.581693581502513,30.87323943661972,55,16,35.56536888169408,19.04827535721208,15,56,0,595.0901408450691,440,98,0
live,8.0,us100,D1,2897,2015-04-20 00:00:00+00:00,2026-08-21 00:00:00+00:00,15,4,11,26.666666666666668,20.531758373681125,1.3687838915787416,2.8052883650036264,2053.175837368112,20.531758373681118,-626.6758269279162,-6.266758269279162,12.666666666666666,12,3,5.589414860250922,14.9423435134302,4,11,0,640.5466666666671,95,16,0
live,8.0,us30,M1,25717,2026-08-09 22:00:00+00:00,2026-09-03 05:37:00+00:00,42,4,38,9.523809523809524,-10.661993497930341,-0.2538569880459605,0.7488953586685198,-1066.1993497930337,-10.661993497930336,-2885.6990121893614,-28.856990121893617,336.3095238095238,23,19,-16.855653256769692,6.193659758839354,4,38,0,286.95714285714485,133,88,0
live,8.0,us30,M5,21299,2026-05-10 22:00:00+00:00,2026-08-21 20:55:00+00:00,125,19,106,15.2,33.68602257325532,0.26948818058604257,1.2998977842442894,3368.6022573255323,33.68602257325533,-3286.2245248431673,-32.86224524843167,48.256,69,56,-5.777508105882093,39.46353067913742,18,106,1,442.12000000000234,323,172,0
live,8.0,us30,M15,21855,2025-09-30 21:00:00+00:00,2026-08-21 20:45:00+00:00,156,20,136,12.82051282051282,6.599938387991358,0.042307297358918965,1.0453266241070882,659.9938387991351,6.599938387991351,-3688.770821429138,-36.88770821429138,17.025641025641026,77,79,4.556709362659019,2.043229025332339,19,136,1,452.7487179487201,454,172,0
live,8.0,us30,H1,21841,2023-01-02 23:00:00+00:00,2026-08-21 20:00:00+00:00,123,23,100,18.69918699186992,76.26559875569377,0.6200455183389738,1.716704912209541,7626.559875569377,76.26559875569377,-1291.3493126768626,-12.913493126768627,12.788617886178862,78,45,51.42888130926534,24.836717446428437,23,100,0,553.2048780487801,601,132,0
live,8.0,us30,H4,14102,2017-04-30 22:00:00+00:00,2026-08-21 17:00:00+00:00,37,4,33,10.81081081081081,-2.9801261712179485,-0.08054395057345806,0.9136929530543348,-298.01261712179513,-2.980126171217951,-2521.396441557399,-25.21396441557399,6.783783783783784,31,6,-5.438167560072285,2.458041388854336,4,33,0,550.318918918917,423,37,0
live,8.0,us30,D1,2403,2017-05-01 00:00:00+00:00,2026-08-21 00:00:00+00:00,4,1,3,25.0,4.3765219580488885,1.0941304895122221,2.225779349227568,437.6521958048888,4.376521958048888,-145.45454545452958,-1.4545454545452958,1.5,2,2,6.864954230621981,-2.4884322725730934,1,3,0,313.75,92,4,0
live,8.0,us500,M1,25481,2026-08-09 22:00:00+00:00,2026-09-03 05:36:00+00:00,0,0,0,,0.0,,,0.0,0.0,0.0,0.0,,0,0,0.0,0.0,0,0,0,,0,0,0
live,8.0,us500,M5,21257,2026-05-10 22:00:00+00:00,2026-08-21 20:55:00+00:00,13,2,11,15.384615384615385,4.504221912329679,0.34647860864074453,1.3957843563366945,450.42219123296775,4.504221912329678,-928.8899018154498,-9.288899018154497,66.23076923076923,7,6,-7.266961980129337,11.771183892459014,2,11,0,271.56923076923005,16,13,0
live,8.0,us500,M15,21838,2025-09-30 21:00:00+00:00,2026-08-21 20:45:00+00:00,31,3,28,9.67741935483871,-4.958519839321807,-0.1599522528813486,0.82825344283615,-495.8519839321806,-4.958519839321806,-1051.3964245168972,-10.513964245168971,329.83870967741933,16,15,1.397691996963088,-6.356211836284894,3,28,0,306.6322580645151,84,58,0
live,8.0,us500,H1,21826,2023-01-02 23:00:00+00:00,2026-08-21 20:00:00+00:00,65,9,56,13.846153846153847,11.581039922643527,0.17816984496374655,1.2034819163530963,1158.1039922643527,11.581039922643527,-1422.9859051146832,-14.229859051146832,161.01538461538462,29,36,21.240713570293856,-9.659673647650324,8,56,1,404.1969230769217,169,117,0
live,8.0,us500,H4,14186,2017-04-30 22:00:00+00:00,2026-08-21 17:00:00+00:00,77,16,61,20.77922077922078,65.94054174284123,0.8563706719849511,2.0664566477088173,6594.054174284123,65.94054174284123,-1531.6943742673939,-15.316943742673939,86.72727272727273,45,32,71.35048926174915,-5.409947518907922,16,61,0,488.81558441558434,243,152,0
live,8.0,us500,D1,6991,1999-02-18 00:00:00+00:00,2026-08-21 00:00:00+00:00,42,7,35,16.666666666666664,19.681942634012326,0.46861768176219826,1.5458133560023148,1968.1942634012325,19.681942634012326,-1633.421833527971,-16.33421833527971,71.0952380952381,32,10,20.83365999613189,-1.151717362119565,7,35,0,448.680952380952,151,74,0
live,8.0,xauusd,M1,25229,2026-08-09 22:01:00+00:00,2026-09-03 05:37:00+00:00,161,20,141,12.422360248447205,4.463659003011578,0.027724590080817256,1.0290366427682638,446.3659003011594,4.463659003011594,-5750.932626191976,-57.50932626191976,81.7888198757764,87,74,3.558776171949191,0.9048828310623886,20,141,0,422.8024844720517,509,313,0
live,8.0,xauusd,M5,20564,2026-05-10 22:00:00+00:00,2026-08-21 20:40:00+00:00,181,23,158,12.70718232044199,3.264155017096787,0.018034005619319265,1.0182017847358822,326.4155017096791,3.2641550170967912,-5388.833813113852,-53.88833813113851,33.03867403314917,81,100,2.6023587884663977,0.6617962286303944,23,158,0,526.5116022099462,536,241,0
live,8.0,xauusd,M15,21007,2025-09-30 22:00:00+00:00,2026-08-21 20:30:00+00:00,129,14,115,10.852713178294573,-14.589257284566063,-0.11309501770981445,0.8839658580644799,-1458.9257284566056,-14.589257284566056,-3844.4278811083896,-38.44427881108389,12.023255813953488,74,55,-19.901178116111815,5.311920831545756,14,115,0,618.6434108527147,608,133,0
live,8.0,xauusd,H1,21516,2023-01-02 23:00:00+00:00,2026-08-21 20:00:00+00:00,125,17,108,13.600000000000001,20.844847968770626,0.166758783750165,1.1833851753671252,2084.484796877061,20.844847968770612,-2491.9195266968163,-24.919195266968163,24.808,64,61,-4.602459800360716,25.447307769131328,17,108,0,593.6831999999978,618,148,0
live,8.0,xauusd,H4,21049,2013-01-02 03:00:00+00:00,2026-08-21 18:00:00+00:00,128,20,108,15.625,44.25084198525859,0.3457097030098327,1.387507431789915,4425.0841985258585,44.25084198525858,-3856.6472959353505,-38.566472959353504,12.6328125,74,54,65.14147530608194,-20.890633320823344,20,108,0,600.959374999999,647,143,0
live,8.0,xauusd,D1,8787,1992-08-18 00:00:00+00:00,2026-08-21 00:00:00+00:00,35,6,29,17.142857142857142,16.756571573365765,0.4787591878104504,1.543307401276323,1675.6571573365766,16.75657157336577,-1168.6316576581103,-11.686316576581103,35.2,23,12,29.482216501393964,-12.725644928028203,6,29,0,543.7994285714283,269,50,0
live,10.0,audusd,M1,25361,2026-08-09 21:05:00+00:00,2026-09-03 05:38:00+00:00,0,0,0,,0.0,,,0.0,0.0,0.0,0.0,,0,0,0.0,0.0,0,0,0,,0,0,0
live,10.0,audusd,M5,20095,2026-05-17 21:05:00+00:00,2026-08-21 20:55:00+00:00,2,0,2,0.0,-2.0808555602154755,-1.0404277801077377,0.0,-208.08555602154757,-2.0808555602154755,-104.10677618069894,-1.0410677618069895,5460.5,1,1,-1.039787798408491,-1.0410677618069848,0,2,0,296.8999999999999,5,5,0
live,10.0,audusd,M15,22176,2025-09-30 21:00:00+00:00,2026-08-21 20:45:00+00:00,14,3,11,21.428571428571427,13.320294931465117,0.951449637961794,2.1459910014642385,1332.0294931465116,13.320294931465115,-741.5804991448877,-7.415804991448876,336.42857142857144,10,4,17.483664961488746,-4.163370030023629,2,11,1,277.54285714285714,26,16,0
live,10.0,audusd,H1,22655,2023-01-01 23:00:00+00:00,2026-08-21 20:00:00+00:00,71,4,67,5.633802816901409,-30.573032546503363,-0.4306060922042727,0.5649494642749007,-3057.303254650336,-30.57303254650336,-3684.0431861824854,-36.840431861824854,135.26760563380282,34,37,-2.6775195326731795,-27.895513013830183,4,67,0,293.87042253521105,166,107,0
live,10.0,audusd,H4,21210,2013-01-01 22:00:00+00:00,2026-08-21 17:00:00+00:00,133,16,117,12.030075187969924,31.185508590996918,0.23447750820298435,1.2575605833200547,3118.5508590996915,31.185508590996914,-2348.880179037229,-23.48880179037229,96.0375939849624,73,60,-27.481161989530438,58.66667058052736,15,117,1,475.3330827067672,485,293,0
live,10.0,audusd,D1,6301,2002-05-07 00:00:00+00:00,2026-08-21 00:00:00+00:00,57,9,48,15.789473684210526,40.36936587998179,0.7082344891224875,1.8214958085770228,4036.9365879981783,40.369365879981785,-1336.7460974871847,-13.367460974871847,23.05263157894737,33,24,31.969622267850255,8.39974361213153,9,48,0,600.7052631578945,216,71,0
live,10.0,eurgbp,M1,24741,2026-08-09 21:05:00+00:00,2026-09-03 05:37:00+00:00,0,0,0,,0.0,,,0.0,0.0,0.0,0.0,,0,0,0.0,0.0,0,0,0,,0,0,0
live,10.0,eurgbp,M5,20103,2026-05-17 21:05:00+00:00,2026-08-21 20:55:00+00:00,0,0,0,,0.0,,,0.0,0.0,0.0,0.0,,0,0,0.0,0.0,0,0,0,,0,0,0
live,10.0,eurgbp,M15,22176,2025-09-30 21:00:00+00:00,2026-08-21 20:45:00+00:00,2,0,2,0.0,-2.124539744422773,-1.0622698722113866,0.0,-212.4539744422773,-2.124539744422773,-107.30994152046878,-1.0730994152046878,2494.0,2,0,-2.124539744422773,0.0,0,2,0,248.39999999999858,6,4,0
live,10.0,eurgbp,H1,22655,2023-01-01 23:00:00+00:00,2026-08-21 20:00:00+00:00,34,1,33,2.941176470588235,-29.327899014578144,-0.8625852651346513,0.16912703852197275,-2932.789901457815,-29.32789901457815,-3425.8073707704116,-34.25807370770412,316.47058823529414,19,15,-20.497901342322617,-8.829997672255534,0,33,1,307.1764705882342,55,39,0
live,10.0,eurgbp,H4,21210,2013-01-01 22:00:00+00:00,2026-08-21 17:00:00+00:00,99,7,92,7.07070707070707,-33.07313445160753,-0.33407206516775284,0.6543456961484326,-3307.3134451607543,-33.073134451607544,-4280.729502995347,-42.807295029953465,134.31313131313132,48,51,-12.87073543834838,-20.202399013259143,6,92,1,492.00808080808054,358,231,0
live,10.0,eurgbp,D1,6301,2002-05-08 00:00:00+00:00,2026-08-21 00:00:00+00:00,53,6,47,11.320754716981133,11.51033862287236,0.21717620043155397,1.2389889252691266,1151.033862287236,11.510338622872359,-1978.4534197111861,-19.78453419711186,41.18867924528302,22,31,21.271068771530146,-9.760730148657787,6,46,1,549.8132075471697,183,77,0
live,10.0,eurusd,M1,25837,2026-08-09 21:05:00+00:00,2026-09-03 05:39:00+00:00,0,0,0,,0.0,,,0.0,0.0,0.0,0.0,,0,0,0.0,0.0,0,0,0,,0,0,0
live,10.0,eurusd,M5,20103,2026-05-17 21:05:00+00:00,2026-08-21 20:55:00+00:00,3,0,3,0.0,-3.1494396911819544,-1.0498132303939849,0.0,-314.9439691181954,-3.1494396911819544,-207.2040310377015,-2.072040310377015,5105.666666666667,2,1,-2.1240847216079217,-1.0253549695740327,0,3,0,245.93333333334428,7,7,0
live,10.0,eurusd,M15,22176,2025-09-30 21:00:00+00:00,2026-08-21 20:45:00+00:00,15,4,11,26.666666666666668,18.264453488188376,1.2176302325458919,2.5617637819141192,1826.4453488188378,18.26445348818838,-648.7234732813104,-6.4872347328131035,461.06666666666666,7,8,4.728584017506117,13.53586947068226,3,11,1,240.81333333333177,30,22,0
live,10.0,eurusd,H1,22655,2023-01-01 23:00:00+00:00,2026-08-21 20:00:00+00:00,52,5,47,9.615384615384617,1.2465943914637851,0.02397296906661125,1.0256867319942957,124.65943914637863,1.2465943914637865,-2888.5187231491163,-28.88518723149116,285.2692307692308,22,30,10.202733127476867,-8.956138736013079,5,47,0,409.2423076923104,189,113,0
live,10.0,eurusd,H4,21210,2013-01-01 22:00:00+00:00,2026-08-21 17:00:00+00:00,110,14,96,12.727272727272727,34.58122115266713,0.3143747377515194,1.3517577788244632,3458.1221152667126,34.581221152667126,-2440.183309513208,-24.401833095132076,108.27272727272727,58,52,21.79629263892729,12.78492851373983,13,96,1,536.7718181818175,493,259,0
live,10.0,eurusd,D1,6307,2002-05-07 00:00:00+00:00,2026-08-21 00:00:00+00:00,40,7,33,17.5,35.805383608672244,0.8951345902168061,2.0575794587817366,3580.5383608672237,35.80538360867224,-1522.9724190059987,-15.229724190059986,18.025,18,22,14.60570337839397,21.199680230278265,7,33,0,632.4124999999991,228,42,0
live,10.0,gbpusd,M1,26114,2026-08-09 21:07:00+00:00,2026-09-03 05:38:00+00:00,0,0,0,,0.0,,,0.0,0.0,0.0,0.0,,0,0,0.0,0.0,0,0,0,,1,0,0
live,10.0,gbpusd,M5,20086,2026-05-17 21:05:00+00:00,2026-08-21 20:55:00+00:00,4,1,3,25.0,4.411506460462216,1.102876615115554,2.391986491413294,441.1506460462216,4.411506460462216,-209.2841685686726,-2.0928416856867265,3418.5,3,1,5.440463989419762,-1.028957528957546,0,3,1,341.04999999999825,8,6,0
live,10.0,gbpusd,M15,22174,2025-09-30 21:00:00+00:00,2026-08-21 20:45:00+00:00,26,1,25,3.8461538461538463,-25.87721656831053,-0.9952775603196358,0.023425581919314268,-2587.7216568310528,-25.87721656831053,-2545.5138162796975,-25.455138162796974,513.6538461538462,15,11,-14.249612586789047,-11.62760398152148,0,25,1,332.3076923076915,82,59,0
live,10.0,gbpusd,H1,22655,2023-01-01 23:00:00+00:00,2026-08-21 20:00:00+00:00,92,5,87,5.434782608695652,-42.4767143908162,-0.4617034172914804,0.537283223314165,-4247.67143908162,-42.4767143908162,-4674.537853688899,-46.74537853688899,106.29347826086956,49,43,-7.60204617697598,-34.874668213840216,5,87,0,386.16521739130445,248,155,0
live,10.0,gbpusd,H4,21210,2013-01-01 22:00:00+00:00,2026-08-21 17:00:00+00:00,177,16,161,9.03954802259887,-16.490544307537554,-0.0931669169917376,0.900785337651017,-1649.0544307537555,-16.490544307537554,-5006.053445242704,-50.06053445242704,35.847457627118644,96,81,-20.261560183638476,3.7710158761009245,15,161,1,567.2757062146896,547,238,0
live,10.0,gbpusd,D1,6311,2002-05-07 00:00:00+00:00,2026-08-21 00:00:00+00:00,29,1,28,3.4482758620689653,-19.231629491911278,-0.663159637652113,0.341347445718439,-1923.1629491911276,-19.231629491911274,-2182.880803999402,-21.82880803999402,6.0344827586206895,15,14,-15.720241267913554,-3.511388223997727,1,28,0,600.7137931034466,216,31,0
live,10.0,us100,M1,26000,2026-08-09 22:00:00+00:00,2026-09-03 05:36:00+00:00,49,4,45,8.16326530612245,-15.109717759596656,-0.308361586930544,0.6933323844273448,-1510.9717759596658,-15.109717759596657,-2555.051145744781,-25.55051145744781,309.0204081632653,21,28,-0.41010561524548517,-14.699612144351168,3,45,1,339.49387755102197,163,106,0
live,10.0,us100,M5,21307,2026-05-10 22:00:00+00:00,2026-08-21 20:55:00+00:00,148,18,130,12.162162162162163,41.60414897190431,0.28110911467502914,1.3041931714751456,4160.414897190431,41.6041489719043,-3373.9843972408507,-33.73984397240851,56.182432432432435,77,71,-3.529130442729553,45.133279414633876,18,129,1,465.0364864864865,404,226,0
live,10.0,us100,M15,21857,2025-09-30 21:00:00+00:00,2026-08-21 20:45:00+00:00,149,27,122,18.120805369127517,135.36106349317615,0.9084635133770211,2.064325476919765,13536.106349317612,135.36106349317612,-2124.504288678705,-21.24504288678705,38.42953020134228,87,62,62.65664150383014,72.70442198934599,26,122,1,477.17315436241466,466,196,0
live,10.0,us100,H1,21841,2023-01-02 23:00:00+00:00,2026-08-21 20:00:00+00:00,125,18,107,14.399999999999999,67.17571606498167,0.5374057285198534,1.5997578037422966,6717.571606498168,67.17571606498169,-2701.277714766342,-27.01277714766342,27.896,86,39,74.70775273546359,-7.532036670481903,18,107,0,531.4207999999993,543,151,0
live,10.0,us100,H4,14187,2017-04-30 22:00:00+00:00,2026-08-21 17:00:00+00:00,68,11,57,16.176470588235293,43.76031626970111,0.6435340627897221,1.6678502723001913,4376.031626970111,43.76031626970111,-1958.1693581502514,-19.581693581502513,33.75,51,17,17.72832048704948,26.031995782651627,11,57,0,598.6941176470577,440,98,0
live,10.0,us100,D1,2897,2015-04-20 00:00:00+00:00,2026-08-21 00:00:00+00:00,15,3,12,20.0,17.53175837368113,1.1687838915787419,2.4149809418277086,1753.1758373681125,17.531758373681125,-728.3741964931323,-7.283741964931323,15.066666666666666,12,3,9.58941486025092,7.942343513430201,3,12,0,640.5466666666671,95,16,0
live,10.0,us30,M1,25717,2026-08-09 22:00:00+00:00,2026-09-03 05:37:00+00:00,45,2,43,4.444444444444445,-28.52017879720712,-0.6337817510490471,0.41040686560443357,-2852.0178797207122,-28.520178797207123,-2885.6990121893614,-28.856990121893617,306.2,23,22,-25.912501696433125,-2.6076771007739943,2,43,0,260.3822222222257,133,88,0
live,10.0,us30,M5,21299,2026-05-10 22:00:00+00:00,2026-08-21 20:55:00+00:00,112,14,98,12.5,28.07659096727549,0.2506838479221026,1.2704379522027007,2807.6590967275497,28.076590967275493,-4723.602981669865,-47.23602981669865,61.88392857142857,62,50,4.297747898198244,23.77884306907725,13,98,1,443.7107142857167,323,172,0
live,10.0,us30,M15,21855,2025-09-30 21:00:00+00:00,2026-08-21 20:45:00+00:00,154,16,138,10.38961038961039,2.681913561033312,0.017415023123592936,1.0181416566751151,268.19135610333115,2.6819135610333116,-4299.337551237359,-42.99337551237359,18.61038961038961,76,78,12.60007449709094,-9.91816093605763,15,138,1,452.2701298701317,454,172,0
live,10.0,us30,H1,21841,2023-01-02 23:00:00+00:00,2026-08-21 20:00:00+00:00,119,16,103,13.445378151260504,49.41350305412789,0.41523952146325954,1.4509798327640635,4941.350305412785,49.41350305412785,-2598.5953988076435,-25.98595398807643,17.33613445378151,74,45,52.57678560769943,-3.1632825535715643,16,103,0,552.43025210084,601,132,0
live,10.0,us30,H4,14102,2017-04-30 22:00:00+00:00,2026-08-21 17:00:00+00:00,37,4,33,10.81081081081081,5.019873828782053,0.1356722656427582,1.145379913906445,501.9873828782045,5.019873828782045,-2521.396441557399,-25.21396441557399,6.783783783783784,31,6,0.5618324399277161,4.458041388854335,4,33,0,550.318918918917,423,37,0
live,10.0,us30,D1,2403,2017-05-01 00:00:00+00:00,2026-08-21 00:00:00+00:00,4,1,3,25.0,6.3765219580488885,1.5941304895122221,2.785940756380218,637.6521958048887,6.376521958048888,-145.45454545452958,-1.4545454545452958,1.5,2,2,8.864954230621981,-2.4884322725730934,1,3,0,313.75,92,4,0
live,10.0,us500,M1,25481,2026-08-09 22:00:00+00:00,2026-09-03 05:36:00+00:00,0,0,0,,0.0,,,0.0,0.0,0.0,0.0,,0,0,0.0,0.0,0,0,0,,0,0,0
live,10.0,us500,M5,21257,2026-05-10 22:00:00+00:00,2026-08-21 20:55:00+00:00,12,1,11,8.333333333333332,-1.4449650795402418,-0.12041375662835348,0.8734663385504571,-144.49650795402417,-1.4449650795402418,-1037.882707570845,-10.37882707570845,103.0,7,5,-7.266961980129337,5.821996900589095,1,11,0,285.9999999999991,16,13,0
live,10.0,us500,M15,21838,2025-09-30 21:00:00+00:00,2026-08-21 20:45:00+00:00,29,3,26,10.344827586206897,3.095682433511916,0.10674767012110056,1.1154375578311606,309.5682433511914,3.095682433511914,-924.783509848512,-9.24783509848512,367.3103448275862,15,14,6.439014311012675,-3.34333187750076,3,26,0,310.22068965517127,84,58,0
live,10.0,us500,H1,21826,2023-01-02 23:00:00+00:00,2026-08-21 20:00:00+00:00,56,7,49,12.5,14.735346091277886,0.2631311802013908,1.295520676349166,1473.5346091277888,14.735346091277886,-1422.985905114685,-14.229859051146851,222.48214285714286,24,32,25.315537635223937,-10.580191543946054,6,49,1,412.7999999999989,169,117,0
live,10.0,us500,H4,14186,2017-04-30 22:00:00+00:00,2026-08-21 17:00:00+00:00,60,12,48,20.0,71.14813214704239,1.1858022024507064,2.461417960007315,7114.813214704239,71.14813214704239,-1218.4101445817341,-12.18410144581734,126.85,35,25,85.44733901884655,-14.299206871804152,12,48,0,469.91666666666725,243,152,0
live,10.0,us500,D1,6991,1999-02-18 00:00:00+00:00,2026-08-21 00:00:00+00:00,32,7,25,21.875,44.286690293502154,1.3839590716719423,2.7391443002542015,4428.669029350214,44.28669029350214,-1633.4218335279675,-16.334218335279672,119.78125,26,6,39.35586147797734,4.930828815524818,7,25,0,497.3812499999997,151,74,0
live,10.0,xauusd,M1,25229,2026-08-09 22:01:00+00:00,2026-09-03 05:37:00+00:00,146,17,129,11.643835616438356,27.46444214156152,0.18811261740795562,1.194686941408227,2746.4442141561503,27.464442141561502,-5655.154172966715,-56.55154172966716,100.54794520547945,82,64,19.885239962952294,7.57920217860922,17,129,0,421.994520547949,509,313,0
live,10.0,xauusd,M5,20564,2026-05-10 22:00:00+00:00,2026-08-21 20:40:00+00:00,175,22,153,12.571428571428573,44.5122200685927,0.25435554324910115,1.2556483874703823,4451.222006859269,44.51222006859269,-4381.887972355436,-43.81887972355437,37.04571428571428,79,96,26.6649841170254,17.847235951567292,22,153,0,520.6948571428582,536,241,0
live,10.0,xauusd,M15,21007,2025-09-30 22:00:00+00:00,2026-08-21 20:30:00+00:00,129,12,117,9.30232558139535,-8.589257284566056,-0.06658338980283764,0.9327882971175798,-858.925728456605,-8.58925728456605,-3644.4278811083896,-36.4442788110839,13.5968992248062,74,55,-16.90117811611181,8.311920831545756,12,117,0,618.6434108527147,608,133,0
live,10.0,xauusd,H1,21516,2023-01-02 23:00:00+00:00,2026-08-21 20:00:00+00:00,125,16,109,12.8,43.82205572332232,0.3505764457865786,1.3819842758893972,4382.205572332231,43.822055723322315,-2447.4765648900957,-24.474765648900956,27.024,66,59,7.3215053300102975,36.50055039331202,16,109,0,588.8111999999979,618,148,0
live,10.0,xauusd,H4,21049,2013-01-02 03:00:00+00:00,2026-08-21 18:00:00+00:00,127,17,110,13.385826771653544,52.28537237199879,0.4116958454488094,1.4496304220633454,5228.537237199878,52.28537237199878,-3656.6472959353523,-36.566472959353526,13.826771653543307,73,54,76.17600569282214,-23.890633320823344,17,110,0,599.9905511811013,647,143,0
live,10.0,xauusd,D1,8787,1992-08-18 00:00:00+00:00,2026-08-21 00:00:00+00:00,35,6,29,17.142857142857142,28.756571573365754,0.821616330667593,1.9323899046255633,2875.6571573365754,28.756571573365754,-1168.6316576581103,-11.686316576581103,40.31428571428572,23,12,41.48221650139395,-12.725644928028203,6,29,0,543.7994285714283,269,50,0
upstream,1.0,audusd,M1,25361,2026-08-09 21:05:00+00:00,2026-09-03 05:38:00+00:00,0,0,0,,0.0,,,0.0,0.0,0.0,0.0,,0,0,0.0,0.0,0,0,0,,0,0,0
upstream,1.0,audusd,M5,20095,2026-05-17 21:05:00+00:00,2026-08-21 20:55:00+00:00,5,3,2,60.0,1.0,0.2,1.5,100.0,1.0,-100.0,-1.0,637.6,3,2,-1.0,2.0,3,2,0,267.5999999999967,5,5,0
upstream,1.0,audusd,M15,22176,2025-09-30 21:00:00+00:00,2026-08-21 20:45:00+00:00,16,10,6,62.5,4.0,0.25,1.6666666666666667,400.0,4.0,-300.0,-3.0,81.0,12,4,4.0,0.0,10,6,0,303.18749999999886,26,16,0
upstream,1.0,audusd,H1,22655,2023-01-01 23:00:00+00:00,2026-08-21 20:00:00+00:00,101,63,38,62.37623762376238,25.0,0.24752475247524752,1.6578947368421053,2500.0,25.0,-500.0,-5.0,17.415841584158414,48,53,14.0,11.0,63,38,0,271.0891089108907,166,105,0
upstream,1.0,audusd,H4,21210,2013-01-01 22:00:00+00:00,2026-08-21 17:00:00+00:00,279,188,91,67.38351254480287,97.0,0.34767025089605735,2.065934065934066,9700.0,97.0,-900.0,-9.0,7.508960573476703,132,147,36.0,61.0,188,91,0,430.89426523297413,485,286,0
upstream,1.0,audusd,D1,6301,2002-05-07 00:00:00+00:00,2026-08-21 00:00:00+00:00,74,49,25,66.21621621621621,24.0,0.32432432432432434,1.96,2400.0,24.0,-400.0,-4.0,2.7162162162162162,44,30,14.0,10.0,49,25,0,512.6959459459449,216,74,0
upstream,1.0,eurgbp,M1,24741,2026-08-09 21:05:00+00:00,2026-09-03 05:37:00+00:00,0,0,0,,0.0,,,0.0,0.0,0.0,0.0,,0,0,0.0,0.0,0,0,0,,0,0,0
upstream,1.0,eurgbp,M5,20103,2026-05-17 21:05:00+00:00,2026-08-21 20:55:00+00:00,0,0,0,,0.0,,,0.0,0.0,0.0,0.0,,0,0,0.0,0.0,0,0,0,,0,0,0
upstream,1.0,eurgbp,M15,22176,2025-09-30 21:00:00+00:00,2026-08-21 20:45:00+00:00,4,3,1,75.0,2.0,0.5,3.0,200.0,2.0,-100.0,-1.0,149.75,2,2,2.0,0.0,3,1,0,254.50000000000472,6,4,0
upstream,1.0,eurgbp,H1,22655,2023-01-01 23:00:00+00:00,2026-08-21 20:00:00+00:00,38,27,11,71.05263157894737,16.0,0.42105263157894735,2.4545454545454546,1600.0,16.0,-400.0,-4.0,26.105263157894736,21,17,7.0,9.0,27,11,0,262.50000000000017,55,38,0
upstream,1.0,eurgbp,H4,21210,2013-01-01 22:00:00+00:00,2026-08-21 17:00:00+00:00,219,135,84,61.64383561643836,51.0,0.2328767123287671,1.6071428571428572,5100.0,51.0,-500.0,-5.0,10.114155251141552,111,108,33.0,18.0,135,84,0,426.67351598173485,358,227,0
upstream,1.0,eurgbp,D1,6301,2002-05-08 00:00:00+00:00,2026-08-21 00:00:00+00:00,75,57,18,76.0,39.0,0.52,3.1666666666666665,3900.0,39.0,-200.0,-2.0,4.053333333333334,29,46,15.0,24.0,57,18,0,492.8666666666667,183,77,0
upstream,1.0,eurusd,M1,25837,2026-08-09 21:05:00+00:00,2026-09-03 05:39:00+00:00,0,0,0,,0.0,,,0.0,0.0,0.0,0.0,,0,0,0.0,0.0,0,0,0,,0,0,0
upstream,1.0,eurusd,M5,20103,2026-05-17 21:05:00+00:00,2026-08-21 20:55:00+00:00,7,4,3,57.14285714285714,1.0,0.14285714285714285,1.3333333333333333,100.0,1.0,-100.0,-1.0,176.85714285714286,5,2,-1.0,2.0,4,3,0,261.00000000000324,7,7,0
upstream,1.0,eurusd,M15,22176,2025-09-30 21:00:00+00:00,2026-08-21 20:45:00+00:00,22,17,5,77.27272727272727,11.289617486338795,0.513164431197218,3.2579234972677593,1128.9617486338796,11.289617486338797,-100.0,-1.0,34.59090909090909,12,10,3.2896174863387944,8.0,16,5,1,188.63636363636508,30,22,0
upstream,1.0,eurusd,H1,22655,2023-01-01 23:00:00+00:00,2026-08-21 20:00:00+00:00,105,63,42,60.0,21.0,0.2,1.5,2100.0,21.0,-1000.0,-10.0,18.704761904761906,55,50,13.0,8.0,63,42,0,332.5809523809535,189,110,0
upstream,1.0,eurusd,H4,21210,2013-01-01 22:00:00+00:00,2026-08-21 17:00:00+00:00,248,162,86,65.32258064516128,75.99999999999999,0.30645161290322576,1.883720930232558,7599.999999999998,75.99999999999997,-400.0,-4.0,7.495967741935484,125,123,40.999999999999986,35.0,162,86,0,475.42338709677466,493,264,0
upstream,1.0,eurusd,D1,6307,2002-05-07 00:00:00+00:00,2026-08-21 00:00:00+00:00,51,32,19,62.745098039215684,13.0,0.2549019607843137,1.6842105263157894,1300.0,13.0,-400.0,-4.0,1.7450980392156863,26,25,-2.0,15.0,32,19,0,571.4607843137238,228,51,0
upstream,1.0,gbpusd,M1,26114,2026-08-09 21:07:00+00:00,2026-09-03 05:38:00+00:00,0,0,0,,0.0,,,0.0,0.0,0.0,0.0,,0,0,0.0,0.0,0,0,0,,1,0,0
upstream,1.0,gbpusd,M5,20086,2026-05-17 21:05:00+00:00,2026-08-21 20:55:00+00:00,6,5,1,83.33333333333334,4.0,0.6666666666666666,5.0,400.0,4.0,-100.0,-1.0,55.833333333333336,5,1,3.0,1.0,5,1,0,299.0000000000011,8,6,0
upstream,1.0,gbpusd,M15,22174,2025-09-30 21:00:00+00:00,2026-08-21 20:45:00+00:00,60,33,27,55.00000000000001,6.0,0.1,1.2222222222222223,600.0,6.0,-400.0,-4.0,25.9,38,22,8.0,-2.0,33,27,0,257.39999999999907,82,60,0
upstream,1.0,gbpusd,H1,22655,2023-01-01 23:00:00+00:00,2026-08-21 20:00:00+00:00,146,80,66,54.794520547945204,14.0,0.0958904109589041,1.2121212121212122,1400.0,14.000000000000002,-600.0,-6.0,15.363013698630137,76,70,-4.0,18.0,80,66,0,343.8698630136991,248,153,0
upstream,1.0,gbpusd,H4,21210,2013-01-01 22:00:00+00:00,2026-08-21 17:00:00+00:00,240,139,101,57.91666666666667,38.0,0.15833333333333333,1.3762376237623761,3800.0,38.0,-600.0,-6.0,5.791666666666667,131,109,29.0,9.0,139,101,0,525.2437500000003,547,246,0
upstream,1.0,gbpusd,D1,6311,2002-05-07 00:00:00+00:00,2026-08-21 00:00:00+00:00,45,36,9,80.0,27.0,0.6,4.0,2700.0,27.0,-200.0,-2.0,1.4222222222222223,28,17,18.0,9.0,36,9,0,565.7444444444421,216,45,0
upstream,1.0,us100,M1,26000,2026-08-09 22:00:00+00:00,2026-09-03 05:36:00+00:00,101,63,38,62.37623762376238,25.0,0.24752475247524752,1.6578947368421053,2500.0,25.0,-500.0,-5.0,19.485148514851485,49,52,11.0,14.0,63,38,0,268.5346534653481,163,104,0
upstream,1.0,us100,M5,21307,2026-05-10 22:00:00+00:00,2026-08-21 20:55:00+00:00,212,137,75,64.62264150943396,62.0,0.29245283018867924,1.8266666666666667,6200.0,62.0,-500.0,-5.0,6.367924528301887,113,99,31.0,31.0,137,75,0,404.34433962264245,404,213,0
upstream,1.0,us100,M15,21857,2025-09-30 21:00:00+00:00,2026-08-21 20:45:00+00:00,196,134,62,68.36734693877551,72.0,0.3673469387755102,2.161290322580645,7200.0,72.0,-500.0,-5.0,4.3520408163265305,115,81,49.0,23.0,134,62,0,395.93367346938714,466,202,0
upstream,1.0,us100,H1,21841,2023-01-02 23:00:00+00:00,2026-08-21 20:00:00+00:00,154,101,53,65.5844155844156,48.0,0.3116883116883117,1.9056603773584906,4800.0,48.0,-400.0,-4.0,3.8506493506493507,100,54,34.0,14.0,101,53,0,485.8441558441553,543,157,0
upstream,1.0,us100,H4,14187,2017-04-30 22:00:00+00:00,2026-08-21 17:00:00+00:00,97,61,36,62.88659793814433,25.0,0.25773195876288657,1.6944444444444444,2500.0,25.0,-600.0,-6.0,5.185567010309279,74,23,22.0,3.0,61,36,0,572.8969072164946,440,101,0
upstream,1.0,us100,D1,2897,2015-04-20 00:00:00+00:00,2026-08-21 00:00:00+00:00,19,15,4,78.94736842105263,11.0,0.5789473684210527,3.75,1100.0,11.0,-100.0,-1.0,1.3157894736842106,15,4,11.0,0.0,15,4,0,509.9999999999976,95,19,0
upstream,1.0,us30,M1,25717,2026-08-09 22:00:00+00:00,2026-09-03 05:37:00+00:00,79,48,31,60.75949367088608,17.0,0.21518987341772153,1.5483870967741935,1700.0,17.0,-400.0,-4.0,16.949367088607595,42,37,12.0,5.0,48,31,0,256.8227848101277,133,82,0
upstream,1.0,us30,M5,21299,2026-05-10 22:00:00+00:00,2026-08-21 20:55:00+00:00,164,114,50,69.51219512195121,64.0,0.3902439024390244,2.28,6400.0,64.0,-300.0,-3.0,6.560975609756097,87,77,33.0,31.0,114,50,0,383.8780487804877,323,167,0
upstream,1.0,us30,M15,21855,2025-09-30 21:00:00+00:00,2026-08-21 20:45:00+00:00,167,106,61,63.47305389221557,45.0,0.2694610778443114,1.7377049180327868,4500.0,45.0,-1300.0,-13.0,3.658682634730539,91,76,23.0,22.0,106,61,0,402.6526946107812,454,169,0
upstream,1.0,us30,H1,21841,2023-01-02 23:00:00+00:00,2026-08-21 20:00:00+00:00,153,107,46,69.93464052287581,61.0,0.39869281045751637,2.3260869565217392,6100.0,61.0,-500.0,-5.0,2.2745098039215685,89,64,41.0,20.0,107,46,0,511.34640522875617,601,155,0
upstream,1.0,us30,H4,14102,2017-04-30 22:00:00+00:00,2026-08-21 17:00:00+00:00,38,25,13,65.78947368421053,12.0,0.3157894736842105,1.9230769230769231,1200.0,12.0,-200.0,-2.0,1.368421052631579,30,8,14.0,-2.0,25,13,0,535.473684210529,423,38,0
upstream,1.0,us30,D1,2403,2017-05-01 00:00:00+00:00,2026-08-21 00:00:00+00:00,5,3,2,60.0,1.0,0.2,1.5,100.0,1.0,-100.0,-1.0,1.0,4,1,0.0,1.0,3,2,0,400.99999999998545,92,5,0
upstream,1.0,us500,M1,25481,2026-08-09 22:00:00+00:00,2026-09-03 05:36:00+00:00,0,0,0,,0.0,,,0.0,0.0,0.0,0.0,,0,0,0.0,0.0,0,0,0,,0,0,0
upstream,1.0,us500,M5,21257,2026-05-10 22:00:00+00:00,2026-08-21 20:55:00+00:00,12,5,7,41.66666666666667,-2.0,-0.16666666666666666,0.7142857142857143,-200.0,-2.0,-500.0,-5.0,44.416666666666664,6,6,-2.0,0.0,5,7,0,257.0833333333333,16,12,0
upstream,1.0,us500,M15,21838,2025-09-30 21:00:00+00:00,2026-08-21 20:45:00+00:00,49,25,24,51.02040816326531,1.0,0.02040816326530612,1.0416666666666667,100.0,1.0,-1300.0,-13.0,29.102040816326532,25,24,1.0,0.0,25,24,0,284.77551020408083,84,55,0
upstream,1.0,us500,H1,21826,2023-01-02 23:00:00+00:00,2026-08-21 20:00:00+00:00,110,69,41,62.727272727272734,28.0,0.2545454545454545,1.6829268292682926,2800.0,28.000000000000004,-600.0,-6.0,21.427272727272726,47,63,13.0,15.0,69,41,0,355.59090909090844,169,117,0
upstream,1.0,us500,H4,14186,2017-04-30 22:00:00+00:00,2026-08-21 17:00:00+00:00,145,94,51,64.82758620689654,43.000000000000014,0.2965517241379311,1.8431372549019607,4300.000000000001,43.00000000000001,-800.0,-8.0,10.73103448275862,90,55,32.000000000000014,11.0,94,51,0,428.79310344827604,243,151,0
upstream,1.0,us500,D1,6991,1999-02-18 00:00:00+00:00,2026-08-21 00:00:00+00:00,64,43,21,67.1875,22.0,0.34375,2.0476190476190474,2200.0,22.0,-500.0,-5.0,6.65625,47,17,19.0,3.0,43,21,0,381.671875,151,65,0
upstream,1.0,xauusd,M1,25229,2026-08-09 22:01:00+00:00,2026-09-03 05:37:00+00:00,290,188,102,64.82758620689654,86.0,0.296551724137931,1.8431372549019607,8600.0,86.0,-600.0,-6.0,8.051724137931034,153,137,37.0,49.0,188,102,0,350.9551724137945,509,303,0
upstream,1.0,xauusd,M5,20564,2026-05-10 22:00:00+00:00,2026-08-21 20:40:00+00:00,242,163,79,67.35537190082644,84.0,0.34710743801652894,2.0632911392405062,8400.0,84.0,-700.0,-7.000000000000001,3.475206611570248,108,134,38.0,46.0,163,79,0,453.67355371901175,536,244,0
upstream,1.0,xauusd,M15,21007,2025-09-30 22:00:00+00:00,2026-08-21 20:30:00+00:00,143,105,38,73.42657342657343,67.0,0.46853146853146854,2.763157894736842,6700.0,67.0,-300.0,-3.0,2.055944055944056,76,67,40.0,27.0,105,38,0,548.8251748251756,608,143,0
upstream,1.0,xauusd,H1,21516,2023-01-02 23:00:00+00:00,2026-08-21 20:00:00+00:00,159,111,48,69.81132075471697,63.0,0.39622641509433965,2.3125,6300.0,63.0,-400.0,-4.0,3.138364779874214,87,72,33.0,30.0,111,48,0,503.6477987421399,618,159,0
upstream,1.0,xauusd,H4,21049,2013-01-02 03:00:00+00:00,2026-08-21 18:00:00+00:00,157,103,54,65.60509554140127,49.0,0.31210191082802546,1.9074074074074074,4900.0,49.0,-800.0,-8.0,2.56687898089172,87,70,31.0,18.0,103,54,0,536.9554140127383,647,158,0
upstream,1.0,xauusd,D1,8787,1992-08-18 00:00:00+00:00,2026-08-21 00:00:00+00:00,53,38,15,71.69811320754717,23.0,0.4339622641509434,2.533333333333333,2300.0,23.0,-200.0,-2.0,3.207547169811321,33,20,19.0,4.0,38,15,0,492.05660377358663,269,53,0
upstream,1.25,audusd,M1,25361,2026-08-09 21:05:00+00:00,2026-09-03 05:38:00+00:00,0,0,0,,0.0,,,0.0,0.0,0.0,0.0,,0,0,0.0,0.0,0,0,0,,0,0,0
upstream,1.25,audusd,M5,20095,2026-05-17 21:05:00+00:00,2026-08-21 20:55:00+00:00,5,3,2,60.0,1.7499999999999885,0.3499999999999977,1.8749999999999942,174.99999999999886,1.7499999999999887,-100.0,-1.0,638.4,3,2,-0.75,2.4999999999999885,3,2,0,267.5999999999967,5,5,0
upstream,1.25,audusd,M15,22176,2025-09-30 21:00:00+00:00,2026-08-21 20:45:00+00:00,16,8,8,50.0,1.999999999999995,0.12499999999999968,1.2499999999999993,199.9999999999995,1.999999999999995,-400.0,-4.0,110.5625,12,4,3.7499999999999947,-1.75,8,8,0,303.18749999999886,26,16,0
upstream,1.25,audusd,H1,22655,2023-01-01 23:00:00+00:00,2026-08-21 20:00:00+00:00,101,59,42,58.415841584158414,31.750000000000192,0.31435643564356625,1.7559523809523858,3175.00000000002,31.7500000000002,-500.0,-5.0,19.742574257425744,48,53,17.250000000000075,14.500000000000126,59,42,0,271.0891089108907,166,105,0
upstream,1.25,audusd,H4,21210,2013-01-01 22:00:00+00:00,2026-08-21 17:00:00+00:00,274,163,111,59.48905109489051,92.7500000000001,0.3385036496350369,1.8355855855855865,9275.000000000011,92.75000000000011,-1300.0000000000036,-13.000000000000037,10.02919708029197,131,143,37.74999999999999,55.000000000000114,163,111,0,429.1423357664226,485,286,0
upstream,1.25,audusd,D1,6301,2002-05-07 00:00:00+00:00,2026-08-21 00:00:00+00:00,74,49,25,66.21621621621621,36.249999999999844,0.48986486486486275,2.449999999999994,3624.9999999999845,36.249999999999844,-400.0,-4.0,3.391891891891892,44,30,21.24999999999991,14.999999999999929,49,25,0,512.6959459459449,216,74,0
upstream,1.25,eurgbp,M1,24741,2026-08-09 21:05:00+00:00,2026-09-03 05:37:00+00:00,0,0,0,,0.0,,,0.0,0.0,0.0,0.0,,0,0,0.0,0.0,0,0,0,,0,0,0
upstream,1.25,eurgbp,M5,20103,2026-05-17 21:05:00+00:00,2026-08-21 20:55:00+00:00,0,0,0,,0.0,,,0.0,0.0,0.0,0.0,,0,0,0.0,0.0,0,0,0,,0,0,0
upstream,1.25,eurgbp,M15,22176,2025-09-30 21:00:00+00:00,2026-08-21 20:45:00+00:00,4,2,2,50.0,0.4999999999999647,0.12499999999999117,1.2499999999999825,49.999999999996476,0.4999999999999648,-100.0,-1.0,213.0,2,2,0.24999999999999045,0.24999999999997424,2,2,0,254.50000000000472,6,4,0
upstream,1.25,eurgbp,H1,22655,2023-01-01 23:00:00+00:00,2026-08-21 20:00:00+00:00,38,25,13,65.78947368421053,18.24999999999988,0.48026315789473367,2.403846153846145,1824.999999999988,18.24999999999988,-500.0,-5.0,32.73684210526316,21,17,8.249999999999883,9.999999999999996,25,13,0,262.50000000000017,55,38,0
upstream,1.25,eurgbp,H4,21210,2013-01-01 22:00:00+00:00,2026-08-21 17:00:00+00:00,212,123,89,58.01886792452831,64.75000000000013,0.3054245283018874,1.7275280898876417,6475.000000000013,64.75000000000013,-675.0,-6.75,14.60377358490566,109,103,41.75000000000011,23.00000000000002,123,89,0,424.393867924528,358,227,0
upstream,1.25,eurgbp,D1,6301,2002-05-08 00:00:00+00:00,2026-08-21 00:00:00+00:00,75,54,21,72.0,46.50000000000003,0.6200000000000003,3.214285714285716,4650.000000000005,46.50000000000005,-300.0,-3.0,4.693333333333333,29,46,20.50000000000004,25.999999999999993,54,21,0,492.8666666666667,183,77,0
upstream,1.25,eurusd,M1,25837,2026-08-09 21:05:00+00:00,2026-09-03 05:39:00+00:00,0,0,0,,0.0,,,0.0,0.0,0.0,0.0,,0,0,0.0,0.0,0,0,0,,0,0,0
upstream,1.25,eurusd,M5,20103,2026-05-17 21:05:00+00:00,2026-08-21 20:55:00+00:00,7,3,4,42.857142857142854,-0.24999999999992806,-0.035714285714275436,0.9375000000000181,-24.99999999999278,-0.2499999999999278,-200.0,-2.0,216.71428571428572,5,2,-2.750000000000039,2.500000000000111,3,4,0,261.00000000000324,7,7,0
upstream,1.25,eurusd,M15,22176,2025-09-30 21:00:00+00:00,2026-08-21 20:45:00+00:00,22,15,7,68.18181818181817,10.789617486339345,0.49043715846997027,2.5413739266199067,1078.9617486339346,10.789617486339345,-300.0,-3.0,37.86363636363637,12,10,0.5396174863390822,10.250000000000263,14,7,1,188.63636363636508,30,22,0
upstream,1.25,eurusd,H1,22655,2023-01-01 23:00:00+00:00,2026-08-21 20:00:00+00:00,104,55,49,52.88461538461539,19.749999999998714,0.1899038461538338,1.4030612244897696,1974.9999999998713,19.749999999998714,-1000.0000000000091,-10.00000000000009,22.173076923076923,54,50,13.499999999999257,6.249999999999453,55,49,0,335.14423076923174,189,110,0
upstream,1.25,eurusd,H4,21210,2013-01-01 22:00:00+00:00,2026-08-21 17:00:00+00:00,242,145,97,59.917355371900825,84.25000000000117,0.3481404958677734,1.8685567010309398,8425.000000000116,84.25000000000117,-475.0,-4.75,10.03305785123967,123,119,41.25000000000096,43.00000000000021,145,97,0,475.4648760330583,493,264,0
upstream,1.25,eurusd,D1,6307,2002-05-07 00:00:00+00:00,2026-08-21 00:00:00+00:00,51,29,22,56.86274509803921,14.24999999999988,0.27941176470588,1.647727272727267,1424.9999999999882,14.249999999999883,-499.9999999999982,-4.999999999999981,2.392156862745098,26,25,-3.5000000000000195,17.749999999999897,29,22,0,571.4607843137238,228,51,0
upstream,1.25,gbpusd,M1,26114,2026-08-09 21:07:00+00:00,2026-09-03 05:38:00+00:00,0,0,0,,0.0,,,0.0,0.0,0.0,0.0,,0,0,0.0,0.0,0,0,0,,1,0,0
upstream,1.25,gbpusd,M5,20086,2026-05-17 21:05:00+00:00,2026-08-21 20:55:00+00:00,6,4,2,66.66666666666666,2.9999999999999694,0.4999999999999949,2.4999999999999845,299.99999999999693,2.9999999999999694,-100.0,-1.0,130.0,5,1,1.749999999999958,1.2500000000000113,4,2,0,299.0000000000011,8,6,0
upstream,1.25,gbpusd,M15,22174,2025-09-30 21:00:00+00:00,2026-08-21 20:45:00+00:00,58,30,28,51.724137931034484,9.499999999999762,0.16379310344827175,1.3392857142857055,949.9999999999762,9.499999999999762,-600.0,-6.0,41.275862068965516,36,22,11.249999999999853,-1.7500000000000924,30,28,0,263.5344827586198,82,60,0
upstream,1.25,gbpusd,H1,22655,2023-01-01 23:00:00+00:00,2026-08-21 20:00:00+00:00,143,67,76,46.85314685314685,7.749999999998331,0.05419580419579253,1.1019736842105043,774.9999999998328,7.749999999998328,-700.0000000000018,-7.000000000000019,17.888111888111887,74,69,-4.250000000000311,11.999999999998641,67,76,0,346.7972027972033,248,153,0
upstream,1.25,gbpusd,H4,21210,2013-01-01 22:00:00+00:00,2026-08-21 17:00:00+00:00,238,132,106,55.46218487394958,58.99999999999842,0.24789915966385892,1.556603773584891,5899.999999999844,58.99999999999843,-725.0,-7.249999999999999,6.84453781512605,130,108,43.24999999999961,15.74999999999882,132,106,0,522.6869747899165,547,246,0
upstream,1.25,gbpusd,D1,6311,2002-05-07 00:00:00+00:00,2026-08-21 00:00:00+00:00,45,35,10,77.77777777777779,33.74999999999997,0.7499999999999993,4.3749999999999964,3374.9999999999964,33.749999999999964,-200.0,-2.0,1.6666666666666667,28,17,21.49999999999993,12.250000000000039,35,10,0,565.7444444444421,216,45,0
upstream,1.25,us100,M1,26000,2026-08-09 22:00:00+00:00,2026-09-03 05:36:00+00:00,100,57,43,56.99999999999999,28.250000000000313,0.28250000000000314,1.6569767441860537,2825.000000000032,28.25000000000032,-625.0000000000091,-6.2500000000000915,22.15,49,51,11.75000000000081,16.499999999999503,57,43,0,265.60000000000144,163,104,0
upstream,1.25,us100,M5,21307,2026-05-10 22:00:00+00:00,2026-08-21 20:55:00+00:00,210,121,89,57.61904761904761,62.250000000001,0.2964285714285762,1.6994382022472023,6225.0000000001,62.250000000001,-575.0000000000036,-5.750000000000036,7.871428571428571,111,99,30.75000000000007,31.50000000000093,121,89,0,405.78571428571513,404,213,0
upstream,1.25,us100,M15,21857,2025-09-30 21:00:00+00:00,2026-08-21 20:45:00+00:00,195,126,69,64.61538461538461,88.5000000000031,0.4538461538461697,2.282608695652219,8850.000000000311,88.50000000000311,-500.0,-5.0,5.164102564102564,114,81,57.0000000000031,31.50000000000001,126,69,0,397.0666666666661,466,202,0
upstream,1.25,us100,H1,21841,2023-01-02 23:00:00+00:00,2026-08-21 20:00:00+00:00,154,92,62,59.74025974025974,52.999999999998465,0.34415584415583417,1.8548387096773946,5299.999999999847,52.99999999999847,-650.0,-6.5,4.584415584415584,100,54,37.24999999999831,15.75000000000015,92,62,0,485.8441558441553,543,157,0
upstream,1.25,us100,H4,14187,2017-04-30 22:00:00+00:00,2026-08-21 17:00:00+00:00,96,59,37,61.458333333333336,36.74999999999993,0.3828124999999993,1.9932432432432414,3674.999999999994,36.749999999999936,-500.0,-5.0,6.510416666666667,73,23,30.499999999999904,6.250000000000033,59,37,0,576.9479166666665,440,101,0
upstream,1.25,us100,D1,2897,2015-04-20 00:00:00+00:00,2026-08-21 00:00:00+00:00,19,13,6,68.42105263157895,10.250000000000036,0.5394736842105282,2.7083333333333397,1025.0000000000036,10.250000000000037,-300.0,-3.0,1.5789473684210527,15,4,9.750000000000005,0.5000000000000306,13,6,0,509.9999999999976,95,19,0
upstream,1.25,us30,M1,25717,2026-08-09 22:00:00+00:00,2026-09-03 05:37:00+00:00,78,43,35,55.12820512820513,18.74999999999953,0.24038461538460937,1.5357142857142723,1874.999999999953,18.749999999999527,-475.0,-4.75,18.807692307692307,42,36,9.749999999999071,9.00000000000046,43,35,0,255.73076923077073,133,82,0
upstream,1.25,us30,M5,21299,2026-05-10 22:00:00+00:00,2026-08-21 20:55:00+00:00,163,103,60,63.190184049079754,68.74999999999169,0.42177914110424347,2.145833333333195,6874.999999999169,68.74999999999169,-325.0000000002128,-3.250000000002128,8.098159509202453,86,77,33.249999999992994,35.4999999999987,103,60,0,385.55214723926383,323,167,0
upstream,1.25,us30,M15,21855,2025-09-30 21:00:00+00:00,2026-08-21 20:45:00+00:00,167,94,73,56.287425149700596,44.499999999997435,0.2664670658682481,1.6095890410958553,4449.9999999997435,44.499999999997435,-1124.9999999999964,-11.249999999999964,4.598802395209581,91,76,25.99999999999981,18.49999999999762,94,73,0,402.6526946107812,454,169,0
upstream,1.25,us30,H1,21841,2023-01-02 23:00:00+00:00,2026-08-21 20:00:00+00:00,152,99,53,65.13157894736842,70.75000000000024,0.46546052631579105,2.334905660377363,7075.000000000022,70.75000000000023,-500.0,-5.0,2.763157894736842,88,64,46.9999999999995,23.750000000000732,99,53,0,510.499999999998,601,155,0
upstream,1.25,us30,H4,14102,2017-04-30 22:00:00+00:00,2026-08-21 17:00:00+00:00,38,24,14,63.1578947368421,15.99999999999962,0.42105263157893735,2.1428571428571157,1599.999999999962,15.99999999999962,-249.99999999999636,-2.4999999999999636,1.7105263157894737,30,8,17.24999999999962,-1.25,24,14,0,535.473684210529,423,38,0
upstream,1.25,us30,D1,2403,2017-05-01 00:00:00+00:00,2026-08-21 00:00:00+00:00,5,3,2,60.0,1.7499999999997997,0.34999999999995995,1.8749999999998999,174.99999999998,1.7499999999998,-100.0,-1.0,1.0,4,1,0.5000000000000884,1.2499999999997113,3,2,0,400.99999999998545,92,5,0
upstream,1.25,us500,M1,25481,2026-08-09 22:00:00+00:00,2026-09-03 05:36:00+00:00,0,0,0,,0.0,,,0.0,0.0,0.0,0.0,,0,0,0.0,0.0,0,0,0,,0,0,0
upstream,1.25,us500,M5,21257,2026-05-10 22:00:00+00:00,2026-08-21 20:55:00+00:00,12,5,7,41.66666666666667,-0.7500000000000198,-0.06250000000000165,0.8928571428571401,-75.00000000000195,-0.7500000000000195,-500.0,-5.0,48.5,6,6,-1.499999999999961,0.7499999999999414,5,7,0,257.0833333333333,16,12,0
upstream,1.25,us500,M15,21838,2025-09-30 21:00:00+00:00,2026-08-21 20:45:00+00:00,49,21,28,42.857142857142854,-1.7500000000000941,-0.035714285714287634,0.9374999999999966,-175.00000000000955,-1.7500000000000955,-1200.0000000000055,-12.000000000000055,45.795918367346935,25,24,1.999999999999854,-3.749999999999949,21,28,0,284.77551020408083,84,55,0
upstream,1.25,us500,H1,21826,2023-01-02 23:00:00+00:00,2026-08-21 20:00:00+00:00,110,61,49,55.45454545454545,27.250000000000025,0.24772727272727296,1.556122448979592,2725.0000000000023,27.250000000000025,-575.0,-5.75,25.554545454545455,47,63,13.750000000000139,13.49999999999989,61,49,0,355.59090909090844,169,117,0
upstream,1.25,us500,H4,14186,2017-04-30 22:00:00+00:00,2026-08-21 17:00:00+00:00,144,88,56,61.111111111111114,53.99999999999981,0.37499999999999867,1.964285714285711,5399.99999999998,53.9999999999998,-625.0,-6.25,13.020833333333334,89,55,39.249999999999766,14.750000000000044,88,56,0,430.8472222222224,243,151,0
upstream,1.25,us500,D1,6991,1999-02-18 00:00:00+00:00,2026-08-21 00:00:00+00:00,64,39,25,60.9375,23.749999999999968,0.3710937499999995,1.9499999999999986,2374.999999999997,23.749999999999968,-500.0000000000018,-5.000000000000019,8.421875,47,17,18.24999999999996,5.500000000000007,39,25,0,381.671875,151,65,0
upstream,1.25,xauusd,M1,25229,2026-08-09 22:01:00+00:00,2026-09-03 05:37:00+00:00,288,172,116,59.72222222222222,99.00000000000331,0.3437500000000115,1.8534482758620971,9900.000000000331,99.00000000000331,-800.0000000000091,-8.00000000000009,9.975694444444445,151,137,40.25000000000211,58.750000000001194,172,116,0,351.46875000000114,509,303,0
upstream,1.25,xauusd,M5,20564,2026-05-10 22:00:00+00:00,2026-08-21 20:40:00+00:00,241,152,89,63.07053941908713,101.00000000000205,0.4190871369294691,2.1348314606741803,10100.000000000202,101.00000000000202,-800.0,-8.0,4.261410788381743,108,133,42.75000000000138,58.25000000000065,152,89,0,454.66804979253493,536,244,0
upstream,1.25,xauusd,M15,21007,2025-09-30 22:00:00+00:00,2026-08-21 20:30:00+00:00,143,96,47,67.13286713286713,72.99999999999889,0.5104895104895028,2.5531914893616783,7299.999999999889,72.99999999999889,-600.0000000000164,-6.000000000000163,2.3846153846153846,76,67,43.24999999999894,29.749999999999943,96,47,0,548.8251748251756,608,143,0
upstream,1.25,xauusd,H1,21516,2023-01-02 23:00:00+00:00,2026-08-21 20:00:00+00:00,159,107,52,67.29559748427673,81.74999999999875,0.5141509433962186,2.5721153846153606,8174.9999999998745,81.74999999999875,-450.0000000000018,-4.500000000000018,3.6352201257861636,87,72,38.999999999999204,42.749999999999545,107,52,0,503.6477987421399,618,159,0
upstream,1.25,xauusd,H4,21049,2013-01-02 03:00:00+00:00,2026-08-21 18:00:00+00:00,157,95,62,60.509554140127385,56.750000000002245,0.36146496815288054,1.9153225806451977,5675.000000000225,56.750000000002245,-1124.9999999999945,-11.249999999999945,2.9936305732484074,87,70,34.500000000001954,22.250000000000295,95,62,0,536.9554140127383,647,158,0
upstream,1.25,xauusd,D1,8787,1992-08-18 00:00:00+00:00,2026-08-21 00:00:00+00:00,53,37,16,69.81132075471697,30.250000000003602,0.5707547169812001,2.8906250000002256,3025.0000000003597,30.250000000003595,-200.0,-2.0,3.69811320754717,33,20,23.250000000003634,6.999999999999966,37,16,0,492.05660377358663,269,53,0
upstream,1.5,audusd,M1,25361,2026-08-09 21:05:00+00:00,2026-09-03 05:38:00+00:00,0,0,0,,0.0,,,0.0,0.0,0.0,0.0,,0,0,0.0,0.0,0,0,0,,0,0,0
upstream,1.5,audusd,M5,20095,2026-05-17 21:05:00+00:00,2026-08-21 20:55:00+00:00,5,2,3,40.0,-2.3092638912203256e-14,-4.618527782440651e-15,0.9999999999999925,-2.3021584638627246e-12,-2.3021584638627244e-14,-200.0,-2.0,705.0,3,2,-0.5,0.4999999999999769,2,3,0,267.5999999999967,5,5,0
upstream,1.5,audusd,M15,22176,2025-09-30 21:00:00+00:00,2026-08-21 20:45:00+00:00,16,8,8,50.0,4.00000000000001,0.2500000000000006,1.500000000000001,400.000000000001,4.000000000000011,-400.0,-4.0,125.625,12,4,5.50000000000001,-1.5,8,8,0,303.18749999999886,26,16,0
upstream,1.5,audusd,H1,22655,2023-01-01 23:00:00+00:00,2026-08-21 20:00:00+00:00,97,53,44,54.63917525773196,35.50000000000023,0.36597938144330133,1.806818181818187,3550.0000000000223,35.50000000000022,-500.0,-5.0,23.835051546391753,47,50,20.500000000000007,15.00000000000022,53,44,0,273.9381443298965,166,105,0
upstream,1.5,audusd,H4,21210,2013-01-01 22:00:00+00:00,2026-08-21 17:00:00+00:00,267,148,119,55.430711610486895,102.99999999999959,0.38576779026217073,1.8655462184873912,10299.99999999996,102.9999999999996,-1249.9999999999927,-12.499999999999927,12.434456928838951,129,138,35.999999999999815,66.99999999999977,148,119,0,429.37078651685323,485,286,0
upstream,1.5,audusd,D1,6301,2002-05-07 00:00:00+00:00,2026-08-21 00:00:00+00:00,74,47,27,63.51351351351351,43.500000000000085,0.5878378378378389,2.6111111111111143,4350.000000000009,43.500000000000085,-400.0,-4.0,4.054054054054054,44,30,23.500000000000046,20.000000000000046,47,27,0,512.6959459459449,216,74,0
upstream,1.5,eurgbp,M1,24741,2026-08-09 21:05:00+00:00,2026-09-03 05:37:00+00:00,0,0,0,,0.0,,,0.0,0.0,0.0,0.0,,0,0,0.0,0.0,0,0,0,,0,0,0
upstream,1.5,eurgbp,M5,20103,2026-05-17 21:05:00+00:00,2026-08-21 20:55:00+00:00,0,0,0,,0.0,,,0.0,0.0,0.0,0.0,,0,0,0.0,0.0,0,0,0,,0,0,0
upstream,1.5,eurgbp,M15,22176,2025-09-30 21:00:00+00:00,2026-08-21 20:45:00+00:00,4,2,2,50.0,0.9999999999999809,0.24999999999999523,1.4999999999999902,99.9999999999981,0.9999999999999809,-100.0,-1.0,275.5,2,2,0.4999999999999809,0.5,2,2,0,254.50000000000472,6,4,0
upstream,1.5,eurgbp,H1,22655,2023-01-01 23:00:00+00:00,2026-08-21 20:00:00+00:00,38,21,17,55.26315789473685,14.499999999999853,0.3815789473684172,1.8529411764705794,1449.9999999999852,14.499999999999853,-700.0,-7.000000000000001,57.28947368421053,21,17,8.999999999999867,5.499999999999986,21,17,0,262.50000000000017,55,38,0
upstream,1.5,eurgbp,H4,21210,2013-01-01 22:00:00+00:00,2026-08-21 17:00:00+00:00,208,110,98,52.88461538461539,67.00000000000003,0.32211538461538475,1.6836734693877555,6700.000000000002,67.00000000000001,-850.0000000000182,-8.500000000000183,17.610576923076923,107,101,45.50000000000004,21.499999999999982,110,98,0,427.77884615384585,358,227,0
upstream,1.5,eurgbp,D1,6301,2002-05-08 00:00:00+00:00,2026-08-21 00:00:00+00:00,75,50,25,66.66666666666666,50.00000000000003,0.6666666666666671,3.000000000000001,5000.000000000004,50.000000000000036,-399.9999999999982,-3.9999999999999822,5.866666666666666,29,46,20.9999999999999,29.000000000000128,50,25,0,492.8666666666667,183,77,0
upstream,1.5,eurusd,M1,25837,2026-08-09 21:05:00+00:00,2026-09-03 05:39:00+00:00,0,0,0,,0.0,,,0.0,0.0,0.0,0.0,,0,0,0.0,0.0,0,0,0,,0,0,0
upstream,1.5,eurusd,M5,20103,2026-05-17 21:05:00+00:00,2026-08-21 20:55:00+00:00,7,3,4,42.857142857142854,0.5000000000000304,0.07142857142857577,1.1250000000000078,50.00000000000304,0.5000000000000304,-200.0,-2.0,263.0,5,2,-2.5,3.00000000000003,3,4,0,261.00000000000324,7,7,0
upstream,1.5,eurusd,M15,22176,2025-09-30 21:00:00+00:00,2026-08-21 20:45:00+00:00,22,14,8,63.63636363636363,11.789617486338813,0.5358917039244915,2.473702185792352,1178.9617486338814,11.789617486338813,-300.0,-3.0,53.13636363636363,12,10,-0.7103825136613139,12.500000000000128,13,8,1,188.63636363636508,30,22,0
upstream,1.5,eurusd,H1,22655,2023-01-01 23:00:00+00:00,2026-08-21 20:00:00+00:00,102,52,50,50.98039215686274,27.9999999999997,0.2745098039215657,1.5599999999999943,2799.9999999999704,27.9999999999997,-950.0000000000018,-9.500000000000018,25.147058823529413,53,49,16.999999999999886,10.999999999999815,52,50,0,337.07843137255014,189,110,0
upstream,1.5,eurusd,H4,21210,2013-01-01 22:00:00+00:00,2026-08-21 17:00:00+00:00,240,131,109,54.58333333333333,87.50000000000048,0.36458333333333537,1.802752293577986,8750.000000000047,87.50000000000048,-850.0000000000073,-8.500000000000073,11.941666666666666,122,118,40.500000000000114,47.00000000000036,131,109,0,473.8291666666672,493,264,0
upstream,1.5,eurusd,D1,6307,2002-05-07 00:00:00+00:00,2026-08-21 00:00:00+00:00,51,27,24,52.94117647058824,16.50000000000024,0.3235294117647106,1.6875000000000098,1650.000000000024,16.50000000000024,-500.0000000000018,-5.000000000000019,3.019607843137255,26,25,-0.9999999999998732,17.500000000000114,27,24,0,571.4607843137238,228,51,0
upstream,1.5,gbpusd,M1,26114,2026-08-09 21:07:00+00:00,2026-09-03 05:38:00+00:00,0,0,0,,0.0,,,0.0,0.0,0.0,0.0,,0,0,0.0,0.0,0,0,0,,1,0,0
upstream,1.5,gbpusd,M5,20086,2026-05-17 21:05:00+00:00,2026-08-21 20:55:00+00:00,6,4,2,66.66666666666666,4.000000000000007,0.6666666666666679,3.0000000000000036,400.0000000000007,4.000000000000007,-100.0,-1.0,130.83333333333334,5,1,2.5000000000000293,1.4999999999999776,4,2,0,299.0000000000011,8,6,0
upstream,1.5,gbpusd,M15,22174,2025-09-30 21:00:00+00:00,2026-08-21 20:45:00+00:00,58,27,31,46.55172413793103,8.727642276422683,0.15047659097280489,1.2815368476265383,872.7642276422683,8.727642276422683,-600.0,-6.0,52.55172413793103,36,22,10.727642276422845,-2.0000000000001625,26,31,1,263.5344827586198,82,60,0
upstream,1.5,gbpusd,H1,22655,2023-01-01 23:00:00+00:00,2026-08-21 20:00:00+00:00,142,64,78,45.07042253521127,18.00000000000012,0.12676056338028255,1.2307692307692324,1800.0000000000123,18.00000000000012,-700.0000000000018,-7.000000000000019,19.45774647887324,73,69,1.9999999999997367,16.000000000000387,64,78,0,345.5633802816906,248,153,0
upstream,1.5,gbpusd,H4,21210,2013-01-01 22:00:00+00:00,2026-08-21 17:00:00+00:00,236,125,111,52.96610169491526,76.50000000000186,0.32415254237288926,1.6891891891892061,7650.000000000186,76.50000000000186,-750.0000000000018,-7.500000000000018,8.525423728813559,128,108,47.00000000000055,29.500000000001318,125,111,0,524.9618644067803,547,246,0
upstream,1.5,gbpusd,D1,6311,2002-05-07 00:00:00+00:00,2026-08-21 00:00:00+00:00,45,33,12,73.33333333333333,37.50000000000047,0.8333333333333438,4.125000000000039,3750.000000000047,37.50000000000047,-200.0,-2.0,2.0,28,17,24.500000000000284,13.000000000000188,33,12,0,565.7444444444421,216,45,0
upstream,1.5,us100,M1,26000,2026-08-09 22:00:00+00:00,2026-09-03 05:36:00+00:00,98,52,46,53.06122448979592,32.000000000000796,0.3265306122449061,1.6956521739130608,3200.00000000008,32.0000000000008,-799.9999999999891,-7.999999999999891,27.071428571428573,49,49,16.00000000000051,16.00000000000029,52,46,0,267.969387755103,163,104,0
upstream,1.5,us100,M5,21307,2026-05-10 22:00:00+00:00,2026-08-21 20:55:00+00:00,208,112,96,53.84615384615385,72.00000000000065,0.3461538461538493,1.7500000000000069,7200.000000000064,72.00000000000064,-649.9999999999964,-6.4999999999999645,9.033653846153847,110,98,35.00000000000018,37.00000000000047,112,96,0,406.8125000000007,404,213,0
upstream,1.5,us100,M15,21857,2025-09-30 21:00:00+00:00,2026-08-21 20:45:00+00:00,192,118,74,61.458333333333336,103.00000000000661,0.5364583333333678,2.3918918918919814,10300.000000000662,103.00000000000662,-550.0,-5.5,6.546875,112,80,65.50000000000645,37.500000000000156,118,74,0,400.25520833333286,466,202,0
upstream,1.5,us100,H1,21841,2023-01-02 23:00:00+00:00,2026-08-21 20:00:00+00:00,154,85,69,55.1948051948052,58.500000000000625,0.3798701298701339,1.8478260869565306,5850.000000000062,58.50000000000062,-750.0000000000073,-7.500000000000073,5.324675324675325,100,54,40.000000000000554,18.50000000000007,85,69,0,485.8441558441553,543,157,0
upstream,1.5,us100,H4,14187,2017-04-30 22:00:00+00:00,2026-08-21 17:00:00+00:00,94,54,40,57.446808510638306,41.00000000000021,0.43617021276595974,2.025000000000005,4100.000000000021,41.000000000000206,-549.9999999999945,-5.499999999999945,7.404255319148936,71,23,31.500000000000153,9.500000000000057,54,40,0,581.0851063829784,440,101,0
upstream,1.5,us100,D1,2897,2015-04-20 00:00:00+00:00,2026-08-21 00:00:00+00:00,19,12,7,63.1578947368421,10.999999999999977,0.5789473684210514,2.571428571428568,1099.9999999999977,10.999999999999979,-300.0,-3.0,2.8947368421052633,15,4,9.999999999999977,1.0,12,7,0,509.9999999999976,95,19,0
upstream,1.5,us30,M1,25717,2026-08-09 22:00:00+00:00,2026-09-03 05:37:00+00:00,77,37,40,48.05194805194805,15.500000000000236,0.20129870129870436,1.387500000000006,1550.0000000000236,15.500000000000236,-700.0000000000455,-7.000000000000455,22.16883116883117,42,35,8.000000000000558,7.4999999999996785,37,40,0,256.5844155844171,133,82,0
upstream,1.5,us30,M5,21299,2026-05-10 22:00:00+00:00,2026-08-21 20:55:00+00:00,162,93,69,57.407407407407405,70.49999999999982,0.43518518518518406,2.02173913043478,7049.999999999983,70.49999999999983,-650.0,-6.5,11.493827160493828,86,76,33.99999999999983,36.49999999999999,93,69,0,387.0925925925922,323,167,0
upstream,1.5,us30,M15,21855,2025-09-30 21:00:00+00:00,2026-08-21 20:45:00+00:00,167,88,79,52.69461077844312,52.99999999999179,0.3173652694610287,1.6708860759492632,5299.99999999918,52.9999999999918,-1099.9999999999454,-10.999999999999455,5.017964071856287,91,76,31.49999999999821,21.499999999993584,88,79,0,402.6526946107812,454,169,0
upstream,1.5,us30,H1,21841,2023-01-02 23:00:00+00:00,2026-08-21 20:00:00+00:00,152,92,60,60.526315789473685,78.0000000000004,0.5131578947368447,2.3000000000000065,7800.000000000041,78.00000000000041,-650.0,-6.5,3.0592105263157894,88,64,52.00000000000041,25.999999999999986,92,60,0,510.499999999998,601,155,0
upstream,1.5,us30,H4,14102,2017-04-30 22:00:00+00:00,2026-08-21 17:00:00+00:00,38,23,15,60.526315789473685,19.499999999999787,0.5131578947368365,2.2999999999999856,1949.9999999999789,19.49999999999979,-200.0,-2.0,1.868421052631579,30,8,19.999999999999787,-0.5,23,15,0,535.473684210529,423,38,0
upstream,1.5,us30,D1,2403,2017-05-01 00:00:00+00:00,2026-08-21 00:00:00+00:00,5,3,2,60.0,2.4999999999994227,0.49999999999988454,2.2499999999997113,249.99999999994225,2.4999999999994227,-100.0,-1.0,1.0,4,1,1.0,1.4999999999994225,3,2,0,400.99999999998545,92,5,0
upstream,1.5,us500,M1,25481,2026-08-09 22:00:00+00:00,2026-09-03 05:36:00+00:00,0,0,0,,0.0,,,0.0,0.0,0.0,0.0,,0,0,0.0,0.0,0,0,0,,0,0,0
upstream,1.5,us500,M5,21257,2026-05-10 22:00:00+00:00,2026-08-21 20:55:00+00:00,12,5,7,41.66666666666667,0.5000000000000386,0.041666666666669884,1.071428571428577,50.00000000000384,0.5000000000000383,-500.0,-5.0,48.583333333333336,6,6,-1.0000000000000417,1.5000000000000804,5,7,0,257.0833333333333,16,12,0
upstream,1.5,us500,M15,21838,2025-09-30 21:00:00+00:00,2026-08-21 20:45:00+00:00,49,18,31,36.734693877551024,-4.000000000000117,-0.08163265306122688,0.8709677419354801,-400.00000000001177,-4.000000000000117,-1449.9999999999927,-14.499999999999927,53.714285714285715,25,24,-1.3433698597964394e-13,-3.999999999999983,18,31,0,284.77551020408083,84,55,0
upstream,1.5,us500,H1,21826,2023-01-02 23:00:00+00:00,2026-08-21 20:00:00+00:00,108,55,53,50.92592592592593,29.500000000000036,0.2731481481481485,1.5566037735849063,2950.000000000003,29.500000000000032,-750.0,-7.5,28.037037037037038,46,62,14.000000000000034,15.499999999999998,55,53,0,357.453703703703,169,117,0
upstream,1.5,us500,H4,14186,2017-04-30 22:00:00+00:00,2026-08-21 17:00:00+00:00,139,81,58,58.27338129496403,63.500000000000306,0.45683453237410293,2.0948275862069017,6350.000000000031,63.50000000000031,-450.0,-4.5,15.410071942446043,86,53,46.50000000000024,17.00000000000007,81,58,0,435.76258992805765,243,151,0
upstream,1.5,us500,D1,6991,1999-02-18 00:00:00+00:00,2026-08-21 00:00:00+00:00,62,36,26,58.06451612903226,27.99999999999996,0.45161290322580583,2.0769230769230758,2799.9999999999964,27.999999999999964,-400.0,-4.0,9.919354838709678,45,17,19.999999999999968,7.999999999999989,36,26,0,386.5967741935484,151,65,0
upstream,1.5,xauusd,M1,25229,2026-08-09 22:01:00+00:00,2026-09-03 05:37:00+00:00,286,159,127,55.59440559440559,111.50000000000365,0.3898601398601526,1.8779527559055404,11150.000000000366,111.50000000000367,-700.0000000000073,-7.000000000000073,11.608391608391608,150,136,42.5000000000015,69.00000000000215,159,127,0,351.6888111888124,509,303,0
upstream,1.5,xauusd,M5,20564,2026-05-10 22:00:00+00:00,2026-08-21 20:40:00+00:00,240,143,97,59.583333333333336,117.50000000000179,0.4895833333333408,2.2113402061855854,11750.000000000178,117.50000000000178,-800.0,-8.0,5.125,108,132,44.49999999999929,73.0000000000025,143,97,0,455.6625000000039,536,244,0
upstream,1.5,xauusd,M15,21007,2025-09-30 22:00:00+00:00,2026-08-21 20:30:00+00:00,143,90,53,62.93706293706294,82.00000000000095,0.5734265734265801,2.5471698113207726,8200.000000000095,82.00000000000095,-499.99999999996726,-4.999999999999673,2.909090909090909,76,67,49.00000000000147,32.99999999999948,90,53,0,548.8251748251756,608,143,0
upstream,1.5,xauusd,H1,21516,2023-01-02 23:00:00+00:00,2026-08-21 20:00:00+00:00,159,101,58,63.52201257861635,93.50000000000074,0.5880503144654134,2.6120689655172544,9350.000000000073,93.50000000000072,-650.0,-6.5,4.0754716981132075,87,72,40.500000000000426,53.00000000000031,101,58,0,503.6477987421399,618,159,0
upstream,1.5,xauusd,H4,21049,2013-01-02 03:00:00+00:00,2026-08-21 18:00:00+00:00,157,85,72,54.14012738853503,55.49999999999994,0.35350318471337544,1.7708333333333326,5549.999999999993,55.49999999999993,-1250.0000000000036,-12.500000000000036,3.6687898089171975,87,70,37.9999999999999,17.50000000000003,85,72,0,536.9554140127383,647,158,0
upstream,1.5,xauusd,D1,8787,1992-08-18 00:00:00+00:00,2026-08-21 00:00:00+00:00,53,35,18,66.0377358490566,34.4999999999925,0.6509433962262735,2.9166666666662504,3449.99999999925,34.499999999992504,-350.0,-3.5000000000000004,4.018867924528302,33,20,26.99999999999246,7.500000000000042,35,18,0,492.05660377358663,269,53,0
upstream,2.0,audusd,M1,25361,2026-08-09 21:05:00+00:00,2026-09-03 05:38:00+00:00,0,0,0,,0.0,,,0.0,0.0,0.0,0.0,,0,0,0.0,0.0,0,0,0,,0,0,0
upstream,2.0,audusd,M5,20095,2026-05-17 21:05:00+00:00,2026-08-21 20:55:00+00:00,5,2,3,40.0,1.0,0.2,1.3333333333333333,100.0,1.0,-200.0,-2.0,717.4,3,2,0.0,1.0,2,3,0,267.5999999999967,5,5,0
upstream,2.0,audusd,M15,22176,2025-09-30 21:00:00+00:00,2026-08-21 20:45:00+00:00,16,7,9,43.75,4.599423631123948,0.2874639769452467,1.511047070124883,459.9423631123948,4.599423631123948,-500.0,-5.0,219.4375,12,4,5.599423631123948,-1.0,6,9,1,303.18749999999886,26,16,0
upstream,2.0,audusd,H1,22655,2023-01-01 23:00:00+00:00,2026-08-21 20:00:00+00:00,93,45,48,48.38709677419355,42.0,0.45161290322580644,1.875,4200.0,42.0,-700.0,-7.000000000000001,38.526881720430104,44,49,25.0,17.0,45,48,0,276.45161290322534,166,105,0
upstream,2.0,audusd,H4,21210,2013-01-01 22:00:00+00:00,2026-08-21 17:00:00+00:00,256,130,126,50.78125,134.0,0.5234375,2.0634920634920637,13400.0,134.0,-1100.0,-11.0,16.4375,126,130,51.0,83.0,130,126,0,432.1542968749992,485,286,0
upstream,2.0,audusd,D1,6301,2002-05-07 00:00:00+00:00,2026-08-21 00:00:00+00:00,73,43,30,58.9041095890411,56.0,0.7671232876712328,2.8666666666666667,5600.0,56.00000000000001,-400.0,-4.0,5.082191780821918,43,30,29.0,27.0,43,30,0,512.0753424657524,216,74,0
upstream,2.0,eurgbp,M1,24741,2026-08-09 21:05:00+00:00,2026-09-03 05:37:00+00:00,0,0,0,,0.0,,,0.0,0.0,0.0,0.0,,0,0,0.0,0.0,0,0,0,,0,0,0
upstream,2.0,eurgbp,M5,20103,2026-05-17 21:05:00+00:00,2026-08-21 20:55:00+00:00,0,0,0,,0.0,,,0.0,0.0,0.0,0.0,,0,0,0.0,0.0,0,0,0,,0,0,0
upstream,2.0,eurgbp,M15,22176,2025-09-30 21:00:00+00:00,2026-08-21 20:45:00+00:00,4,2,2,50.0,2.0,0.5,2.0,200.0,2.0,-100.0,-1.0,314.25,2,2,1.0,1.0,2,2,0,254.50000000000472,6,4,0
upstream,2.0,eurgbp,H1,22655,2023-01-01 23:00:00+00:00,2026-08-21 20:00:00+00:00,38,16,22,42.10526315789473,10.0,0.2631578947368421,1.4545454545454546,1000.0,10.0,-700.0,-7.000000000000001,70.1842105263158,21,17,12.0,-2.0,16,22,0,262.50000000000017,55,38,0
upstream,2.0,eurgbp,H4,21210,2013-01-01 22:00:00+00:00,2026-08-21 17:00:00+00:00,198,87,111,43.93939393939394,63.0,0.3181818181818182,1.5675675675675675,6300.0,63.0,-1400.0,-14.000000000000002,22.7020202020202,103,95,26.0,37.0,87,111,0,427.4621212121209,358,227,0
upstream,2.0,eurgbp,D1,6301,2002-05-08 00:00:00+00:00,2026-08-21 00:00:00+00:00,74,42,32,56.75675675675676,52.966507177033506,0.7157636105004528,2.706753006475487,5296.65071770335,52.96650717703349,-400.0,-4.0,7.905405405405405,29,45,31.0,21.966507177033503,42,31,1,491.31756756756755,183,77,0
upstream,2.0,eurusd,M1,25837,2026-08-09 21:05:00+00:00,2026-09-03 05:39:00+00:00,0,0,0,,0.0,,,0.0,0.0,0.0,0.0,,0,0,0.0,0.0,0,0,0,,0,0,0
upstream,2.0,eurusd,M5,20103,2026-05-17 21:05:00+00:00,2026-08-21 20:55:00+00:00,6,3,3,50.0,3.0,0.5,2.0,300.0,3.0,-100.0,-1.0,249.83333333333334,4,2,-1.0,4.0,3,3,0,272.0000000000018,7,7,0
upstream,2.0,eurusd,M15,22176,2025-09-30 21:00:00+00:00,2026-08-21 20:45:00+00:00,22,10,12,45.45454545454545,6.289617486338795,0.28589170392449065,1.524134790528233,628.9617486338794,6.289617486338795,-300.0,-3.0,86.81818181818181,12,10,-4.710382513661205,11.0,9,12,1,188.63636363636508,30,22,0
upstream,2.0,eurusd,H1,22655,2023-01-01 23:00:00+00:00,2026-08-21 20:00:00+00:00,99,43,56,43.43434343434344,30.0,0.30303030303030304,1.5357142857142858,3000.0,30.0,-1300.0,-13.0,34.5959595959596,50,49,13.0,17.0,43,56,0,337.43434343434456,189,110,0
upstream,2.0,eurusd,H4,21210,2013-01-01 22:00:00+00:00,2026-08-21 17:00:00+00:00,226,106,120,46.902654867256636,92.0,0.40707964601769914,1.7666666666666666,9200.0,92.0,-800.0,-8.0,15.982300884955752,114,112,36.0,56.0,106,120,0,474.65486725663783,493,264,0
upstream,2.0,eurusd,D1,6307,2002-05-07 00:00:00+00:00,2026-08-21 00:00:00+00:00,51,22,29,43.13725490196079,15.0,0.29411764705882354,1.5172413793103448,1500.0,15.0,-800.0,-8.0,3.803921568627451,26,25,-2.0,17.0,22,29,0,571.4607843137238,228,51,0
upstream,2.0,gbpusd,M1,26114,2026-08-09 21:07:00+00:00,2026-09-03 05:38:00+00:00,0,0,0,,0.0,,,0.0,0.0,0.0,0.0,,0,0,0.0,0.0,0,0,0,,1,0,0
upstream,2.0,gbpusd,M5,20086,2026-05-17 21:05:00+00:00,2026-08-21 20:55:00+00:00,6,2,4,33.33333333333333,0.0,0.0,1.0,0.0,0.0,-200.0,-2.0,363.0,5,1,-2.0,2.0,2,4,0,299.0000000000011,8,6,0
upstream,2.0,gbpusd,M15,22174,2025-09-30 21:00:00+00:00,2026-08-21 20:45:00+00:00,56,21,35,37.5,5.727642276422742,0.10227932636469182,1.163646922183507,572.7642276422741,5.727642276422741,-800.0,-8.0,72.76785714285714,34,22,9.727642276422742,-4.0,20,35,1,266.3214285714275,82,60,0
upstream,2.0,gbpusd,H1,22655,2023-01-01 23:00:00+00:00,2026-08-21 20:00:00+00:00,140,55,85,39.285714285714285,25.0,0.17857142857142858,1.2941176470588236,2500.0,25.0,-700.0,-7.000000000000001,24.37857142857143,72,68,6.0,19.0,55,85,0,346.6142857142863,248,153,0
upstream,2.0,gbpusd,H4,21210,2013-01-01 22:00:00+00:00,2026-08-21 17:00:00+00:00,232,107,125,46.12068965517241,88.08510638297876,0.3796771826852533,1.7046808510638303,8808.510638297877,88.08510638297878,-700.0,-7.000000000000001,10.599137931034482,125,107,51.085106382978765,37.0,106,125,1,527.8750000000005,547,246,0
upstream,2.0,gbpusd,D1,6311,2002-05-07 00:00:00+00:00,2026-08-21 00:00:00+00:00,45,28,17,62.22222222222222,39.0,0.8666666666666667,3.2941176470588234,3900.0,39.0,-300.0,-3.0,2.6222222222222222,28,17,26.0,13.0,28,17,0,565.7444444444421,216,45,0
upstream,2.0,us100,M1,26000,2026-08-09 22:00:00+00:00,2026-09-03 05:36:00+00:00,93,40,53,43.01075268817204,27.0,0.2903225806451613,1.509433962264151,2700.0,27.0,-1100.0,-11.0,57.634408602150536,46,47,17.0,10.0,40,53,0,271.39784946236597,163,104,0
upstream,2.0,us100,M5,21307,2026-05-10 22:00:00+00:00,2026-08-21 20:55:00+00:00,199,90,109,45.22613065326633,71.37827715355812,0.35868480981687495,1.6571270946831262,7137.827715355812,71.37827715355812,-1000.0,-10.0,12.849246231155778,105,94,21.378277153558123,50.0,90,108,1,407.8492462311565,404,213,0
upstream,2.0,us100,M15,21857,2025-09-30 21:00:00+00:00,2026-08-21 20:45:00+00:00,187,106,81,56.68449197860963,131.0,0.7005347593582888,2.617283950617284,13100.0,131.0,-500.0,-5.0,9.165775401069519,109,78,80.0,51.0,106,81,0,402.08021390374284,466,202,0
upstream,2.0,us100,H1,21841,2023-01-02 23:00:00+00:00,2026-08-21 20:00:00+00:00,154,77,77,50.0,77.0,0.5,2.0,7700.0,77.0,-1300.0,-13.0,6.201298701298701,100,54,47.0,30.0,77,77,0,485.8441558441553,543,157,0
upstream,2.0,us100,H4,14187,2017-04-30 22:00:00+00:00,2026-08-21 17:00:00+00:00,91,48,43,52.74725274725275,53.000000000000014,0.5824175824175826,2.232558139534884,5300.000000000002,53.000000000000014,-500.0,-5.0,10.648351648351648,68,23,40.000000000000014,13.0,48,43,0,595.1208791208788,440,101,0
upstream,2.0,us100,D1,2897,2015-04-20 00:00:00+00:00,2026-08-21 00:00:00+00:00,19,11,8,57.89473684210527,14.0,0.7368421052631579,2.75,1400.0,14.000000000000002,-300.0,-3.0,3.9473684210526314,15,4,12.0,2.0,11,8,0,509.9999999999976,95,19,0
upstream,2.0,us30,M1,25717,2026-08-09 22:00:00+00:00,2026-09-03 05:37:00+00:00,77,31,46,40.25974025974026,16.0,0.2077922077922078,1.3478260869565217,1600.0,16.0,-1100.0,-11.0,21.623376623376622,43,34,5.0,11.0,31,46,0,246.4415584415592,133,82,0
upstream,2.0,us30,M5,21299,2026-05-10 22:00:00+00:00,2026-08-21 20:55:00+00:00,153,79,74,51.633986928104584,84.0,0.5490196078431373,2.135135135135135,8400.0,84.0,-700.0,-7.000000000000001,15.588235294117647,81,72,36.0,48.0,79,74,0,391.9215686274506,323,167,0
upstream,2.0,us30,M15,21855,2025-09-30 21:00:00+00:00,2026-08-21 20:45:00+00:00,167,80,87,47.90419161676647,73.0,0.437125748502994,1.839080459770115,7300.0,73.0,-1000.0,-10.0,6.07185628742515,91,76,41.0,32.0,80,87,0,402.6526946107812,454,169,0
upstream,2.0,us30,H1,21841,2023-01-02 23:00:00+00:00,2026-08-21 20:00:00+00:00,152,85,67,55.92105263157895,103.0,0.6776315789473685,2.537313432835821,10300.0,103.0,-600.0,-6.0,3.8684210526315788,88,64,68.0,35.0,85,67,0,510.499999999998,601,155,0
upstream,2.0,us30,H4,14102,2017-04-30 22:00:00+00:00,2026-08-21 17:00:00+00:00,37,16,21,43.24324324324324,11.0,0.2972972972972973,1.5238095238095237,1100.0,11.0,-400.0,-4.0,2.810810810810811,29,8,13.0,-2.0,16,21,0,547.243243243246,423,38,0
upstream,2.0,us30,D1,2403,2017-05-01 00:00:00+00:00,2026-08-21 00:00:00+00:00,5,3,2,60.0,4.0,0.8,3.0,400.0,4.0,-100.0,-1.0,1.0,4,1,2.0,2.0,3,2,0,400.99999999998545,92,5,0
upstream,2.0,us500,M1,25481,2026-08-09 22:00:00+00:00,2026-09-03 05:36:00+00:00,0,0,0,,0.0,,,0.0,0.0,0.0,0.0,,0,0,0.0,0.0,0,0,0,,0,0,0
upstream,2.0,us500,M5,21257,2026-05-10 22:00:00+00:00,2026-08-21 20:55:00+00:00,12,5,7,41.66666666666667,3.0,0.25,1.4285714285714286,300.0,3.0,-500.0,-5.0,51.083333333333336,6,6,0.0,3.0,5,7,0,257.0833333333333,16,12,0
upstream,2.0,us500,M15,21838,2025-09-30 21:00:00+00:00,2026-08-21 20:45:00+00:00,45,14,31,31.11111111111111,-3.0,-0.06666666666666667,0.9032258064516129,-300.0,-3.0,-1100.0,-11.0,78.73333333333333,23,22,4.0,-7.0,14,31,0,287.84444444444387,84,55,0
upstream,2.0,us500,H1,21826,2023-01-02 23:00:00+00:00,2026-08-21 20:00:00+00:00,103,43,60,41.74757281553398,26.0,0.2524271844660194,1.4333333333333333,2600.0,26.0,-800.0,-8.0,32.28155339805825,42,61,6.0,20.0,43,60,0,357.5631067961158,169,117,0
upstream,2.0,us500,H4,14186,2017-04-30 22:00:00+00:00,2026-08-21 17:00:00+00:00,128,65,63,50.78125,67.0,0.5234375,2.0634920634920637,6700.0,67.0,-500.0,-5.0,21.328125,78,50,54.0,13.0,65,63,0,433.0781250000001,243,151,0
upstream,2.0,us500,D1,6991,1999-02-18 00:00:00+00:00,2026-08-21 00:00:00+00:00,60,30,30,50.0,30.0,0.5,2.0,3000.0,30.0,-500.0,-5.0,14.283333333333333,43,17,23.0,7.0,30,30,0,391.53333333333336,151,65,0
upstream,2.0,xauusd,M1,25229,2026-08-09 22:01:00+00:00,2026-09-03 05:37:00+00:00,269,122,147,45.353159851301115,97.0,0.36059479553903345,1.6598639455782314,9700.0,97.0,-1000.0,-10.0,16.96282527881041,140,129,34.0,63.0,122,147,0,352.2936802973995,509,303,0
upstream,2.0,xauusd,M5,20564,2026-05-10 22:00:00+00:00,2026-08-21 20:40:00+00:00,234,119,115,50.85470085470085,123.0,0.5256410256410257,2.0695652173913044,12300.0,123.0,-800.0,-8.0,7.568376068376068,107,127,34.0,89.0,119,115,0,456.12820512820883,536,244,0
upstream,2.0,xauusd,M15,21007,2025-09-30 22:00:00+00:00,2026-08-21 20:30:00+00:00,142,78,64,54.929577464788736,92.0,0.647887323943662,2.4375,9200.0,92.0,-600.0,-6.0,3.563380281690141,76,66,53.0,39.0,78,64,0,549.4225352112688,608,143,0
upstream,2.0,xauusd,H1,21516,2023-01-02 23:00:00+00:00,2026-08-21 20:00:00+00:00,156,87,69,55.769230769230774,105.00000000000007,0.6730769230769236,2.5217391304347836,10500.000000000007,105.00000000000007,-600.0,-6.0,5.961538461538462,85,71,47.00000000000007,58.0,87,69,0,504.7948717948731,618,159,0
upstream,2.0,xauusd,H4,21049,2013-01-02 03:00:00+00:00,2026-08-21 18:00:00+00:00,153,73,80,47.712418300653596,66.0,0.43137254901960786,1.825,6600.0,66.0,-1800.0,-18.0,4.647058823529412,85,68,53.0,13.0,73,80,0,536.104575163398,647,158,0
upstream,2.0,xauusd,D1,8787,1992-08-18 00:00:00+00:00,2026-08-21 00:00:00+00:00,53,29,24,54.71698113207547,34.0,0.6415094339622641,2.4166666666666665,3400.0,34.0,-300.0,-3.0,5.509433962264151,33,20,30.0,4.0,29,24,0,492.05660377358663,269,53,0
upstream,2.5,audusd,M1,25361,2026-08-09 21:05:00+00:00,2026-09-03 05:38:00+00:00,0,0,0,,0.0,,,0.0,0.0,0.0,0.0,,0,0,0.0,0.0,0,0,0,,0,0,0
upstream,2.5,audusd,M5,20095,2026-05-17 21:05:00+00:00,2026-08-21 20:55:00+00:00,3,2,1,66.66666666666666,4.000000000000023,1.333333333333341,5.000000000000023,400.0000000000023,4.000000000000023,0.0,0.0,2244.6666666666665,2,1,1.5,2.500000000000023,2,1,0,312.9999999999966,5,5,0
upstream,2.5,audusd,M15,22176,2025-09-30 21:00:00+00:00,2026-08-21 20:45:00+00:00,13,5,8,38.46153846153847,3.5994236311239476,0.27687874085568825,1.4499279538904934,359.9423631123948,3.5994236311239476,-700.0,-7.000000000000001,550.3846153846154,11,2,2.0994236311239476,1.5,4,8,1,330.384615384614,26,16,0
upstream,2.5,audusd,H1,22655,2023-01-01 23:00:00+00:00,2026-08-21 20:00:00+00:00,91,34,57,37.362637362637365,27.999999999999766,0.3076923076923051,1.4912280701754344,2799.9999999999773,27.999999999999776,-800.0000000000018,-8.000000000000018,53.68131868131868,44,47,11.999999999999986,15.999999999999787,34,57,0,278.63736263736223,166,105,0
upstream,2.5,audusd,H4,21210,2013-01-01 22:00:00+00:00,2026-08-21 17:00:00+00:00,248,116,132,46.774193548387096,158.0000000000005,0.6370967741935505,2.1969696969697012,15800.000000000053,158.0000000000005,-950.0000000000073,-9.500000000000073,19.842741935483872,124,124,65.00000000000023,93.00000000000028,116,132,0,432.34274193548316,485,286,0
upstream,2.5,audusd,D1,6301,2002-05-07 00:00:00+00:00,2026-08-21 00:00:00+00:00,72,38,34,52.77777777777778,60.99999999999996,0.8472222222222217,2.794117647058822,6099.999999999995,60.99999999999996,-600.0,-6.0,6.861111111111111,42,30,34.99999999999997,25.999999999999982,38,34,0,514.0069444444437,216,74,0
upstream,2.5,eurgbp,M1,24741,2026-08-09 21:05:00+00:00,2026-09-03 05:37:00+00:00,0,0,0,,0.0,,,0.0,0.0,0.0,0.0,,0,0,0.0,0.0,0,0,0,,0,0,0
upstream,2.5,eurgbp,M5,20103,2026-05-17 21:05:00+00:00,2026-08-21 20:55:00+00:00,0,0,0,,0.0,,,0.0,0.0,0.0,0.0,,0,0,0.0,0.0,0,0,0,,0,0,0
upstream,2.5,eurgbp,M15,22176,2025-09-30 21:00:00+00:00,2026-08-21 20:45:00+00:00,4,2,2,50.0,3.0000000000000195,0.7500000000000049,2.5000000000000098,300.00000000000193,3.0000000000000195,-100.0,-1.0,379.75,2,2,1.500000000000019,1.5,2,2,0,254.50000000000472,6,4,0
upstream,2.5,eurgbp,H1,22655,2023-01-01 23:00:00+00:00,2026-08-21 20:00:00+00:00,38,15,23,39.473684210526315,14.50000000000015,0.38157894736842496,1.6304347826087022,1450.0000000000148,14.50000000000015,-700.0,-7.000000000000001,90.15789473684211,21,17,17.500000000000135,-2.999999999999986,15,23,0,262.50000000000017,55,38,0
upstream,2.5,eurgbp,H4,21210,2013-01-01 22:00:00+00:00,2026-08-21 17:00:00+00:00,189,66,123,34.92063492063492,41.99999999999994,0.22222222222222193,1.3414634146341458,4199.9999999999945,41.99999999999994,-1949.9999999999927,-19.49999999999993,28.01058201058201,100,89,11.999999999999975,29.99999999999996,66,123,0,425.4470899470898,358,227,0
upstream,2.5,eurgbp,D1,6301,2002-05-08 00:00:00+00:00,2026-08-21 00:00:00+00:00,72,33,39,45.83333333333333,44.46650717703342,0.6175903774587975,2.169140772424203,4446.650717703343,44.46650717703343,-500.0,-5.0,9.569444444444445,28,44,28.000000000000103,16.466507177033318,33,38,1,490.3125,183,77,0
upstream,2.5,eurusd,M1,25837,2026-08-09 21:05:00+00:00,2026-09-03 05:39:00+00:00,0,0,0,,0.0,,,0.0,0.0,0.0,0.0,,0,0,0.0,0.0,0,0,0,,0,0,0
upstream,2.5,eurusd,M5,20103,2026-05-17 21:05:00+00:00,2026-08-21 20:55:00+00:00,6,2,4,33.33333333333333,0.9999999999999694,0.16666666666666155,1.2499999999999922,99.99999999999693,0.9999999999999694,-200.0,-2.0,404.1666666666667,4,2,-4.0,4.99999999999997,2,4,0,272.0000000000018,7,7,0
upstream,2.5,eurusd,M15,22176,2025-09-30 21:00:00+00:00,2026-08-21 20:45:00+00:00,22,9,13,40.909090909090914,7.289617486338923,0.33134624937904195,1.5607398066414557,728.9617486338924,7.2896174863389245,-400.0,-4.0,91.81818181818181,12,10,-3.710382513661138,11.00000000000006,8,13,1,188.63636363636508,30,22,0
upstream,2.5,eurusd,H1,22655,2023-01-01 23:00:00+00:00,2026-08-21 20:00:00+00:00,94,34,60,36.17021276595745,25.000000000000107,0.2659574468085118,1.4166666666666685,2500.0000000000105,25.000000000000107,-1799.9999999999854,-17.999999999999854,41.680851063829785,47,47,12.500000000000087,12.500000000000014,34,60,0,337.3936170212776,189,110,0
upstream,2.5,eurusd,H4,21210,2013-01-01 22:00:00+00:00,2026-08-21 17:00:00+00:00,209,88,121,42.10526315789473,98.99999999999946,0.4736842105263132,1.8181818181818135,9899.999999999945,98.99999999999946,-800.0000000000018,-8.000000000000018,23.449760765550238,104,105,42.999999999999794,55.999999999999645,88,121,0,478.6937799043068,493,264,0
upstream,2.5,eurusd,D1,6307,2002-05-07 00:00:00+00:00,2026-08-21 00:00:00+00:00,51,17,34,33.33333333333333,8.49999999999983,0.16666666666666333,1.249999999999995,849.999999999983,8.49999999999983,-1050.000000000011,-10.50000000000011,5.333333333333333,26,25,-5.000000000000059,13.499999999999886,17,34,0,571.4607843137238,228,51,0
upstream,2.5,gbpusd,M1,26114,2026-08-09 21:07:00+00:00,2026-09-03 05:38:00+00:00,0,0,0,,0.0,,,0.0,0.0,0.0,0.0,,0,0,0.0,0.0,0,0,0,,1,0,0
upstream,2.5,gbpusd,M5,20086,2026-05-17 21:05:00+00:00,2026-08-21 20:55:00+00:00,4,2,2,50.0,2.999999999999994,0.7499999999999984,2.499999999999997,299.9999999999994,2.999999999999994,-100.0,-1.0,828.0,3,1,0.49999999999997113,2.5000000000000226,2,2,0,317.2500000000022,8,6,0
upstream,2.5,gbpusd,M15,22174,2025-09-30 21:00:00+00:00,2026-08-21 20:45:00+00:00,53,17,36,32.075471698113205,4.7276422764226025,0.08920079766835098,1.1313233965672946,472.7642276422603,4.727642276422603,-700.0,-7.000000000000001,116.71698113207547,32,21,11.72764227642249,-6.999999999999888,16,36,1,258.4905660377342,82,60,0
upstream,2.5,gbpusd,H1,22655,2023-01-01 23:00:00+00:00,2026-08-21 20:00:00+00:00,133,45,88,33.83458646616541,24.499999999999993,0.1842105263157894,1.2784090909090906,2449.9999999999995,24.499999999999996,-1050.0,-10.5,31.413533834586467,67,66,10.000000000000144,14.49999999999985,45,88,0,350.8120300751887,248,153,0
upstream,2.5,gbpusd,H4,21210,2013-01-01 22:00:00+00:00,2026-08-21 17:00:00+00:00,221,86,135,38.91402714932127,78.5851063829769,0.35558871666505387,1.5821118991331624,7858.510638297689,78.58510638297689,-1250.0000000000455,-12.500000000000455,14.262443438914028,118,103,45.08510638297826,33.499999999998636,85,135,1,535.6628959276023,547,246,0
upstream,2.5,gbpusd,D1,6311,2002-05-07 00:00:00+00:00,2026-08-21 00:00:00+00:00,45,25,20,55.55555555555556,42.49999999999956,0.9444444444444346,3.1249999999999782,4249.999999999956,42.49999999999957,-300.0,-3.0,3.888888888888889,28,17,31.49999999999973,10.999999999999828,25,20,0,565.7444444444421,216,45,0
upstream,2.5,us100,M1,26000,2026-08-09 22:00:00+00:00,2026-09-03 05:36:00+00:00,81,31,50,38.2716049382716,27.499999999999332,0.3395061728394979,1.5499999999999867,2749.9999999999336,27.499999999999336,-1050.000000000009,-10.50000000000009,84.72839506172839,40,41,15.999999999999456,11.499999999999877,31,50,0,283.02469135802517,163,104,0
upstream,2.5,us100,M5,21307,2026-05-10 22:00:00+00:00,2026-08-21 20:55:00+00:00,191,75,116,39.26701570680628,71.87827715355803,0.3763260583955918,1.6216675844643844,7187.827715355803,71.87827715355802,-950.0,-9.5,16.31413612565445,99,92,23.878277153558145,47.9999999999999,75,115,1,408.5602094240844,404,213,0
upstream,2.5,us100,M15,21857,2025-09-30 21:00:00+00:00,2026-08-21 20:45:00+00:00,185,91,94,49.18918918918919,133.49999999999392,0.7216216216215887,2.420212765957382,13349.999999999394,133.49999999999395,-950.0,-9.5,11.054054054054054,107,78,67.99999999999412,65.4999999999998,91,94,0,403.90270270270213,466,202,0
upstream,2.5,us100,H1,21841,2023-01-02 23:00:00+00:00,2026-08-21 20:00:00+00:00,153,69,84,45.09803921568628,88.49999999999935,0.5784313725490153,2.0535714285714213,8849.999999999935,88.49999999999935,-1249.999999999991,-12.499999999999908,7.026143790849673,99,54,51.499999999999496,36.999999999999865,69,84,0,485.52941176470523,543,157,0
upstream,2.5,us100,H4,14187,2017-04-30 22:00:00+00:00,2026-08-21 17:00:00+00:00,90,43,47,47.77777777777778,60.499999999999815,0.6722222222222202,2.2872340425531874,6049.999999999982,60.49999999999982,-500.0,-5.0,13.911111111111111,67,23,44.99999999999986,15.499999999999954,43,47,0,594.0777777777776,440,101,0
upstream,2.5,us100,D1,2897,2015-04-20 00:00:00+00:00,2026-08-21 00:00:00+00:00,19,10,9,52.63157894736842,15.999999999999993,0.8421052631578944,2.777777777777777,1599.999999999999,15.999999999999993,-300.0,-3.0,4.631578947368421,15,4,12.999999999999991,3.0,10,9,0,509.9999999999976,95,19,0
upstream,2.5,us30,M1,25717,2026-08-09 22:00:00+00:00,2026-09-03 05:37:00+00:00,75,28,47,37.333333333333336,22.999999999999616,0.30666666666666154,1.4893617021276515,2299.999999999962,22.999999999999616,-1249.9999999999727,-12.499999999999726,33.22666666666667,42,33,6.9999999999992575,16.00000000000036,28,47,0,246.10666666666802,133,82,0
upstream,2.5,us30,M5,21299,2026-05-10 22:00:00+00:00,2026-08-21 20:55:00+00:00,147,64,83,43.53741496598639,77.00000000000009,0.5238095238095244,1.9277108433734949,7700.000000000007,77.00000000000007,-949.9999999999909,-9.499999999999908,20.170068027210885,78,69,40.99999999999995,36.000000000000135,64,83,0,391.2108843537412,323,167,0
upstream,2.5,us30,M15,21855,2025-09-30 21:00:00+00:00,2026-08-21 20:45:00+00:00,167,75,92,44.91017964071856,95.5000000000082,0.5718562874251988,2.038043478260959,9550.000000000819,95.50000000000819,-1000.0,-10.0,8.119760479041917,91,76,49.00000000000179,46.50000000000639,75,92,0,402.6526946107812,454,169,0
upstream,2.5,us30,H1,21841,2023-01-02 23:00:00+00:00,2026-08-21 20:00:00+00:00,152,78,74,51.31578947368421,120.99999999999929,0.7960526315789427,2.635135135135126,12099.99999999993,120.9999999999993,-550.0,-5.5,4.25,88,64,72.9999999999994,47.999999999999886,78,74,0,510.499999999998,601,155,0
upstream,2.5,us30,H4,14102,2017-04-30 22:00:00+00:00,2026-08-21 17:00:00+00:00,37,14,23,37.83783783783784,12.000000000000213,0.32432432432433006,1.5217391304347918,1200.0000000000211,12.000000000000211,-500.0,-5.0,3.054054054054054,29,8,16.500000000000213,-4.5,14,23,0,547.243243243246,423,38,0
upstream,2.5,us30,D1,2403,2017-05-01 00:00:00+00:00,2026-08-21 00:00:00+00:00,5,2,3,40.0,2.0000000000005773,0.4000000000001155,1.6666666666668593,200.00000000005772,2.0000000000005773,-200.0,-2.0,1.2,4,1,-0.5,2.5000000000005773,2,3,0,400.99999999998545,92,5,0
upstream,2.5,us500,M1,25481,2026-08-09 22:00:00+00:00,2026-09-03 05:36:00+00:00,0,0,0,,0.0,,,0.0,0.0,0.0,0.0,,0,0,0.0,0.0,0,0,0,,0,0,0
upstream,2.5,us500,M5,21257,2026-05-10 22:00:00+00:00,2026-08-21 20:55:00+00:00,12,4,8,33.33333333333333,1.9999999999999614,0.16666666666666344,1.2499999999999951,199.99999999999613,1.9999999999999611,-600.0,-6.0,63.25,6,6,-2.4999999999999583,4.49999999999992,4,8,0,257.0833333333333,16,12,0
upstream,2.5,us500,M15,21838,2025-09-30 21:00:00+00:00,2026-08-21 20:45:00+00:00,43,10,33,23.25581395348837,-8.000000000000039,-0.1860465116279079,0.7575757575757565,-800.0000000000039,-8.000000000000039,-1299.9999999999982,-12.99999999999998,98.25581395348837,22,21,-1.0000000000000537,-6.999999999999986,10,33,0,292.2558139534879,84,55,0
upstream,2.5,us500,H1,21826,2023-01-02 23:00:00+00:00,2026-08-21 20:00:00+00:00,101,37,64,36.633663366336634,28.49999999999996,0.2821782178217818,1.4453124999999993,2849.9999999999964,28.499999999999964,-900.0000000000018,-9.000000000000018,36.31683168316832,42,59,13.999999999999968,14.499999999999993,37,64,0,355.85148514851414,169,117,0
upstream,2.5,us500,H4,14186,2017-04-30 22:00:00+00:00,2026-08-21 17:00:00+00:00,121,54,67,44.62809917355372,67.99999999999974,0.5619834710743781,2.0149253731343246,6799.999999999974,67.99999999999974,-649.9999999999982,-6.499999999999982,28.355371900826448,75,46,54.499999999999794,13.499999999999947,54,67,0,431.4793388429752,243,151,0
upstream,2.5,us500,D1,6991,1999-02-18 00:00:00+00:00,2026-08-21 00:00:00+00:00,58,25,33,43.103448275862064,29.500000000000014,0.5086206896551727,1.8939393939393943,2950.0000000000014,29.500000000000014,-1050.0,-10.5,18.03448275862069,41,17,22.000000000000007,7.500000000000006,25,33,0,394.98275862068965,151,65,0
upstream,2.5,xauusd,M1,25229,2026-08-09 22:01:00+00:00,2026-09-03 05:37:00+00:00,261,106,155,40.61302681992337,109.99999999999609,0.421455938697303,1.7096774193548137,10999.99999999961,109.9999999999961,-1350.0000000000036,-13.500000000000037,22.18007662835249,138,123,29.99999999999881,79.9999999999973,106,155,0,353.1226053639863,509,303,0
upstream,2.5,xauusd,M5,20564,2026-05-10 22:00:00+00:00,2026-08-21 20:40:00+00:00,230,102,128,44.34782608695652,126.99999999999672,0.552173913043464,1.9921874999999745,12699.99999999967,126.99999999999672,-900.0,-9.0,9.243478260869566,106,124,34.000000000000156,92.99999999999655,102,128,0,458.46956521739486,536,244,0
upstream,2.5,xauusd,M15,21007,2025-09-30 22:00:00+00:00,2026-08-21 20:30:00+00:00,142,72,70,50.70422535211267,109.9999999999988,0.7746478873239353,2.5714285714285547,10999.99999999988,109.9999999999988,-900.0,-9.0,4.429577464788732,76,66,63.99999999999824,46.00000000000057,72,70,0,549.4225352112688,608,143,0
upstream,2.5,xauusd,H1,21516,2023-01-02 23:00:00+00:00,2026-08-21 20:00:00+00:00,155,77,78,49.67741935483871,114.49999999999923,0.7387096774193499,2.4679487179487083,11449.999999999924,114.49999999999925,-900.0,-9.0,6.993548387096774,84,71,45.4999999999996,68.99999999999963,77,78,0,505.3935483870979,618,159,0
upstream,2.5,xauusd,H4,21049,2013-01-02 03:00:00+00:00,2026-08-21 18:00:00+00:00,152,67,85,44.07894736842105,82.50000000000011,0.5427631578947376,1.9705882352941193,8250.000000000013,82.50000000000013,-1549.9999999999927,-15.499999999999927,5.5,85,67,62.00000000000012,20.500000000000004,67,85,0,534.4605263157888,647,158,0
upstream,2.5,xauusd,D1,8787,1992-08-18 00:00:00+00:00,2026-08-21 00:00:00+00:00,52,27,25,51.92307692307693,42.50000000000751,0.8173076923078367,2.7000000000003,4250.000000000751,42.50000000000752,-550.0,-5.5,6.25,32,20,34.50000000000755,7.999999999999957,27,25,0,490.94230769230944,269,53,0
upstream,3.0,audusd,M1,25361,2026-08-09 21:05:00+00:00,2026-09-03 05:38:00+00:00,0,0,0,,0.0,,,0.0,0.0,0.0,0.0,,0,0,0.0,0.0,0,0,0,,0,0,0
upstream,3.0,audusd,M5,20095,2026-05-17 21:05:00+00:00,2026-08-21 20:55:00+00:00,3,2,1,66.66666666666666,5.0,1.6666666666666667,6.0,500.0,5.0,0.0,0.0,2744.6666666666665,2,1,2.0,3.0,2,1,0,312.9999999999966,5,5,0
upstream,3.0,audusd,M15,22176,2025-09-30 21:00:00+00:00,2026-08-21 20:45:00+00:00,13,5,8,38.46153846153847,5.599423631123948,0.4307248947018421,1.6999279538904934,559.9423631123948,5.5994236311239485,-700.0,-7.000000000000001,581.5384615384615,11,2,3.5994236311239476,2.0,4,8,1,330.384615384614,26,16,0
upstream,3.0,audusd,H1,22655,2023-01-01 23:00:00+00:00,2026-08-21 20:00:00+00:00,87,28,59,32.18390804597701,25.0,0.28735632183908044,1.423728813559322,2500.0,25.0,-800.0,-8.0,61.13793103448276,42,45,10.0,15.0,28,59,0,273.06896551724094,166,105,0
upstream,3.0,audusd,H4,21210,2013-01-01 22:00:00+00:00,2026-08-21 17:00:00+00:00,239,100,139,41.84100418410041,161.0,0.6736401673640168,2.158273381294964,16100.0,161.0,-900.0,-9.0,23.97489539748954,120,119,64.0,97.0,100,139,0,433.0836820083676,485,286,0
upstream,3.0,audusd,D1,6301,2002-05-07 00:00:00+00:00,2026-08-21 00:00:00+00:00,72,33,39,45.83333333333333,60.0,0.8333333333333334,2.5384615384615383,6000.0,60.0,-600.0,-6.0,8.305555555555555,42,30,38.0,22.0,33,39,0,514.0069444444437,216,74,0
upstream,3.0,eurgbp,M1,24741,2026-08-09 21:05:00+00:00,2026-09-03 05:37:00+00:00,0,0,0,,0.0,,,0.0,0.0,0.0,0.0,,0,0,0.0,0.0,0,0,0,,0,0,0
upstream,3.0,eurgbp,M5,20103,2026-05-17 21:05:00+00:00,2026-08-21 20:55:00+00:00,0,0,0,,0.0,,,0.0,0.0,0.0,0.0,,0,0,0.0,0.0,0,0,0,,0,0,0
upstream,3.0,eurgbp,M15,22176,2025-09-30 21:00:00+00:00,2026-08-21 20:45:00+00:00,4,2,2,50.0,4.0,1.0,3.0,400.0,4.0,-100.0,-1.0,468.0,2,2,2.0,2.0,2,2,0,254.50000000000472,6,4,0
upstream,3.0,eurgbp,H1,22655,2023-01-01 23:00:00+00:00,2026-08-21 20:00:00+00:00,38,12,26,31.57894736842105,10.0,0.2631578947368421,1.3846153846153846,1000.0,10.0,-1300.0,-13.0,126.13157894736842,21,17,15.0,-5.0,12,26,0,262.50000000000017,55,38,0
upstream,3.0,eurgbp,H4,21210,2013-01-01 22:00:00+00:00,2026-08-21 17:00:00+00:00,183,63,120,34.42622950819672,69.0,0.3770491803278688,1.575,6900.0,69.0,-2400.0,-24.0,32.95628415300546,96,87,28.0,41.0,63,120,0,424.6693989071036,358,227,0
upstream,3.0,eurgbp,D1,6301,2002-05-08 00:00:00+00:00,2026-08-21 00:00:00+00:00,72,30,42,41.66666666666667,48.966507177033506,0.6800903774587987,2.193330223880597,4896.650717703351,48.966507177033506,-600.0,-6.0,11.01388888888889,28,44,32.0,16.966507177033503,30,41,1,490.3125,183,77,0
upstream,3.0,eurusd,M1,25837,2026-08-09 21:05:00+00:00,2026-09-03 05:39:00+00:00,0,0,0,,0.0,,,0.0,0.0,0.0,0.0,,0,0,0.0,0.0,0,0,0,,0,0,0
upstream,3.0,eurusd,M5,20103,2026-05-17 21:05:00+00:00,2026-08-21 20:55:00+00:00,5,1,4,20.0,-1.0,-0.2,0.75,-100.0,-1.0,-200.0,-2.0,719.0,3,2,-3.0,2.0,1,4,0,269.4000000000018,7,7,0
upstream,3.0,eurusd,M15,22176,2025-09-30 21:00:00+00:00,2026-08-21 20:45:00+00:00,21,7,14,33.33333333333333,4.289617486338795,0.20426749934946642,1.3064012490241996,428.96174863387944,4.289617486338795,-700.0,-7.000000000000001,106.28571428571429,11,10,-5.710382513661205,10.0,6,14,1,195.47619047619273,30,22,0
upstream,3.0,eurusd,H1,22655,2023-01-01 23:00:00+00:00,2026-08-21 20:00:00+00:00,91,30,61,32.967032967032964,29.0,0.31868131868131866,1.4754098360655739,2900.0,28.999999999999996,-1800.0,-18.0,52.824175824175825,46,45,14.0,15.0,30,61,0,341.4505494505502,189,110,0
upstream,3.0,eurusd,H4,21210,2013-01-01 22:00:00+00:00,2026-08-21 17:00:00+00:00,207,81,126,39.130434782608695,117.00000000000003,0.565217391304348,1.9285714285714288,11700.000000000004,117.00000000000004,-800.0,-8.0,26.159420289855074,103,104,53.00000000000003,64.0,81,126,0,476.41545893719865,493,264,0
upstream,3.0,eurusd,D1,6307,2002-05-07 00:00:00+00:00,2026-08-21 00:00:00+00:00,51,15,36,29.411764705882355,9.0,0.17647058823529413,1.25,900.0,9.0,-900.0,-9.0,5.9411764705882355,26,25,-6.0,15.0,15,36,0,571.4607843137238,228,51,0
upstream,3.0,gbpusd,M1,26114,2026-08-09 21:07:00+00:00,2026-09-03 05:38:00+00:00,0,0,0,,0.0,,,0.0,0.0,0.0,0.0,,0,0,0.0,0.0,0,0,0,,1,0,0
upstream,3.0,gbpusd,M5,20086,2026-05-17 21:05:00+00:00,2026-08-21 20:55:00+00:00,4,2,2,50.0,4.0,1.0,3.0,400.0,4.0,-100.0,-1.0,829.25,3,1,1.0,3.0,2,2,0,317.2500000000022,8,6,0
upstream,3.0,gbpusd,M15,22174,2025-09-30 21:00:00+00:00,2026-08-21 20:45:00+00:00,45,12,33,26.666666666666668,0.727642276422742,0.016169828364949825,1.0220497659522043,72.76422764227421,0.727642276422742,-1000.0,-10.0,209.75555555555556,27,18,14.727642276422742,-14.0,11,33,1,265.8888888888875,82,60,0
upstream,3.0,gbpusd,H1,22655,2023-01-01 23:00:00+00:00,2026-08-21 20:00:00+00:00,129,38,91,29.457364341085274,23.0,0.17829457364341086,1.2527472527472527,2300.0,23.0,-1000.0,-10.0,36.13178294573643,65,64,7.0,16.0,38,91,0,349.4186046511636,248,153,0
upstream,3.0,gbpusd,H4,21210,2013-01-01 22:00:00+00:00,2026-08-21 17:00:00+00:00,217,74,143,34.10138248847927,77.08510638297876,0.35523090499068555,1.5390566879928587,7708.510638297876,77.08510638297875,-2100.0,-21.0,17.304147465437786,115,102,47.085106382978765,30.0,73,143,1,532.0207373271893,547,246,0
upstream,3.0,gbpusd,D1,6311,2002-05-07 00:00:00+00:00,2026-08-21 00:00:00+00:00,44,21,23,47.72727272727273,40.0,0.9090909090909091,2.739130434782609,4000.0,40.0,-400.0,-4.0,4.931818181818182,28,16,28.0,12.0,21,23,0,562.8749999999975,216,45,0
upstream,3.0,us100,M1,26000,2026-08-09 22:00:00+00:00,2026-09-03 05:36:00+00:00,78,28,50,35.8974358974359,34.0,0.4358974358974359,1.68,3400.0,34.0,-900.0,-9.0,112.88461538461539,39,39,21.0,13.0,28,50,0,287.87179487179554,163,104,0
upstream,3.0,us100,M5,21307,2026-05-10 22:00:00+00:00,2026-08-21 20:55:00+00:00,190,66,124,34.73684210526316,74.37827715355812,0.3914646165976743,1.6016602538855402,7437.827715355812,74.37827715355812,-1100.0,-11.0,19.189473684210526,99,91,21.378277153558123,53.0,66,123,1,408.9473684210532,404,213,0
upstream,3.0,us100,M15,21857,2025-09-30 21:00:00+00:00,2026-08-21 20:45:00+00:00,182,83,99,45.604395604395606,150.0,0.8241758241758241,2.515151515151515,15000.0,150.0,-900.0,-9.0,12.967032967032967,105,77,79.0,71.0,83,99,0,406.1923076923071,466,202,0
upstream,3.0,us100,H1,21841,2023-01-02 23:00:00+00:00,2026-08-21 20:00:00+00:00,151,62,89,41.05960264900662,97.0,0.6423841059602649,2.0898876404494384,9700.0,97.0,-1100.0,-11.0,8.0,99,52,57.0,40.0,62,89,0,486.357615894039,543,157,0
upstream,3.0,us100,H4,14187,2017-04-30 22:00:00+00:00,2026-08-21 17:00:00+00:00,85,37,48,43.529411764705884,63.0,0.7411764705882353,2.3125,6300.0,63.0,-800.0,-8.0,17.094117647058823,65,20,43.0,20.0,37,48,0,593.7176470588231,440,101,0
upstream,3.0,us100,D1,2897,2015-04-20 00:00:00+00:00,2026-08-21 00:00:00+00:00,19,10,9,52.63157894736842,21.0,1.105263157894737,3.3333333333333335,2100.0,21.0,-300.0,-3.0,4.842105263157895,15,4,17.0,4.0,10,9,0,509.9999999999976,95,19,0
upstream,3.0,us30,M1,25717,2026-08-09 22:00:00+00:00,2026-09-03 05:37:00+00:00,75,25,50,33.33333333333333,25.0,0.3333333333333333,1.5,2500.0,25.0,-1500.0,-15.0,40.08,42,33,6.0,19.0,25,50,0,246.10666666666802,133,82,0
upstream,3.0,us30,M5,21299,2026-05-10 22:00:00+00:00,2026-08-21 20:55:00+00:00,141,53,88,37.5886524822695,71.0,0.5035460992907801,1.8068181818181819,7100.0,71.0,-1200.0,-12.0,26.94326241134752,73,68,35.0,36.0,53,88,0,397.93617021276606,323,167,0
upstream,3.0,us30,M15,21855,2025-09-30 21:00:00+00:00,2026-08-21 20:45:00+00:00,166,70,96,42.168674698795186,114.0,0.6867469879518072,2.1875,11400.0,113.99999999999999,-1200.0,-12.0,9.19277108433735,90,76,50.0,64.0,70,96,0,404.6566265060269,454,169,0
upstream,3.0,us30,H1,21841,2023-01-02 23:00:00+00:00,2026-08-21 20:00:00+00:00,152,74,78,48.68421052631579,144.0,0.9473684210526315,2.8461538461538463,14400.0,144.0,-500.0,-5.0,4.697368421052632,88,64,84.0,60.0,74,78,0,510.499999999998,601,155,0
upstream,3.0,us30,H4,14102,2017-04-30 22:00:00+00:00,2026-08-21 17:00:00+00:00,37,13,24,35.13513513513514,15.0,0.40540540540540543,1.625,1500.0,15.0,-500.0,-5.0,3.891891891891892,29,8,19.0,-4.0,13,24,0,547.243243243246,423,38,0
upstream,3.0,us30,D1,2403,2017-05-01 00:00:00+00:00,2026-08-21 00:00:00+00:00,5,2,3,40.0,3.0,0.6,2.0,300.0,3.0,-200.0,-2.0,1.2,4,1,0.0,3.0,2,3,0,400.99999999998545,92,5,0
upstream,3.0,us500,M1,25481,2026-08-09 22:00:00+00:00,2026-09-03 05:36:00+00:00,0,0,0,,0.0,,,0.0,0.0,0.0,0.0,,0,0,0.0,0.0,0,0,0,,0,0,0
upstream,3.0,us500,M5,21257,2026-05-10 22:00:00+00:00,2026-08-21 20:55:00+00:00,12,4,8,33.33333333333333,4.0,0.3333333333333333,1.5,400.0,4.0,-600.0,-6.0,63.333333333333336,6,6,-2.0,6.0,4,8,0,257.0833333333333,16,12,0
upstream,3.0,us500,M15,21838,2025-09-30 21:00:00+00:00,2026-08-21 20:45:00+00:00,42,8,34,19.047619047619047,-10.0,-0.23809523809523808,0.7058823529411765,-1000.0,-10.0,-1400.0,-14.000000000000002,111.85714285714286,21,21,-1.0,-9.0,8,34,0,288.4523809523805,84,55,0
upstream,3.0,us500,H1,21826,2023-01-02 23:00:00+00:00,2026-08-21 20:00:00+00:00,90,31,59,34.44444444444444,34.0,0.37777777777777777,1.576271186440678,3400.0,34.0,-1000.0,-10.0,52.611111111111114,38,52,22.0,12.0,31,59,0,360.4222222222215,169,117,0
upstream,3.0,us500,H4,14186,2017-04-30 22:00:00+00:00,2026-08-21 17:00:00+00:00,113,45,68,39.823008849557525,66.99999999999999,0.5929203539823008,1.9852941176470589,6699.999999999999,67.0,-1200.0,-12.0,33.07964601769911,68,45,55.999999999999986,11.0,45,68,0,439.75221238938065,243,151,0
upstream,3.0,us500,D1,6991,1999-02-18 00:00:00+00:00,2026-08-21 00:00:00+00:00,56,22,34,39.285714285714285,32.00000000000002,0.5714285714285718,1.9411764705882357,3200.000000000002,32.000000000000014,-1000.0,-10.0,22.660714285714285,40,16,24.00000000000002,8.0,22,34,0,389.017857142857,151,65,0
upstream,3.0,xauusd,M1,25229,2026-08-09 22:01:00+00:00,2026-09-03 05:37:00+00:00,254,89,165,35.039370078740156,102.0,0.4015748031496063,1.6181818181818182,10200.0,102.0,-1800.0,-18.0,28.228346456692915,134,120,38.0,64.0,89,165,0,351.0472440944902,509,303,0
upstream,3.0,xauusd,M5,20564,2026-05-10 22:00:00+00:00,2026-08-21 20:40:00+00:00,225,90,135,40.0,135.0,0.6,2.0,13500.0,135.0,-900.0,-9.0,11.342222222222222,105,120,47.0,88.0,90,135,0,455.9822222222259,536,244,0
upstream,3.0,xauusd,M15,21007,2025-09-30 22:00:00+00:00,2026-08-21 20:30:00+00:00,140,64,76,45.714285714285715,116.0,0.8285714285714286,2.526315789473684,11600.0,115.99999999999999,-900.0,-9.0,5.55,76,64,68.0,48.0,64,76,0,552.3142857142876,608,143,0
upstream,3.0,xauusd,H1,21516,2023-01-02 23:00:00+00:00,2026-08-21 20:00:00+00:00,154,72,82,46.75324675324675,134.0,0.8701298701298701,2.6341463414634148,13400.0,134.0,-1400.0,-14.000000000000002,8.454545454545455,83,71,57.0,77.0,72,82,0,506.32467532467626,618,159,0
upstream,3.0,xauusd,H4,21049,2013-01-02 03:00:00+00:00,2026-08-21 18:00:00+00:00,150,62,88,41.333333333333336,98.0,0.6533333333333333,2.1136363636363638,9800.0,98.0,-1400.0,-14.000000000000002,6.626666666666667,85,65,75.0,23.0,62,88,0,532.0933333333326,647,158,0
upstream,3.0,xauusd,D1,8787,1992-08-18 00:00:00+00:00,2026-08-21 00:00:00+00:00,49,24,25,48.97959183673469,47.0,0.9591836734693877,2.88,4700.0,47.0,-400.0,-4.0,9.204081632653061,31,18,41.0,6.0,24,25,0,493.95918367347116,269,53,0
upstream,4.0,audusd,M1,25361,2026-08-09 21:05:00+00:00,2026-09-03 05:38:00+00:00,0,0,0,,0.0,,,0.0,0.0,0.0,0.0,,0,0,0.0,0.0,0,0,0,,0,0,0
upstream,4.0,audusd,M5,20095,2026-05-17 21:05:00+00:00,2026-08-21 20:55:00+00:00,3,2,1,66.66666666666666,7.0,2.3333333333333335,8.0,700.0,7.000000000000001,0.0,0.0,3483.3333333333335,2,1,3.0,4.0,2,1,0,312.9999999999966,5,5,0
upstream,4.0,audusd,M15,22176,2025-09-30 21:00:00+00:00,2026-08-21 20:45:00+00:00,12,3,9,25.0,3.0,0.25,1.3333333333333333,300.0,3.0,-700.0,-7.000000000000001,730.8333333333334,10,2,5.0,-2.0,3,9,0,328.9999999999987,26,16,0
upstream,4.0,audusd,H1,22655,2023-01-01 23:00:00+00:00,2026-08-21 20:00:00+00:00,80,20,60,25.0,20.0,0.25,1.3333333333333333,2000.0,20.0,-1400.0,-14.000000000000002,79.775,37,43,8.0,12.0,20,60,0,268.8374999999998,166,105,0
upstream,4.0,audusd,H4,21210,2013-01-01 22:00:00+00:00,2026-08-21 17:00:00+00:00,211,74,137,35.07109004739337,158.27114967462037,0.7501002354247411,2.155263866238105,15827.11496746204,158.2711496746204,-1800.0,-18.0,34.95734597156398,110,101,69.27114967462039,89.0,73,137,1,437.4668246445491,485,286,0
upstream,4.0,audusd,D1,6301,2002-05-07 00:00:00+00:00,2026-08-21 00:00:00+00:00,70,26,44,37.142857142857146,60.0,0.8571428571428571,2.3636363636363638,6000.0,60.0,-1000.0,-10.0,11.971428571428572,40,30,35.0,25.0,26,44,0,516.5285714285706,216,74,0
upstream,4.0,eurgbp,M1,24741,2026-08-09 21:05:00+00:00,2026-09-03 05:37:00+00:00,0,0,0,,0.0,,,0.0,0.0,0.0,0.0,,0,0,0.0,0.0,0,0,0,,0,0,0
upstream,4.0,eurgbp,M5,20103,2026-05-17 21:05:00+00:00,2026-08-21 20:55:00+00:00,0,0,0,,0.0,,,0.0,0.0,0.0,0.0,,0,0,0.0,0.0,0,0,0,,0,0,0
upstream,4.0,eurgbp,M15,22176,2025-09-30 21:00:00+00:00,2026-08-21 20:45:00+00:00,4,2,2,50.0,6.0,1.5,4.0,600.0,6.0,-100.0,-1.0,583.5,2,2,3.0,3.0,2,2,0,254.50000000000472,6,4,0
upstream,4.0,eurgbp,H1,22655,2023-01-01 23:00:00+00:00,2026-08-21 20:00:00+00:00,36,8,28,22.22222222222222,4.0,0.1111111111111111,1.1428571428571428,400.0,4.0,-1200.0,-12.0,147.08333333333334,19,17,11.0,-7.0,8,28,0,271.77777777777777,55,38,0
upstream,4.0,eurgbp,H4,21210,2013-01-01 22:00:00+00:00,2026-08-21 17:00:00+00:00,157,43,114,27.388535031847134,58.0,0.36942675159235666,1.5087719298245614,5800.0,57.99999999999999,-2600.0,-26.0,49.98726114649681,81,76,34.0,24.0,43,114,0,428.91719745222895,358,227,0
upstream,4.0,eurgbp,D1,6301,2002-05-08 00:00:00+00:00,2026-08-21 00:00:00+00:00,70,27,43,38.57142857142858,65.9665071770335,0.9423786739576215,2.5693796243597045,6596.65071770335,65.96650717703349,-600.0,-6.0,13.128571428571428,28,42,42.0,23.966507177033503,27,42,1,493.4857142857144,183,77,0
upstream,4.0,eurusd,M1,25837,2026-08-09 21:05:00+00:00,2026-09-03 05:39:00+00:00,0,0,0,,0.0,,,0.0,0.0,0.0,0.0,,0,0,0.0,0.0,0,0,0,,0,0,0
upstream,4.0,eurusd,M5,20103,2026-05-17 21:05:00+00:00,2026-08-21 20:55:00+00:00,5,1,4,20.0,0.0,0.0,1.0,0.0,0.0,-200.0,-2.0,758.4,3,2,-3.0,3.0,1,4,0,269.4000000000018,7,7,0
upstream,4.0,eurusd,M15,22176,2025-09-30 21:00:00+00:00,2026-08-21 20:45:00+00:00,21,7,14,33.33333333333333,10.289617486338795,0.4899817850637521,1.734972677595628,1028.9617486338796,10.289617486338795,-600.0,-6.0,127.71428571428571,11,10,-4.710382513661205,15.0,6,14,1,195.47619047619273,30,22,0
upstream,4.0,eurusd,H1,22655,2023-01-01 23:00:00+00:00,2026-08-21 20:00:00+00:00,87,25,62,28.735632183908045,38.0,0.4367816091954023,1.6129032258064515,3800.0,38.0,-1400.0,-14.000000000000002,67.85057471264368,43,44,22.0,16.0,25,62,0,350.206896551725,189,110,0
upstream,4.0,eurusd,H4,21210,2013-01-01 22:00:00+00:00,2026-08-21 17:00:00+00:00,182,57,125,31.318681318681318,103.0,0.5659340659340659,1.824,10300.0,103.0,-1200.0,-12.0,36.44505494505494,90,92,55.0,48.0,57,125,0,480.45329670329704,493,264,0
upstream,4.0,eurusd,D1,6307,2002-05-07 00:00:00+00:00,2026-08-21 00:00:00+00:00,50,14,36,28.000000000000004,20.0,0.4,1.5555555555555556,2000.0,20.0,-800.0,-8.0,6.76,26,24,-1.0,21.0,14,36,0,575.6899999999982,228,51,0
upstream,4.0,gbpusd,M1,26114,2026-08-09 21:07:00+00:00,2026-09-03 05:38:00+00:00,0,0,0,,0.0,,,0.0,0.0,0.0,0.0,,0,0,0.0,0.0,0,0,0,,1,0,0
upstream,4.0,gbpusd,M5,20086,2026-05-17 21:05:00+00:00,2026-08-21 20:55:00+00:00,4,2,2,50.0,6.0,1.5,4.0,600.0,6.0,-100.0,-1.0,957.75,3,1,2.0,4.0,2,2,0,317.2500000000022,8,6,0
upstream,4.0,gbpusd,M15,22174,2025-09-30 21:00:00+00:00,2026-08-21 20:45:00+00:00,41,8,33,19.51219512195122,-4.272357723577258,-0.10420384691651849,0.8705346144370527,-427.2357723577258,-4.272357723577258,-1300.0,-13.0,244.4878048780488,25,16,6.727642276422742,-11.0,7,33,1,275.0731707317054,82,60,0
upstream,4.0,gbpusd,H1,22655,2023-01-01 23:00:00+00:00,2026-08-21 20:00:00+00:00,118,27,91,22.88135593220339,17.0,0.1440677966101695,1.1868131868131868,1700.0,17.0,-1100.0,-11.0,47.17796610169491,62,56,8.0,9.0,27,91,0,348.11016949152577,248,153,0
upstream,4.0,gbpusd,H4,21210,2013-01-01 22:00:00+00:00,2026-08-21 17:00:00+00:00,210,57,153,27.142857142857142,72.08510638297876,0.34326241134751795,1.4711444861632599,7208.510638297876,72.08510638297876,-1800.0,-18.0,21.13809523809524,110,100,42.085106382978765,30.0,56,153,1,532.7904761904765,547,246,0
upstream,4.0,gbpusd,D1,6311,2002-05-07 00:00:00+00:00,2026-08-21 00:00:00+00:00,44,17,27,38.63636363636363,41.0,0.9318181818181818,2.5185185185185186,4100.0,41.0,-700.0,-7.000000000000001,5.295454545454546,28,16,37.0,4.0,17,27,0,562.8749999999975,216,45,0
upstream,4.0,us100,M1,26000,2026-08-09 22:00:00+00:00,2026-09-03 05:36:00+00:00,76,21,55,27.631578947368425,29.0,0.3815789473684211,1.5272727272727273,2900.0,28.999999999999996,-1100.0,-11.0,127.51315789473684,38,38,12.0,17.0,21,55,0,289.98684210526335,163,104,0
upstream,4.0,us100,M5,21307,2026-05-10 22:00:00+00:00,2026-08-21 20:55:00+00:00,181,54,127,29.83425414364641,89.37827715355812,0.4938026362075034,1.7058684335068632,8937.827715355812,89.37827715355812,-1400.0,-14.000000000000002,26.331491712707184,95,86,25.378277153558123,64.0,54,126,1,413.2707182320452,404,213,0
upstream,4.0,us100,M15,21857,2025-09-30 21:00:00+00:00,2026-08-21 20:45:00+00:00,177,71,106,40.11299435028249,178.0,1.0056497175141244,2.6792452830188678,17800.0,178.0,-800.0,-8.0,15.76271186440678,102,75,88.0,90.0,71,106,0,404.6045197740109,466,202,0
upstream,4.0,us100,H1,21841,2023-01-02 23:00:00+00:00,2026-08-21 20:00:00+00:00,148,53,95,35.810810810810814,117.0,0.7905405405405406,2.231578947368421,11700.0,117.0,-1300.0,-13.0,10.027027027027026,97,51,58.0,59.0,53,95,0,488.5810810810803,543,157,0
upstream,4.0,us100,H4,14187,2017-04-30 22:00:00+00:00,2026-08-21 17:00:00+00:00,82,32,50,39.02439024390244,77.99999999999999,0.9512195121951218,2.5599999999999996,7799.999999999998,77.99999999999999,-900.0,-9.0,21.597560975609756,63,19,51.999999999999986,26.0,32,50,0,593.085365853658,440,101,0
upstream,4.0,us100,D1,2897,2015-04-20 00:00:00+00:00,2026-08-21 00:00:00+00:00,19,8,11,42.10526315789473,21.0,1.105263157894737,2.909090909090909,2100.0,21.0,-400.0,-4.0,5.2631578947368425,15,4,15.0,6.0,8,11,0,509.9999999999976,95,19,0
upstream,4.0,us30,M1,25717,2026-08-09 22:00:00+00:00,2026-09-03 05:37:00+00:00,66,19,47,28.78787878787879,29.0,0.4393939393939394,1.6170212765957446,2900.0,28.999999999999996,-1300.0,-13.0,66.56060606060606,37,29,8.0,21.0,19,47,0,255.9393939393957,133,82,0
upstream,4.0,us30,M5,21299,2026-05-10 22:00:00+00:00,2026-08-21 20:55:00+00:00,130,36,94,27.692307692307693,50.0,0.38461538461538464,1.5319148936170213,5000.0,50.0,-1200.0,-12.0,40.55384615384615,68,62,17.0,33.0,36,94,0,398.9000000000003,323,167,0
upstream,4.0,us30,M15,21855,2025-09-30 21:00:00+00:00,2026-08-21 20:45:00+00:00,166,57,109,34.33734939759036,119.0,0.7168674698795181,2.091743119266055,11900.0,119.0,-1000.0,-10.0,10.379518072289157,90,76,55.0,64.0,57,109,0,404.6566265060269,454,169,0
upstream,4.0,us30,H1,21841,2023-01-02 23:00:00+00:00,2026-08-21 20:00:00+00:00,152,62,90,40.78947368421053,158.0,1.0394736842105263,2.7555555555555555,15800.0,158.0,-600.0,-6.0,6.618421052631579,88,64,92.0,66.0,62,90,0,510.499999999998,601,155,0
upstream,4.0,us30,H4,14102,2017-04-30 22:00:00+00:00,2026-08-21 17:00:00+00:00,37,12,25,32.432432432432435,23.0,0.6216216216216216,1.92,2300.0,23.0,-800.0,-8.0,4.837837837837838,29,8,26.0,-3.0,12,25,0,547.243243243246,423,38,0
upstream,4.0,us30,D1,2403,2017-05-01 00:00:00+00:00,2026-08-21 00:00:00+00:00,5,2,3,40.0,5.0,1.0,2.6666666666666665,500.0,5.0,-200.0,-2.0,1.2,4,1,1.0,4.0,2,3,0,400.99999999998545,92,5,0
upstream,4.0,us500,M1,25481,2026-08-09 22:00:00+00:00,2026-09-03 05:36:00+00:00,0,0,0,,0.0,,,0.0,0.0,0.0,0.0,,0,0,0.0,0.0,0,0,0,,0,0,0
upstream,4.0,us500,M5,21257,2026-05-10 22:00:00+00:00,2026-08-21 20:55:00+00:00,12,3,9,25.0,3.0,0.25,1.3333333333333333,300.0,3.0,-600.0,-6.0,66.16666666666667,6,6,-6.0,9.0,3,9,0,257.0833333333333,16,12,0
upstream,4.0,us500,M15,21838,2025-09-30 21:00:00+00:00,2026-08-21 20:45:00+00:00,40,7,33,17.5,-5.0,-0.125,0.8484848484848485,-500.0,-5.0,-1000.0,-10.0,163.875,19,21,1.0,-6.0,7,33,0,285.8749999999993,84,55,0
upstream,4.0,us500,H1,21826,2023-01-02 23:00:00+00:00,2026-08-21 20:00:00+00:00,77,21,56,27.27272727272727,28.0,0.36363636363636365,1.5,2800.0,28.000000000000004,-1000.0,-10.0,79.0909090909091,32,45,23.0,5.0,21,56,0,367.57142857142776,169,117,0
upstream,4.0,us500,H4,14186,2017-04-30 22:00:00+00:00,2026-08-21 17:00:00+00:00,102,32,70,31.372549019607842,57.999999999999986,0.568627450980392,1.8285714285714283,5799.999999999998,57.999999999999986,-1500.0,-15.0,42.254901960784316,60,42,59.999999999999986,-2.0,32,70,0,433.1862745098042,243,151,0
upstream,4.0,us500,D1,6991,1999-02-18 00:00:00+00:00,2026-08-21 00:00:00+00:00,48,16,32,33.33333333333333,32.0,0.6666666666666666,2.0,3200.0,32.0,-800.0,-8.0,30.166666666666668,34,14,26.0,6.0,16,32,0,411.43749999999983,151,65,0
upstream,4.0,xauusd,M1,25229,2026-08-09 22:01:00+00:00,2026-09-03 05:37:00+00:00,225,65,160,28.888888888888886,100.0,0.4444444444444444,1.625,10000.0,100.0,-2100.0,-21.0,38.217777777777776,114,111,41.0,59.0,65,160,0,352.7111111111137,509,303,0
upstream,4.0,xauusd,M5,20564,2026-05-10 22:00:00+00:00,2026-08-21 20:40:00+00:00,217,69,148,31.797235023041477,128.0,0.5898617511520737,1.864864864864865,12800.0,128.0,-1300.0,-13.0,14.695852534562212,102,115,38.0,90.0,69,148,0,458.71889400922015,536,244,0
upstream,4.0,xauusd,M15,21007,2025-09-30 22:00:00+00:00,2026-08-21 20:30:00+00:00,138,50,88,36.231884057971016,112.0,0.8115942028985508,2.272727272727273,11200.0,112.00000000000001,-1000.0,-10.0,7.608695652173913,75,63,60.0,52.0,50,88,0,553.4855072463783,608,143,0
upstream,4.0,xauusd,H1,21516,2023-01-02 23:00:00+00:00,2026-08-21 20:00:00+00:00,150,57,93,38.0,134.99999999999994,0.8999999999999996,2.4516129032258056,13499.999999999993,134.99999999999991,-1400.0,-14.000000000000002,10.673333333333334,80,70,64.99999999999993,70.0,57,93,0,504.2533333333339,618,159,0
upstream,4.0,xauusd,H4,21049,2013-01-02 03:00:00+00:00,2026-08-21 18:00:00+00:00,150,57,93,38.0,135.0,0.9,2.4516129032258065,13500.0,135.0,-1100.0,-11.0,7.6066666666666665,85,65,105.0,30.0,57,93,0,532.0933333333326,647,158,0
upstream,4.0,xauusd,D1,8787,1992-08-18 00:00:00+00:00,2026-08-21 00:00:00+00:00,46,23,23,50.0,69.0,1.5,4.0,6900.0,69.0,-600.0,-6.0,13.652173913043478,29,17,61.0,8.0,23,23,0,491.1739130434804,269,53,0
upstream,5.0,audusd,M1,25361,2026-08-09 21:05:00+00:00,2026-09-03 05:38:00+00:00,0,0,0,,0.0,,,0.0,0.0,0.0,0.0,,0,0,0.0,0.0,0,0,0,,0,0,0
upstream,5.0,audusd,M5,20095,2026-05-17 21:05:00+00:00,2026-08-21 20:55:00+00:00,3,2,1,66.66666666666666,9.0,3.0,10.0,900.0,9.0,0.0,0.0,3893.6666666666665,2,1,4.0,5.0,2,1,0,312.9999999999966,5,5,0
upstream,5.0,audusd,M15,22176,2025-09-30 21:00:00+00:00,2026-08-21 20:45:00+00:00,12,3,9,25.0,6.0,0.5,1.6666666666666667,600.0,6.0,-700.0,-7.000000000000001,734.25,10,2,8.0,-2.0,3,9,0,328.9999999999987,26,16,0
upstream,5.0,audusd,H1,22655,2023-01-01 23:00:00+00:00,2026-08-21 20:00:00+00:00,80,15,65,18.75,10.0,0.125,1.1538461538461537,1000.0,10.0,-1700.0,-17.0,90.1125,38,42,10.0,0.0,15,65,0,268.87499999999966,166,105,0
upstream,5.0,audusd,H4,21210,2013-01-01 22:00:00+00:00,2026-08-21 17:00:00+00:00,196,54,142,27.55102040816326,126.27114967462037,0.6442405595643896,1.8892334484128197,12627.11496746204,126.27114967462039,-1300.0,-13.0,46.01020408163265,104,92,32.27114967462039,94.0,53,142,1,438.02551020408106,485,286,0
upstream,5.0,audusd,D1,6301,2002-05-07 00:00:00+00:00,2026-08-21 00:00:00+00:00,67,20,47,29.850746268656714,53.0,0.7910447761194029,2.127659574468085,5300.0,53.0,-1000.0,-10.0,17.73134328358209,39,28,27.0,26.0,20,47,0,514.3805970149244,216,74,0
upstream,5.0,eurgbp,M1,24741,2026-08-09 21:05:00+00:00,2026-09-03 05:37:00+00:00,0,0,0,,0.0,,,0.0,0.0,0.0,0.0,,0,0,0.0,0.0,0,0,0,,0,0,0
upstream,5.0,eurgbp,M5,20103,2026-05-17 21:05:00+00:00,2026-08-21 20:55:00+00:00,0,0,0,,0.0,,,0.0,0.0,0.0,0.0,,0,0,0.0,0.0,0,0,0,,0,0,0
upstream,5.0,eurgbp,M15,22176,2025-09-30 21:00:00+00:00,2026-08-21 20:45:00+00:00,4,2,2,50.0,8.0,2.0,5.0,800.0,8.0,-100.0,-1.0,771.0,2,2,4.0,4.0,2,2,0,254.50000000000472,6,4,0
upstream,5.0,eurgbp,H1,22655,2023-01-01 23:00:00+00:00,2026-08-21 20:00:00+00:00,35,6,29,17.142857142857142,1.0,0.02857142857142857,1.0344827586206897,100.0,1.0,-1800.0,-18.0,229.31428571428572,19,16,5.0,-4.0,6,29,0,274.1428571428573,55,38,0
upstream,5.0,eurgbp,H4,21210,2013-01-01 22:00:00+00:00,2026-08-21 17:00:00+00:00,146,29,117,19.863013698630137,28.0,0.1917808219178082,1.2393162393162394,2800.0,28.000000000000004,-4000.0,-40.0,64.12328767123287,76,70,8.0,20.0,29,117,0,422.66438356164304,358,227,0
upstream,5.0,eurgbp,D1,6301,2002-05-08 00:00:00+00:00,2026-08-21 00:00:00+00:00,64,24,40,37.5,80.9665071770335,1.2651016746411485,3.07428291247855,8096.650717703351,80.9665071770335,-700.0,-7.000000000000001,18.296875,27,37,45.0,35.966507177033506,24,39,1,493.17968750000017,183,77,0
upstream,5.0,eurusd,M1,25837,2026-08-09 21:05:00+00:00,2026-09-03 05:39:00+00:00,0,0,0,,0.0,,,0.0,0.0,0.0,0.0,,0,0,0.0,0.0,0,0,0,,0,0,0
upstream,5.0,eurusd,M5,20103,2026-05-17 21:05:00+00:00,2026-08-21 20:55:00+00:00,5,1,4,20.0,1.0,0.2,1.25,100.0,1.0,-200.0,-2.0,920.4,3,2,-3.0,4.0,1,4,0,269.4000000000018,7,7,0
upstream,5.0,eurusd,M15,22176,2025-09-30 21:00:00+00:00,2026-08-21 20:45:00+00:00,20,5,15,25.0,5.289617486338795,0.26448087431693973,1.3526411657559196,528.9617486338794,5.289617486338794,-500.0,-5.0,171.2,10,10,-2.7103825136612056,8.0,4,15,1,194.30000000000283,30,22,0
upstream,5.0,eurusd,H1,22655,2023-01-01 23:00:00+00:00,2026-08-21 20:00:00+00:00,81,20,61,24.691358024691358,39.0,0.48148148148148145,1.639344262295082,3900.0,39.0,-1400.0,-14.000000000000002,94.11111111111111,38,43,22.0,17.0,20,61,0,353.8518518518525,189,110,0
upstream,5.0,eurusd,H4,21210,2013-01-01 22:00:00+00:00,2026-08-21 17:00:00+00:00,171,43,128,25.146198830409354,86.99999999999999,0.5087719298245613,1.6796875,8699.999999999998,86.99999999999997,-1400.0,-14.000000000000002,42.60818713450293,85,86,52.999999999999986,34.0,43,128,0,480.8684210526321,493,264,0
upstream,5.0,eurusd,D1,6307,2002-05-07 00:00:00+00:00,2026-08-21 00:00:00+00:00,50,14,36,28.000000000000004,34.0,0.68,1.9444444444444444,3400.0,34.0,-800.0,-8.0,6.6,26,24,4.0,30.0,14,36,0,565.8799999999983,228,51,0
upstream,5.0,gbpusd,M1,26114,2026-08-09 21:07:00+00:00,2026-09-03 05:38:00+00:00,0,0,0,,0.0,,,0.0,0.0,0.0,0.0,,0,0,0.0,0.0,0,0,0,,1,0,0
upstream,5.0,gbpusd,M5,20086,2026-05-17 21:05:00+00:00,2026-08-21 20:55:00+00:00,4,2,2,50.0,8.0,2.0,5.0,800.0,8.0,-100.0,-1.0,1431.0,3,1,3.0,5.0,2,2,0,317.2500000000022,8,6,0
upstream,5.0,gbpusd,M15,22174,2025-09-30 21:00:00+00:00,2026-08-21 20:45:00+00:00,48,8,40,16.666666666666664,-4.272357723577258,-0.0890074525745262,0.8931910569105685,-427.23577235772586,-4.272357723577259,-1200.0,-12.0,121.9375,29,19,2.727642276422742,-7.0,7,40,1,248.24999999999753,82,60,0
upstream,5.0,gbpusd,H1,22655,2023-01-01 23:00:00+00:00,2026-08-21 20:00:00+00:00,115,24,91,20.869565217391305,29.0,0.25217391304347825,1.3186813186813187,2900.0,28.999999999999996,-1400.0,-14.000000000000002,52.391304347826086,63,52,9.0,20.0,24,91,0,339.72173913043525,248,153,0
upstream,5.0,gbpusd,H4,21210,2013-01-01 22:00:00+00:00,2026-08-21 17:00:00+00:00,192,44,148,22.916666666666664,68.08510638297876,0.3546099290780144,1.4600345025876944,6808.5106382978765,68.08510638297876,-2300.0,-23.0,28.447916666666668,102,90,50.085106382978765,18.0,43,148,1,525.372395833334,547,246,0
upstream,5.0,gbpusd,D1,6311,2002-05-07 00:00:00+00:00,2026-08-21 00:00:00+00:00,44,13,31,29.545454545454547,34.0,0.7727272727272727,2.096774193548387,3400.0,34.0,-800.0,-8.0,6.295454545454546,28,16,32.0,2.0,13,31,0,562.8749999999975,216,45,0
upstream,5.0,us100,M1,26000,2026-08-09 22:00:00+00:00,2026-09-03 05:36:00+00:00,75,20,55,26.666666666666668,45.0,0.6,1.8181818181818181,4500.0,45.0,-1000.0,-10.0,134.29333333333332,37,38,23.0,22.0,20,55,0,289.7733333333337,163,104,0
upstream,5.0,us100,M5,21307,2026-05-10 22:00:00+00:00,2026-08-21 20:55:00+00:00,172,39,133,22.674418604651162,62.37827715355812,0.3626644020555705,1.470347359502966,6237.827715355812,62.378277153558116,-1400.0,-14.000000000000002,32.593023255813954,89,83,7.378277153558124,55.0,39,132,1,422.4534883720941,404,213,0
upstream,5.0,us100,M15,21857,2025-09-30 21:00:00+00:00,2026-08-21 20:45:00+00:00,168,58,110,34.523809523809526,180.0,1.0714285714285714,2.6363636363636362,18000.0,180.0,-1100.0,-11.0,22.273809523809526,97,71,89.0,91.0,58,110,0,409.755952380952,466,202,0
upstream,5.0,us100,H1,21841,2023-01-02 23:00:00+00:00,2026-08-21 20:00:00+00:00,144,46,98,31.944444444444443,132.0,0.9166666666666666,2.3469387755102042,13200.0,132.0,-1100.0,-11.0,11.479166666666666,95,49,73.0,59.0,46,98,0,491.9999999999994,543,157,0
upstream,5.0,us100,H4,14187,2017-04-30 22:00:00+00:00,2026-08-21 17:00:00+00:00,79,27,52,34.177215189873415,83.00000000000003,1.0506329113924053,2.5961538461538467,8300.000000000002,83.00000000000001,-900.0,-9.0,25.556962025316455,61,18,53.00000000000002,30.0,27,52,0,583.7721518987336,440,101,0
upstream,5.0,us100,D1,2897,2015-04-20 00:00:00+00:00,2026-08-21 00:00:00+00:00,18,8,10,44.44444444444444,30.0,1.6666666666666667,4.0,3000.0,30.0,-400.0,-4.0,5.888888888888889,14,4,22.0,8.0,8,10,0,508.6111111111086,95,19,0
upstream,5.0,us30,M1,25717,2026-08-09 22:00:00+00:00,2026-09-03 05:37:00+00:00,63,15,48,23.809523809523807,27.0,0.42857142857142855,1.5625,2700.0,27.0,-2200.0,-22.0,90.11111111111111,36,27,12.0,15.0,15,48,0,251.55555555555716,133,82,0
upstream,5.0,us30,M5,21299,2026-05-10 22:00:00+00:00,2026-08-21 20:55:00+00:00,128,35,93,27.34375,82.0,0.640625,1.881720430107527,8200.0,82.0,-1200.0,-12.0,45.9921875,69,59,33.0,49.0,35,93,0,392.60937499999955,323,167,0
upstream,5.0,us30,M15,21855,2025-09-30 21:00:00+00:00,2026-08-21 20:45:00+00:00,159,47,112,29.559748427672954,123.0,0.7735849056603774,2.0982142857142856,12300.0,123.0,-1500.0,-15.0,12.981132075471699,85,74,53.0,70.0,47,112,0,402.25786163522343,454,169,0
upstream,5.0,us30,H1,21841,2023-01-02 23:00:00+00:00,2026-08-21 20:00:00+00:00,151,56,95,37.086092715231786,185.0,1.2251655629139073,2.9473684210526314,18500.0,185.0,-600.0,-6.0,8.013245033112582,88,63,110.0,75.0,56,95,0,511.13907284768,601,155,0
upstream,5.0,us30,H4,14102,2017-04-30 22:00:00+00:00,2026-08-21 17:00:00+00:00,37,10,27,27.027027027027028,23.0,0.6216216216216216,1.8518518518518519,2300.0,23.0,-1000.0,-10.0,5.864864864864865,29,8,31.0,-8.0,10,27,0,547.243243243246,423,38,0
upstream,5.0,us30,D1,2403,2017-05-01 00:00:00+00:00,2026-08-21 00:00:00+00:00,5,2,3,40.0,7.0,1.4,3.3333333333333335,700.0,7.000000000000001,-200.0,-2.0,1.2,4,1,2.0,5.0,2,3,0,400.99999999998545,92,5,0
upstream,5.0,us500,M1,25481,2026-08-09 22:00:00+00:00,2026-09-03 05:36:00+00:00,0,0,0,,0.0,,,0.0,0.0,0.0,0.0,,0,0,0.0,0.0,0,0,0,,0,0,0
upstream,5.0,us500,M5,21257,2026-05-10 22:00:00+00:00,2026-08-21 20:55:00+00:00,12,3,9,25.0,6.0,0.5,1.6666666666666667,600.0,6.0,-600.0,-6.0,67.33333333333333,6,6,-6.0,12.0,3,9,0,257.0833333333333,16,12,0
upstream,5.0,us500,M15,21838,2025-09-30 21:00:00+00:00,2026-08-21 20:45:00+00:00,36,7,29,19.444444444444446,6.0,0.16666666666666666,1.206896551724138,600.0,6.0,-800.0,-8.0,233.58333333333334,16,20,8.0,-2.0,7,29,0,302.666666666666,84,55,0
upstream,5.0,us500,H1,21826,2023-01-02 23:00:00+00:00,2026-08-21 20:00:00+00:00,72,17,55,23.61111111111111,30.0,0.4166666666666667,1.5454545454545454,3000.0,30.0,-1000.0,-10.0,104.02777777777777,32,40,34.0,-4.0,17,55,0,367.93055555555475,169,117,0
upstream,5.0,us500,H4,14186,2017-04-30 22:00:00+00:00,2026-08-21 17:00:00+00:00,95,25,70,26.31578947368421,55.000000000000014,0.5789473684210528,1.7857142857142858,5500.000000000001,55.00000000000001,-1400.0,-14.000000000000002,52.49473684210526,56,39,58.000000000000014,-3.0,25,70,0,434.78947368421035,243,151,0
upstream,5.0,us500,D1,6991,1999-02-18 00:00:00+00:00,2026-08-21 00:00:00+00:00,45,12,33,26.666666666666668,27.0,0.6,1.8181818181818181,2700.0,27.0,-1000.0,-10.0,38.333333333333336,32,13,22.0,5.0,12,33,0,419.62222222222204,151,65,0
upstream,5.0,xauusd,M1,25229,2026-08-09 22:01:00+00:00,2026-09-03 05:37:00+00:00,210,55,155,26.190476190476193,120.0,0.5714285714285714,1.7741935483870968,12000.0,120.0,-1900.0,-19.0,47.166666666666664,104,106,58.0,62.0,55,155,0,357.5476190476218,509,303,0
upstream,5.0,xauusd,M5,20564,2026-05-10 22:00:00+00:00,2026-08-21 20:40:00+00:00,203,56,147,27.586206896551722,133.0,0.6551724137931034,1.9047619047619047,13300.0,133.0,-1700.0,-17.0,18.423645320197043,95,108,43.0,90.0,56,147,0,464.5123152709386,536,244,0
upstream,5.0,xauusd,M15,21007,2025-09-30 22:00:00+00:00,2026-08-21 20:30:00+00:00,138,44,94,31.88405797101449,126.0,0.9130434782608695,2.3404255319148937,12600.0,126.0,-1000.0,-10.0,8.666666666666666,75,63,51.0,75.0,44,94,0,553.4855072463783,608,143,0
upstream,5.0,xauusd,H1,21516,2023-01-02 23:00:00+00:00,2026-08-21 20:00:00+00:00,149,47,102,31.543624161073826,133.0,0.8926174496644296,2.303921568627451,13300.0,133.0,-1400.0,-14.000000000000002,12.899328859060402,79,70,59.0,74.0,47,102,0,504.12751677852407,618,159,0
upstream,5.0,xauusd,H4,21049,2013-01-02 03:00:00+00:00,2026-08-21 18:00:00+00:00,144,48,96,33.33333333333333,144.0,1.0,2.5,14400.0,144.0,-1800.0,-18.0,11.208333333333334,82,62,110.0,34.0,48,96,0,529.4583333333326,647,158,0
upstream,5.0,xauusd,D1,8787,1992-08-18 00:00:00+00:00,2026-08-21 00:00:00+00:00,47,19,28,40.42553191489361,67.0,1.425531914893617,3.392857142857143,6700.0,67.0,-600.0,-6.0,13.97872340425532,30,17,54.0,13.0,19,28,0,481.74468085106577,269,53,0
upstream,6.0,audusd,M1,25361,2026-08-09 21:05:00+00:00,2026-09-03 05:38:00+00:00,0,0,0,,0.0,,,0.0,0.0,0.0,0.0,,0,0,0.0,0.0,0,0,0,,0,0,0
upstream,6.0,audusd,M5,20095,2026-05-17 21:05:00+00:00,2026-08-21 20:55:00+00:00,3,2,1,66.66666666666666,10.647887323943774,3.549295774647925,11.647887323943774,1064.7887323943773,10.647887323943774,0.0,0.0,4015.6666666666665,2,1,4.647887323943773,6.0,1,1,1,312.9999999999966,5,5,0
upstream,6.0,audusd,M15,22176,2025-09-30 21:00:00+00:00,2026-08-21 20:45:00+00:00,14,3,11,21.428571428571427,6.116504854368867,0.4368932038834905,1.5560458958517154,611.6504854368867,6.116504854368867,-700.0,-7.000000000000001,286.0,10,4,10.116504854368866,-4.0,2,11,1,254.85714285714238,26,16,0
upstream,6.0,audusd,H1,22655,2023-01-01 23:00:00+00:00,2026-08-21 20:00:00+00:00,78,14,64,17.94871794871795,20.0,0.2564102564102564,1.3125,2000.0,20.0,-1800.0,-18.0,95.43589743589743,36,42,13.0,7.0,14,64,0,266.333333333333,166,105,0
upstream,6.0,audusd,H4,21210,2013-01-01 22:00:00+00:00,2026-08-21 17:00:00+00:00,177,39,138,22.033898305084744,93.27114967462039,0.5269556478792112,1.6758778961929013,9327.11496746204,93.27114967462039,-1200.0,-12.0,57.045197740113,94,83,15.271149674620384,78.0,38,138,1,441.73446327683575,485,286,0
upstream,6.0,audusd,D1,6301,2002-05-07 00:00:00+00:00,2026-08-21 00:00:00+00:00,67,17,50,25.37313432835821,52.0,0.7761194029850746,2.04,5200.0,52.0,-1100.0,-11.0,18.402985074626866,39,28,38.0,14.0,17,50,0,514.3805970149244,216,74,0
upstream,6.0,eurgbp,M1,24741,2026-08-09 21:05:00+00:00,2026-09-03 05:37:00+00:00,0,0,0,,0.0,,,0.0,0.0,0.0,0.0,,0,0,0.0,0.0,0,0,0,,0,0,0
upstream,6.0,eurgbp,M5,20103,2026-05-17 21:05:00+00:00,2026-08-21 20:55:00+00:00,0,0,0,,0.0,,,0.0,0.0,0.0,0.0,,0,0,0.0,0.0,0,0,0,,0,0,0
upstream,6.0,eurgbp,M15,22176,2025-09-30 21:00:00+00:00,2026-08-21 20:45:00+00:00,2,0,2,0.0,-2.0,-1.0,0.0,-200.0,-2.0,-100.0,-1.0,2494.0,2,0,-2.0,0.0,0,2,0,242.0000000000033,6,4,0
upstream,6.0,eurgbp,H1,22655,2023-01-01 23:00:00+00:00,2026-08-21 20:00:00+00:00,35,6,29,17.142857142857142,7.0,0.2,1.2413793103448276,700.0,7.000000000000001,-1700.0,-17.0,231.05714285714285,19,16,9.0,-2.0,6,29,0,274.1428571428573,55,38,0
upstream,6.0,eurgbp,H4,21210,2013-01-01 22:00:00+00:00,2026-08-21 17:00:00+00:00,145,29,116,20.0,53.7272727272727,0.37053291536050137,1.4631661442006265,5372.72727272727,53.7272727272727,-4300.0,-43.0,67.4,74,71,17.0,36.7272727272727,28,116,1,424.67241379310275,358,227,0
upstream,6.0,eurgbp,D1,6301,2002-05-08 00:00:00+00:00,2026-08-21 00:00:00+00:00,63,21,42,33.33333333333333,84.9665071770335,1.34867471709577,3.070662313432836,8496.65071770335,84.9665071770335,-803.3492822966509,-8.03349282296651,21.317460317460316,26,37,51.0,33.966507177033506,21,41,1,490.38888888888897,183,77,0
upstream,6.0,eurusd,M1,25837,2026-08-09 21:05:00+00:00,2026-09-03 05:39:00+00:00,0,0,0,,0.0,,,0.0,0.0,0.0,0.0,,0,0,0.0,0.0,0,0,0,,0,0,0
upstream,6.0,eurusd,M5,20103,2026-05-17 21:05:00+00:00,2026-08-21 20:55:00+00:00,5,1,4,20.0,2.0,0.4,1.5,200.0,2.0,-200.0,-2.0,936.2,3,2,-3.0,5.0,1,4,0,269.4000000000018,7,7,0
upstream,6.0,eurusd,M15,22176,2025-09-30 21:00:00+00:00,2026-08-21 20:45:00+00:00,17,5,12,29.411764705882355,12.289617486338795,0.722918675666988,2.0241347905282328,1228.9617486338796,12.289617486338795,-500.0,-5.0,274.4117647058824,8,9,0.28961748633879436,12.0,4,12,1,202.2352941176501,30,22,0
upstream,6.0,eurusd,H1,22655,2023-01-01 23:00:00+00:00,2026-08-21 20:00:00+00:00,77,18,59,23.376623376623375,49.0,0.6363636363636364,1.8305084745762712,4900.0,49.0,-1700.0,-17.0,112.2987012987013,35,42,28.0,21.0,18,59,0,339.97402597402726,189,110,0
upstream,6.0,eurusd,H4,21210,2013-01-01 22:00:00+00:00,2026-08-21 17:00:00+00:00,150,35,115,23.333333333333332,95.0,0.6333333333333333,1.826086956521739,9500.0,95.0,-1400.0,-14.000000000000002,58.70666666666666,77,73,63.0,32.0,35,115,0,493.3799999999998,493,264,0
upstream,6.0,eurusd,D1,6307,2002-05-07 00:00:00+00:00,2026-08-21 00:00:00+00:00,50,12,38,24.0,34.0,0.68,1.894736842105263,3400.0,34.0,-1000.0,-10.0,8.5,26,24,2.0,32.0,12,38,0,565.8799999999983,228,51,0
upstream,6.0,gbpusd,M1,26114,2026-08-09 21:07:00+00:00,2026-09-03 05:38:00+00:00,0,0,0,,0.0,,,0.0,0.0,0.0,0.0,,0,0,0.0,0.0,0,0,0,,1,0,0
upstream,6.0,gbpusd,M5,20086,2026-05-17 21:05:00+00:00,2026-08-21 20:55:00+00:00,4,1,3,25.0,3.0,0.75,2.0,300.0,3.0,-200.0,-2.0,3037.5,3,1,4.0,-1.0,1,3,0,317.2500000000022,8,6,0
upstream,6.0,gbpusd,M15,22174,2025-09-30 21:00:00+00:00,2026-08-21 20:45:00+00:00,46,8,38,17.391304347826086,4.727642276422742,0.10277483209614656,1.12441163885323,472.7642276422742,4.727642276422742,-1000.0,-10.0,139.47826086956522,28,18,8.727642276422742,-4.0,7,38,1,254.7826086956497,82,60,0
upstream,6.0,gbpusd,H1,22655,2023-01-01 23:00:00+00:00,2026-08-21 20:00:00+00:00,111,18,93,16.216216216216218,15.0,0.13513513513513514,1.1612903225806452,1500.0,15.0,-1300.0,-13.0,58.65765765765766,62,49,15.0,0.0,18,93,0,341.5135135135139,248,153,0
upstream,6.0,gbpusd,H4,21210,2013-01-01 22:00:00+00:00,2026-08-21 17:00:00+00:00,187,34,153,18.181818181818183,46.085106382978765,0.24644441916031426,1.3012098456403842,4608.510638297876,46.08510638297876,-2700.0,-27.0,32.20320855614973,99,88,29.08510638297876,17.0,33,153,1,523.965240641712,547,246,0
upstream,6.0,gbpusd,D1,6311,2002-05-07 00:00:00+00:00,2026-08-21 00:00:00+00:00,42,13,29,30.952380952380953,49.0,1.1666666666666667,2.689655172413793,4900.0,49.0,-700.0,-7.000000000000001,7.023809523809524,27,15,43.0,6.0,13,29,0,549.2261904761878,216,45,0
upstream,6.0,us100,M1,26000,2026-08-09 22:00:00+00:00,2026-09-03 05:36:00+00:00,54,11,43,20.37037037037037,23.0,0.42592592592592593,1.5348837209302326,2300.0,23.0,-1000.0,-10.0,243.22222222222223,27,27,15.0,8.0,11,43,0,321.0000000000003,163,104,0
upstream,6.0,us100,M5,21307,2026-05-10 22:00:00+00:00,2026-08-21 20:55:00+00:00,168,33,135,19.642857142857142,63.37827715355812,0.37725164972356023,1.4707878922768758,6337.827715355812,63.378277153558116,-1400.0,-14.000000000000002,35.23809523809524,87,81,11.378277153558123,52.0,33,134,1,420.9642857142864,404,213,0
upstream,6.0,us100,M15,21857,2025-09-30 21:00:00+00:00,2026-08-21 20:45:00+00:00,161,46,115,28.57142857142857,161.0,1.0,2.4,16100.0,161.0,-2400.0,-24.0,26.316770186335404,95,66,94.0,67.0,46,115,0,405.5341614906829,466,202,0
upstream,6.0,us100,H1,21841,2023-01-02 23:00:00+00:00,2026-08-21 20:00:00+00:00,139,37,102,26.618705035971225,120.0,0.8633093525179856,2.176470588235294,12000.0,120.0,-1200.0,-12.0,14.906474820143885,92,47,76.0,44.0,37,102,0,493.42446043165404,543,157,0
upstream,6.0,us100,H4,14187,2017-04-30 22:00:00+00:00,2026-08-21 17:00:00+00:00,78,22,56,28.205128205128204,76.00000000000001,0.9743589743589746,2.3571428571428577,7600.000000000002,76.00000000000003,-1100.0,-11.0,26.743589743589745,61,17,44.000000000000014,32.0,22,56,0,577.9487179487177,440,101,0
upstream,6.0,us100,D1,2897,2015-04-20 00:00:00+00:00,2026-08-21 00:00:00+00:00,18,8,10,44.44444444444444,38.0,2.111111111111111,4.8,3800.0,38.0,-400.0,-4.0,6.833333333333333,14,4,28.0,10.0,8,10,0,508.6111111111086,95,19,0
upstream,6.0,us30,M1,25717,2026-08-09 22:00:00+00:00,2026-09-03 05:37:00+00:00,62,13,49,20.967741935483872,29.0,0.46774193548387094,1.5918367346938775,2900.0,28.999999999999996,-2500.0,-25.0,109.7258064516129,35,27,7.0,22.0,13,49,0,252.22580645161455,133,82,0
upstream,6.0,us30,M5,21299,2026-05-10 22:00:00+00:00,2026-08-21 20:55:00+00:00,124,32,92,25.806451612903224,98.02727272727273,0.7905425219941349,2.0655138339920946,9802.727272727272,98.02727272727272,-1200.0,-12.0,50.88709677419355,67,57,43.02727272727273,55.0,31,92,1,393.5806451612904,323,167,0
upstream,6.0,us30,M15,21855,2025-09-30 21:00:00+00:00,2026-08-21 20:45:00+00:00,156,40,116,25.64102564102564,122.2577030812324,0.7837032248796949,2.0539457162175205,12225.770308123241,122.2577030812324,-1500.0,-15.0,14.762820512820513,84,72,40.25770308123241,82.0,39,116,1,397.403846153849,454,169,0
upstream,6.0,us30,H1,21841,2023-01-02 23:00:00+00:00,2026-08-21 20:00:00+00:00,149,54,95,36.241610738255034,229.0,1.5369127516778522,3.4105263157894736,22900.0,229.0,-900.0,-9.0,10.161073825503356,87,62,130.0,99.0,54,95,0,510.55033557046767,601,155,0
upstream,6.0,us30,H4,14102,2017-04-30 22:00:00+00:00,2026-08-21 17:00:00+00:00,37,9,28,24.324324324324326,26.0,0.7027027027027027,1.9285714285714286,2600.0,26.0,-1000.0,-10.0,6.405405405405405,29,8,34.0,-8.0,9,28,0,547.243243243246,423,38,0
upstream,6.0,us30,D1,2403,2017-05-01 00:00:00+00:00,2026-08-21 00:00:00+00:00,5,2,3,40.0,9.0,1.8,4.0,900.0,9.0,-200.0,-2.0,1.2,4,1,3.0,6.0,2,3,0,400.99999999998545,92,5,0
upstream,6.0,us500,M1,25481,2026-08-09 22:00:00+00:00,2026-09-03 05:36:00+00:00,0,0,0,,0.0,,,0.0,0.0,0.0,0.0,,0,0,0.0,0.0,0,0,0,,0,0,0
upstream,6.0,us500,M5,21257,2026-05-10 22:00:00+00:00,2026-08-21 20:55:00+00:00,12,3,9,25.0,9.0,0.75,2.0,900.0,9.0,-600.0,-6.0,68.66666666666667,6,6,-6.0,15.0,3,9,0,257.0833333333333,16,12,0
upstream,6.0,us500,M15,21838,2025-09-30 21:00:00+00:00,2026-08-21 20:45:00+00:00,29,3,26,10.344827586206897,-8.0,-0.27586206896551724,0.6923076923076923,-800.0,-8.0,-1100.0,-11.0,344.51724137931035,15,14,-1.0,-7.0,3,26,0,281.37931034482756,84,55,0
upstream,6.0,us500,H1,21826,2023-01-02 23:00:00+00:00,2026-08-21 20:00:00+00:00,72,15,57,20.833333333333336,33.0,0.4583333333333333,1.5789473684210527,3300.0,33.0,-1000.0,-10.0,116.79166666666667,32,40,38.0,-5.0,15,57,0,367.93055555555475,169,117,0
upstream,6.0,us500,H4,14186,2017-04-30 22:00:00+00:00,2026-08-21 17:00:00+00:00,92,20,72,21.73913043478261,48.0,0.5217391304347826,1.6666666666666667,4800.0,48.0,-2000.0,-20.0,60.01086956521739,56,36,56.0,-8.0,20,72,0,422.33695652173895,243,151,0
upstream,6.0,us500,D1,6991,1999-02-18 00:00:00+00:00,2026-08-21 00:00:00+00:00,43,10,33,23.25581395348837,27.0,0.627906976744186,1.8181818181818181,2700.0,27.0,-1600.0,-16.0,49.348837209302324,31,12,25.0,2.0,10,33,0,421.0697674418603,151,65,0
upstream,6.0,xauusd,M1,25229,2026-08-09 22:01:00+00:00,2026-09-03 05:37:00+00:00,193,44,149,22.797927461139896,111.82589285714252,0.5794087712805311,1.7505093480345137,11182.589285714253,111.82589285714253,-2300.0,-23.0,61.689119170984455,95,98,55.82589285714253,56.0,43,149,1,361.32124352331857,509,303,0
upstream,6.0,xauusd,M5,20564,2026-05-10 22:00:00+00:00,2026-08-21 20:40:00+00:00,193,47,146,24.352331606217618,136.0,0.7046632124352331,1.9315068493150684,13600.0,136.0,-1600.0,-16.0,22.409326424870468,89,104,30.0,106.0,47,146,0,465.0829015544063,536,244,0
upstream,6.0,xauusd,M15,21007,2025-09-30 22:00:00+00:00,2026-08-21 20:30:00+00:00,138,39,99,28.26086956521739,135.0,0.9782608695652174,2.3636363636363638,13500.0,135.0,-1000.0,-10.0,10.347826086956522,75,63,44.0,91.0,39,99,0,553.4855072463783,608,143,0
upstream,6.0,xauusd,H1,21516,2023-01-02 23:00:00+00:00,2026-08-21 20:00:00+00:00,147,45,102,30.612244897959183,168.00000000000006,1.1428571428571432,2.6470588235294126,16800.000000000007,168.00000000000009,-1400.0,-14.000000000000002,15.204081632653061,79,68,75.00000000000007,93.0,45,102,0,509.9047619047623,618,159,0
upstream,6.0,xauusd,H4,21049,2013-01-02 03:00:00+00:00,2026-08-21 18:00:00+00:00,144,46,98,31.944444444444443,178.0,1.2361111111111112,2.816326530612245,17800.0,178.0,-1700.0,-17.0,12.840277777777779,82,62,135.0,43.0,46,98,0,529.4583333333326,647,158,0
upstream,6.0,xauusd,D1,8787,1992-08-18 00:00:00+00:00,2026-08-21 00:00:00+00:00,46,17,29,36.95652173913043,73.0,1.5869565217391304,3.5172413793103448,7300.0,73.0,-500.0,-5.0,15.73913043478261,30,16,54.0,19.0,17,29,0,483.30434782608893,269,53,0
upstream,8.0,audusd,M1,25361,2026-08-09 21:05:00+00:00,2026-09-03 05:38:00+00:00,0,0,0,,0.0,,,0.0,0.0,0.0,0.0,,0,0,0.0,0.0,0,0,0,,0,0,0
upstream,8.0,audusd,M5,20095,2026-05-17 21:05:00+00:00,2026-08-21 20:55:00+00:00,2,0,2,0.0,-2.0,-1.0,0.0,-200.0,-2.0,-100.0,-1.0,5460.5,1,1,-1.0,-1.0,0,2,0,256.4999999999984,5,5,0
upstream,8.0,audusd,M15,22176,2025-09-30 21:00:00+00:00,2026-08-21 20:45:00+00:00,14,3,11,21.428571428571427,10.116504854368866,0.7226074895977762,1.919682259488079,1011.6504854368867,10.116504854368866,-700.0,-7.000000000000001,307.35714285714283,10,4,14.116504854368866,-4.0,2,11,1,254.85714285714238,26,16,0
upstream,8.0,audusd,H1,22655,2023-01-01 23:00:00+00:00,2026-08-21 20:00:00+00:00,71,10,61,14.084507042253522,19.0,0.2676056338028169,1.3114754098360655,1900.0,19.0,-1900.0,-19.0,121.83098591549296,35,36,10.0,9.0,10,61,0,267.4788732394363,166,105,0
upstream,8.0,audusd,H4,21210,2013-01-01 22:00:00+00:00,2026-08-21 17:00:00+00:00,156,30,126,19.230769230769234,109.27114967462037,0.700456087657823,1.8672313466239714,10927.11496746204,109.27114967462039,-1700.0,-17.0,72.0576923076923,82,74,30.271149674620386,79.0,29,126,1,442.6217948717945,485,286,0
upstream,8.0,audusd,D1,6301,2002-05-07 00:00:00+00:00,2026-08-21 00:00:00+00:00,66,16,50,24.242424242424242,78.0,1.1818181818181819,2.56,7800.0,78.0,-1100.0,-11.0,19.696969696969695,38,28,52.0,26.0,16,50,0,515.1439393939384,216,74,0
upstream,8.0,eurgbp,M1,24741,2026-08-09 21:05:00+00:00,2026-09-03 05:37:00+00:00,0,0,0,,0.0,,,0.0,0.0,0.0,0.0,,0,0,0.0,0.0,0,0,0,,0,0,0
upstream,8.0,eurgbp,M5,20103,2026-05-17 21:05:00+00:00,2026-08-21 20:55:00+00:00,0,0,0,,0.0,,,0.0,0.0,0.0,0.0,,0,0,0.0,0.0,0,0,0,,0,0,0
upstream,8.0,eurgbp,M15,22176,2025-09-30 21:00:00+00:00,2026-08-21 20:45:00+00:00,2,0,2,0.0,-2.0,-1.0,0.0,-200.0,-2.0,-100.0,-1.0,2494.0,2,0,-2.0,0.0,0,2,0,242.0000000000033,6,4,0
upstream,8.0,eurgbp,H1,22655,2023-01-01 23:00:00+00:00,2026-08-21 20:00:00+00:00,33,2,31,6.0606060606060606,-15.0,-0.45454545454545453,0.5161290322580645,-1500.0,-15.0,-3000.0,-30.0,306.06060606060606,18,15,-9.0,-6.0,2,31,0,274.18181818181847,55,38,0
upstream,8.0,eurgbp,H4,21210,2013-01-01 22:00:00+00:00,2026-08-21 17:00:00+00:00,119,13,106,10.92436974789916,-8.272727272727302,-0.06951871657754036,0.9219554030874784,-827.2727272727302,-8.272727272727302,-4300.0,-43.0,98.26890756302521,56,63,-20.0,11.727272727272698,12,106,1,433.72689075630205,358,227,0
upstream,8.0,eurgbp,D1,6301,2002-05-08 00:00:00+00:00,2026-08-21 00:00:00+00:00,52,10,42,19.230769230769234,38.966507177033506,0.7493559072506444,1.9496268656716422,3896.6507177033504,38.966507177033506,-803.3492822966491,-8.03349282296649,44.86538461538461,21,31,24.0,14.966507177033504,10,41,1,496.58653846153874,183,77,0
upstream,8.0,eurusd,M1,25837,2026-08-09 21:05:00+00:00,2026-09-03 05:39:00+00:00,0,0,0,,0.0,,,0.0,0.0,0.0,0.0,,0,0,0.0,0.0,0,0,0,,0,0,0
upstream,8.0,eurusd,M5,20103,2026-05-17 21:05:00+00:00,2026-08-21 20:55:00+00:00,3,0,3,0.0,-3.0,-1.0,0.0,-300.0,-3.0,-200.0,-2.0,5105.666666666667,2,1,-2.0,-1.0,0,3,0,231.0000000000034,7,7,0
upstream,8.0,eurusd,M15,22176,2025-09-30 21:00:00+00:00,2026-08-21 20:45:00+00:00,16,4,12,25.0,12.289617486338795,0.7681010928961747,2.0241347905282328,1228.9617486338793,12.289617486338793,-700.0,-7.000000000000001,314.25,8,8,2.2896174863387944,10.0,3,12,1,204.87500000000296,30,22,0
upstream,8.0,eurusd,H1,22655,2023-01-01 23:00:00+00:00,2026-08-21 20:00:00+00:00,69,12,57,17.391304347826086,39.0,0.5652173913043478,1.6842105263157894,3900.0,39.0,-1600.0,-16.0,145.7536231884058,30,39,33.0,6.0,12,57,0,349.43478260869614,189,110,0
upstream,8.0,eurusd,H4,21210,2013-01-01 22:00:00+00:00,2026-08-21 17:00:00+00:00,128,23,105,17.96875,79.0,0.6171875,1.7523809523809524,7900.0,79.0,-1500.0,-15.0,78.4453125,66,62,51.0,28.0,23,105,0,488.9062499999998,493,264,0
upstream,8.0,eurusd,D1,6307,2002-05-07 00:00:00+00:00,2026-08-21 00:00:00+00:00,50,12,38,24.0,58.0,1.16,2.526315789473684,5800.0,57.99999999999999,-800.0,-8.0,10.1,26,24,10.0,48.0,12,38,0,565.8799999999983,228,51,0
upstream,8.0,gbpusd,M1,26114,2026-08-09 21:07:00+00:00,2026-09-03 05:38:00+00:00,0,0,0,,0.0,,,0.0,0.0,0.0,0.0,,0,0,0.0,0.0,0,0,0,,1,0,0
upstream,8.0,gbpusd,M5,20086,2026-05-17 21:05:00+00:00,2026-08-21 20:55:00+00:00,4,1,3,25.0,5.0,1.25,2.6666666666666665,500.0,5.0,-200.0,-2.0,3308.75,3,1,6.0,-1.0,1,3,0,317.2500000000022,8,6,0
upstream,8.0,gbpusd,M15,22174,2025-09-30 21:00:00+00:00,2026-08-21 20:45:00+00:00,37,3,34,8.108108108108109,-17.272357723577258,-0.4668204790156016,0.49198947871831594,-1727.2357723577259,-17.272357723577258,-1900.0,-19.0,240.75675675675674,21,16,-1.272357723577258,-16.0,2,34,1,282.97297297297126,82,60,0
upstream,8.0,gbpusd,H1,22655,2023-01-01 23:00:00+00:00,2026-08-21 20:00:00+00:00,97,10,87,10.309278350515463,-7.0,-0.07216494845360824,0.9195402298850575,-700.0,-7.000000000000001,-2300.0,-23.0,87.17525773195877,52,45,11.0,-18.0,10,87,0,342.28865979381504,248,153,0
upstream,8.0,gbpusd,H4,21210,2013-01-01 22:00:00+00:00,2026-08-21 17:00:00+00:00,182,27,155,14.835164835164836,54.085106382978765,0.297170914192191,1.3489361702127662,5408.5106382978765,54.085106382978765,-3600.0,-36.0,37.57692307692308,95,87,51.085106382978765,3.0,26,155,1,528.76098901099,547,246,0
upstream,8.0,gbpusd,D1,6311,2002-05-07 00:00:00+00:00,2026-08-21 00:00:00+00:00,40,8,32,20.0,29.98888888888906,0.7497222222222265,1.937152777777783,2998.888888888906,29.988888888889058,-800.0,-8.0,9.45,25,15,17.98888888888906,12.0,7,32,1,542.0124999999974,216,45,0
upstream,8.0,us100,M1,26000,2026-08-09 22:00:00+00:00,2026-09-03 05:36:00+00:00,53,6,47,11.320754716981133,1.0,0.018867924528301886,1.0212765957446808,100.0,1.0,-2000.0,-20.0,269.8679245283019,25,28,11.0,-10.0,6,47,0,307.8867924528287,163,104,0
upstream,8.0,us100,M5,21307,2026-05-10 22:00:00+00:00,2026-08-21 20:55:00+00:00,163,27,136,16.56441717791411,80.37827715355812,0.4931182647457553,1.5926652122283291,8037.827715355812,80.37827715355812,-2000.0,-20.0,38.77300613496933,83,80,25.378277153558123,55.0,27,135,1,423.1288343558291,404,213,0
upstream,8.0,us100,M15,21857,2025-09-30 21:00:00+00:00,2026-08-21 20:45:00+00:00,155,38,117,24.516129032258064,184.02250351617448,1.1872419581688676,2.572841910394654,18402.250351617447,184.02250351617448,-2200.0,-22.0,31.63225806451613,90,65,99.0,85.02250351617448,37,117,1,398.2774193548382,466,202,0
upstream,8.0,us100,H1,21841,2023-01-02 23:00:00+00:00,2026-08-21 20:00:00+00:00,133,28,105,21.052631578947366,119.0,0.8947368421052632,2.1333333333333333,11900.0,119.0,-1500.0,-15.0,21.082706766917294,88,45,92.0,27.0,28,105,0,493.24812030075066,543,157,0
upstream,8.0,us100,H4,14187,2017-04-30 22:00:00+00:00,2026-08-21 17:00:00+00:00,76,20,56,26.31578947368421,103.99999999999999,1.3684210526315788,2.8571428571428568,10399.999999999998,103.99999999999999,-1400.0,-14.000000000000002,30.5,59,17,66.99999999999999,37.0,20,56,0,585.6842105263155,440,101,0
upstream,8.0,us100,D1,2897,2015-04-20 00:00:00+00:00,2026-08-21 00:00:00+00:00,17,6,11,35.294117647058826,37.0,2.176470588235294,4.363636363636363,3700.0,37.0,-400.0,-4.0,10.823529411764707,13,4,23.0,14.0,6,11,0,533.6470588235271,95,19,0
upstream,8.0,us30,M1,25717,2026-08-09 22:00:00+00:00,2026-09-03 05:37:00+00:00,48,8,40,16.666666666666664,24.0,0.5,1.6,2400.0,24.0,-2600.0,-26.0,214.3125,26,22,-8.0,32.0,8,40,0,261.3125000000021,133,82,0
upstream,8.0,us30,M5,21299,2026-05-10 22:00:00+00:00,2026-08-21 20:55:00+00:00,122,27,95,22.131147540983605,117.02727272727273,0.9592399403874814,2.2318660287081338,11702.727272727272,117.02727272727272,-1200.0,-12.0,57.5655737704918,67,55,37.02727272727273,80.0,26,95,1,384.9590163934432,323,167,0
upstream,8.0,us30,M15,21855,2025-09-30 21:00:00+00:00,2026-08-21 20:45:00+00:00,150,36,114,24.0,170.25770308123242,1.1350513538748828,2.4934886235195823,17025.77030812324,170.2577030812324,-1300.0,-13.0,16.14,79,71,61.25770308123241,109.0,35,114,1,393.9466666666694,454,169,0
upstream,8.0,us30,H1,21841,2023-01-02 23:00:00+00:00,2026-08-21 20:00:00+00:00,145,40,105,27.586206896551722,215.0,1.4827586206896552,3.0476190476190474,21500.0,215.0,-1000.0,-10.0,14.393103448275863,85,60,140.0,75.0,40,105,0,512.910344827584,601,155,0
upstream,8.0,us30,H4,14102,2017-04-30 22:00:00+00:00,2026-08-21 17:00:00+00:00,37,8,29,21.62162162162162,35.0,0.9459459459459459,2.206896551724138,3500.0,35.0,-1000.0,-10.0,7.891891891891892,29,8,43.0,-8.0,8,29,0,547.243243243246,423,38,0
upstream,8.0,us30,D1,2403,2017-05-01 00:00:00+00:00,2026-08-21 00:00:00+00:00,5,1,4,20.0,4.0,0.8,2.0,400.0,4.0,-200.0,-2.0,1.6,4,1,-4.0,8.0,1,4,0,400.99999999998545,92,5,0
upstream,8.0,us500,M1,25481,2026-08-09 22:00:00+00:00,2026-09-03 05:36:00+00:00,0,0,0,,0.0,,,0.0,0.0,0.0,0.0,,0,0,0.0,0.0,0,0,0,,0,0,0
upstream,8.0,us500,M5,21257,2026-05-10 22:00:00+00:00,2026-08-21 20:55:00+00:00,12,3,9,25.0,15.0,1.25,2.6666666666666665,1500.0,15.0,-600.0,-6.0,69.83333333333333,6,6,-6.0,21.0,3,9,0,257.0833333333333,16,12,0
upstream,8.0,us500,M15,21838,2025-09-30 21:00:00+00:00,2026-08-21 20:45:00+00:00,29,3,26,10.344827586206897,-2.0,-0.06896551724137931,0.9230769230769231,-200.0,-2.0,-900.0,-9.0,351.6551724137931,15,14,3.0,-5.0,3,26,0,281.37931034482756,84,55,0
upstream,8.0,us500,H1,21826,2023-01-02 23:00:00+00:00,2026-08-21 20:00:00+00:00,70,13,57,18.571428571428573,47.0,0.6714285714285714,1.8245614035087718,4700.0,47.0,-1000.0,-10.0,136.74285714285713,31,39,50.0,-3.0,13,57,0,369.51428571428505,169,117,0
upstream,8.0,us500,H4,14186,2017-04-30 22:00:00+00:00,2026-08-21 17:00:00+00:00,84,17,67,20.238095238095237,69.0,0.8214285714285714,2.029850746268657,6900.0,69.0,-1600.0,-16.0,72.51190476190476,48,36,78.0,-9.0,17,67,0,437.30952380952397,243,151,0
upstream,8.0,us500,D1,6991,1999-02-18 00:00:00+00:00,2026-08-21 00:00:00+00:00,42,6,36,14.285714285714285,12.000000000000002,0.28571428571428575,1.3333333333333333,1200.0000000000002,12.000000000000002,-1600.0,-16.0,62.76190476190476,30,12,15.0,-3.0,6,36,0,418.33333333333314,151,65,0
upstream,8.0,xauusd,M1,25229,2026-08-09 22:01:00+00:00,2026-09-03 05:37:00+00:00,173,34,139,19.653179190751445,127.82589285714252,0.7388779933938874,1.9196107399794426,12782.589285714253,127.82589285714255,-1700.0,-17.0,78.09248554913295,87,86,51.82589285714253,76.0,33,139,1,373.3468208092518,509,303,0
upstream,8.0,xauusd,M5,20564,2026-05-10 22:00:00+00:00,2026-08-21 20:40:00+00:00,171,31,140,18.128654970760234,108.0,0.631578947368421,1.7714285714285714,10800.0,108.0,-3100.0,-31.0,32.91812865497076,81,90,27.0,81.0,31,140,0,472.77777777777925,536,244,0
upstream,8.0,xauusd,M15,21007,2025-09-30 22:00:00+00:00,2026-08-21 20:30:00+00:00,132,28,104,21.21212121212121,120.0,0.9090909090909091,2.1538461538461537,12000.0,120.0,-1900.0,-19.0,14.651515151515152,72,60,45.0,75.0,28,104,0,546.1515151515177,608,143,0
upstream,8.0,xauusd,H1,21516,2023-01-02 23:00:00+00:00,2026-08-21 20:00:00+00:00,140,33,107,23.57142857142857,156.99999999999994,1.121428571428571,2.4672897196261676,15699.999999999993,156.99999999999991,-2200.0,-22.0,20.735714285714284,74,66,51.99999999999993,105.0,33,107,0,510.6071428571428,618,159,0
upstream,8.0,xauusd,H4,21049,2013-01-02 03:00:00+00:00,2026-08-21 18:00:00+00:00,139,36,103,25.899280575539567,185.0,1.330935251798561,2.796116504854369,18500.0,185.0,-2400.0,-24.0,17.424460431654676,80,59,154.0,31.0,36,103,0,522.0215827338122,647,158,0
upstream,8.0,xauusd,D1,8787,1992-08-18 00:00:00+00:00,2026-08-21 00:00:00+00:00,43,17,26,39.53488372093023,110.0,2.558139534883721,5.230769230769231,11000.0,110.00000000000001,-500.0,-5.0,23.372093023255815,28,15,80.0,30.0,17,26,0,486.09302325581626,269,53,0
upstream,10.0,audusd,M1,25361,2026-08-09 21:05:00+00:00,2026-09-03 05:38:00+00:00,0,0,0,,0.0,,,0.0,0.0,0.0,0.0,,0,0,0.0,0.0,0,0,0,,0,0,0
upstream,10.0,audusd,M5,20095,2026-05-17 21:05:00+00:00,2026-08-21 20:55:00+00:00,2,0,2,0.0,-2.0,-1.0,0.0,-200.0,-2.0,-100.0,-1.0,5460.5,1,1,-1.0,-1.0,0,2,0,256.4999999999984,5,5,0
upstream,10.0,audusd,M15,22176,2025-09-30 21:00:00+00:00,2026-08-21 20:45:00+00:00,14,3,11,21.428571428571427,14.116504854368866,1.008321775312062,2.2833186231244427,1411.6504854368868,14.11650485436887,-700.0,-7.000000000000001,326.64285714285717,10,4,18.116504854368866,-4.0,2,11,1,254.85714285714238,26,16,0
upstream,10.0,audusd,H1,22655,2023-01-01 23:00:00+00:00,2026-08-21 20:00:00+00:00,70,6,64,8.571428571428571,-4.0,-0.05714285714285714,0.9375,-400.0,-4.0,-2300.0,-23.0,129.38571428571427,34,36,-1.0,-3.0,6,64,0,262.5142857142853,166,105,0
upstream,10.0,audusd,H4,21210,2013-01-01 22:00:00+00:00,2026-08-21 17:00:00+00:00,101,21,80,20.792079207920793,123.27114967462039,1.220506432421984,2.5408893709327547,12327.11496746204,123.27114967462039,-1300.0,-13.0,143.27722772277227,57,44,24.271149674620386,99.0,20,80,1,429.82673267326703,485,286,0
upstream,10.0,audusd,D1,6301,2002-05-07 00:00:00+00:00,2026-08-21 00:00:00+00:00,63,12,51,19.047619047619047,69.0,1.0952380952380953,2.3529411764705883,6900.0,69.0,-1100.0,-11.0,23.634920634920636,36,27,52.0,17.0,12,51,0,521.1349206349197,216,74,0
upstream,10.0,eurgbp,M1,24741,2026-08-09 21:05:00+00:00,2026-09-03 05:37:00+00:00,0,0,0,,0.0,,,0.0,0.0,0.0,0.0,,0,0,0.0,0.0,0,0,0,,0,0,0
upstream,10.0,eurgbp,M5,20103,2026-05-17 21:05:00+00:00,2026-08-21 20:55:00+00:00,0,0,0,,0.0,,,0.0,0.0,0.0,0.0,,0,0,0.0,0.0,0,0,0,,0,0,0
upstream,10.0,eurgbp,M15,22176,2025-09-30 21:00:00+00:00,2026-08-21 20:45:00+00:00,2,0,2,0.0,-2.0,-1.0,0.0,-200.0,-2.0,-100.0,-1.0,2494.0,2,0,-2.0,0.0,0,2,0,242.0000000000033,6,4,0
upstream,10.0,eurgbp,H1,22655,2023-01-01 23:00:00+00:00,2026-08-21 20:00:00+00:00,33,1,32,3.0303030303030303,-25.909090909090818,-0.785123966942146,0.19034090909091195,-2590.909090909082,-25.90909090909082,-3100.0,-31.0,326.030303030303,18,15,-18.0,-7.909090909090818,0,32,1,274.18181818181847,55,38,0
upstream,10.0,eurgbp,H4,21210,2013-01-01 22:00:00+00:00,2026-08-21 17:00:00+00:00,95,10,85,10.526315789473683,8.20066334991709,0.08632277210439042,1.0964783923519656,820.0663349917089,8.20066334991709,-2900.0,-28.999999999999996,143.2842105263158,45,50,-7.79933665008291,16.0,9,85,1,450.54736842105217,358,227,0
upstream,10.0,eurgbp,D1,6301,2002-05-08 00:00:00+00:00,2026-08-21 00:00:00+00:00,51,10,41,19.607843137254903,59.966507177033506,1.1758138662163433,2.497908449862556,5996.65071770335,59.9665071770335,-703.3492822966509,-7.03349282296651,47.3921568627451,21,30,34.0,25.966507177033503,10,40,1,500.71568627451006,183,77,0
upstream,10.0,eurusd,M1,25837,2026-08-09 21:05:00+00:00,2026-09-03 05:39:00+00:00,0,0,0,,0.0,,,0.0,0.0,0.0,0.0,,0,0,0.0,0.0,0,0,0,,0,0,0
upstream,10.0,eurusd,M5,20103,2026-05-17 21:05:00+00:00,2026-08-21 20:55:00+00:00,3,0,3,0.0,-3.0,-1.0,0.0,-300.0,-3.0,-200.0,-2.0,5105.666666666667,2,1,-2.0,-1.0,0,3,0,231.0000000000034,7,7,0
upstream,10.0,eurusd,M15,22176,2025-09-30 21:00:00+00:00,2026-08-21 20:45:00+00:00,15,4,11,26.666666666666668,19.289617486338795,1.285974499089253,2.753601589667163,1928.9617486338796,19.289617486338795,-600.0,-6.0,456.26666666666665,7,8,5.289617486338795,14.0,3,11,1,200.60000000000264,30,22,0
upstream,10.0,eurusd,H1,22655,2023-01-01 23:00:00+00:00,2026-08-21 20:00:00+00:00,52,6,46,11.538461538461538,14.0,0.2692307692307692,1.3043478260869565,1400.0,14.000000000000002,-2800.0,-28.000000000000004,288.11538461538464,23,29,10.0,4.0,6,46,0,373.19230769230785,189,110,0
upstream,10.0,eurusd,H4,21210,2013-01-01 22:00:00+00:00,2026-08-21 17:00:00+00:00,114,18,96,15.789473684210526,78.26546391752576,0.6865391571712787,1.8152652491408936,7826.546391752577,78.26546391752576,-1500.0,-15.0,101.09649122807018,58,56,46.265463917525764,32.0,17,96,1,493.09649122807025,493,264,0
upstream,10.0,eurusd,D1,6307,2002-05-07 00:00:00+00:00,2026-08-21 00:00:00+00:00,49,9,40,18.367346938775512,50.0,1.0204081632653061,2.25,5000.0,50.0,-1600.0,-16.0,16.510204081632654,26,23,7.0,43.0,9,40,0,577.377551020406,228,51,0
upstream,10.0,gbpusd,M1,26114,2026-08-09 21:07:00+00:00,2026-09-03 05:38:00+00:00,0,0,0,,0.0,,,0.0,0.0,0.0,0.0,,0,0,0.0,0.0,0,0,0,,1,0,0
upstream,10.0,gbpusd,M5,20086,2026-05-17 21:05:00+00:00,2026-08-21 20:55:00+00:00,4,1,3,25.0,5.336814621409925,1.3342036553524812,2.7789382071366417,533.6814621409925,5.336814621409925,-200.0,-2.0,3418.5,3,1,6.336814621409925,-1.0,0,3,1,317.2500000000022,8,6,0
upstream,10.0,gbpusd,M15,22174,2025-09-30 21:00:00+00:00,2026-08-21 20:45:00+00:00,37,3,34,8.108108108108109,-13.272357723577258,-0.35871237090749347,0.6096365375418454,-1327.2357723577259,-13.272357723577258,-1800.0,-18.0,277.3243243243243,21,16,2.727642276422742,-16.0,2,34,1,282.97297297297126,82,60,0
upstream,10.0,gbpusd,H1,22655,2023-01-01 23:00:00+00:00,2026-08-21 20:00:00+00:00,93,5,88,5.376344086021505,-38.0,-0.40860215053763443,0.5681818181818182,-3800.0,-38.0,-4300.0,-43.0,95.61290322580645,49,44,-5.0,-33.0,5,88,0,337.4516129032263,248,153,0
upstream,10.0,gbpusd,H4,21210,2013-01-01 22:00:00+00:00,2026-08-21 17:00:00+00:00,174,18,156,10.344827586206897,15.085106382978765,0.08669601369528025,1.0966993998908896,1508.510638297876,15.085106382978761,-4300.0,-43.0,43.4367816091954,91,83,10.085106382978763,5.0,17,156,1,527.727011494254,547,246,0
upstream,10.0,gbpusd,D1,6311,2002-05-07 00:00:00+00:00,2026-08-21 00:00:00+00:00,40,8,32,20.0,43.988888888889065,1.0997222222222267,2.3746527777777833,4398.888888888906,43.98888888888906,-800.0,-8.0,11.65,25,15,25.98888888888906,18.0,7,32,1,542.0124999999974,216,45,0
upstream,10.0,us100,M1,26000,2026-08-09 22:00:00+00:00,2026-09-03 05:36:00+00:00,47,5,42,10.638297872340425,3.1692307692307695,0.06743044189852701,1.0754578754578754,316.9230769230769,3.1692307692307695,-2100.0,-21.0,322.97872340425533,21,26,12.0,-8.830769230769231,4,42,1,316.7446808510632,163,104,0
upstream,10.0,us100,M5,21307,2026-05-10 22:00:00+00:00,2026-08-21 20:55:00+00:00,152,20,132,13.157894736842104,68.37827715355812,0.44985708653656653,1.5195060182682192,6837.827715355812,68.37827715355812,-2000.0,-20.0,48.39473684210526,79,73,9.378277153558123,59.0,20,131,1,423.2565789473689,404,213,0
upstream,10.0,us100,M15,21857,2025-09-30 21:00:00+00:00,2026-08-21 20:45:00+00:00,150,32,118,21.333333333333336,197.02250351617448,1.3134833567744966,2.669682233187919,19702.250351617447,197.02250351617448,-2000.0,-20.0,36.68666666666667,86,64,101.0,96.02250351617448,31,118,1,401.346666666666,466,202,0
upstream,10.0,us100,H1,21841,2023-01-02 23:00:00+00:00,2026-08-21 20:00:00+00:00,130,21,109,16.153846153846153,101.0,0.7769230769230769,1.926605504587156,10100.0,101.0,-2600.0,-26.0,23.692307692307693,88,42,99.0,2.0,21,109,0,499.0384615384604,543,157,0
upstream,10.0,us100,H4,14187,2017-04-30 22:00:00+00:00,2026-08-21 17:00:00+00:00,73,16,57,21.91780821917808,103.00000000000001,1.4109589041095891,2.8070175438596494,10300.000000000002,103.00000000000003,-1400.0,-14.000000000000002,36.50684931506849,56,17,54.000000000000014,49.0,16,57,0,596.5753424657529,440,101,0
upstream,10.0,us100,D1,2897,2015-04-20 00:00:00+00:00,2026-08-21 00:00:00+00:00,17,6,11,35.294117647058826,49.0,2.8823529411764706,5.454545454545454,4900.0,49.0,-400.0,-4.0,12.705882352941176,13,4,31.0,18.0,6,11,0,533.6470588235271,95,19,0
upstream,10.0,us30,M1,25717,2026-08-09 22:00:00+00:00,2026-09-03 05:37:00+00:00,42,3,39,7.142857142857142,-9.0,-0.21428571428571427,0.7692307692307693,-900.0,-9.0,-2600.0,-26.0,303.1666666666667,22,20,-22.0,13.0,3,39,0,229.64285714285887,133,82,0
upstream,10.0,us30,M5,21299,2026-05-10 22:00:00+00:00,2026-08-21 20:55:00+00:00,100,18,82,18.0,92.02727272727273,0.9202727272727274,2.122283813747228,9202.727272727272,92.02727272727273,-2700.0,-27.0,89.72,54,46,28.027272727272727,64.0,17,82,1,417.62000000000046,323,167,0
upstream,10.0,us30,M15,21855,2025-09-30 21:00:00+00:00,2026-08-21 20:45:00+00:00,147,31,116,21.08843537414966,188.25770308123242,1.280664646811105,2.6229112334589,18825.77030812324,188.2577030812324,-1400.0,-14.000000000000002,20.312925170068027,78,69,81.2577030812324,107.0,30,116,1,396.13605442177146,454,169,0
upstream,10.0,us30,H1,21841,2023-01-02 23:00:00+00:00,2026-08-21 20:00:00+00:00,141,33,108,23.404255319148938,222.0,1.574468085106383,3.0555555555555554,22200.0,222.00000000000003,-1000.0,-10.0,17.52482269503546,83,58,148.0,74.0,33,108,0,511.89361702127434,601,155,0
upstream,10.0,us30,H4,14102,2017-04-30 22:00:00+00:00,2026-08-21 17:00:00+00:00,36,5,31,13.88888888888889,19.0,0.5277777777777778,1.6129032258064515,1900.0,19.0,-1200.0,-12.0,11.527777777777779,28,8,27.0,-8.0,5,31,0,553.8333333333362,423,38,0
upstream,10.0,us30,D1,2403,2017-05-01 00:00:00+00:00,2026-08-21 00:00:00+00:00,5,1,4,20.0,6.0,1.2,2.5,600.0,6.0,-200.0,-2.0,1.6,4,1,-4.0,10.0,1,4,0,400.99999999998545,92,5,0
upstream,10.0,us500,M1,25481,2026-08-09 22:00:00+00:00,2026-09-03 05:36:00+00:00,0,0,0,,0.0,,,0.0,0.0,0.0,0.0,,0,0,0.0,0.0,0,0,0,,0,0,0
upstream,10.0,us500,M5,21257,2026-05-10 22:00:00+00:00,2026-08-21 20:55:00+00:00,12,2,10,16.666666666666664,10.0,0.8333333333333334,2.0,1000.0,10.0,-800.0,-8.0,72.0,6,6,-6.0,16.0,2,10,0,257.0833333333333,16,12,0
upstream,10.0,us500,M15,21838,2025-09-30 21:00:00+00:00,2026-08-21 20:45:00+00:00,29,3,26,10.344827586206897,4.0,0.13793103448275862,1.1538461538461537,400.0,4.0,-900.0,-9.0,352.37931034482756,15,14,7.0,-3.0,3,26,0,281.37931034482756,84,55,0
upstream,10.0,us500,H1,21826,2023-01-02 23:00:00+00:00,2026-08-21 20:00:00+00:00,59,10,49,16.94915254237288,46.00000000000004,0.7796610169491532,1.9387755102040825,4600.000000000004,46.000000000000036,-1300.0,-13.0,200.96610169491527,26,33,46.00000000000004,0.0,9,49,1,379.1864406779649,169,117,0
upstream,10.0,us500,H4,14186,2017-04-30 22:00:00+00:00,2026-08-21 17:00:00+00:00,69,15,54,21.73913043478261,96.0,1.391304347826087,2.7777777777777777,9600.0,96.0,-1100.0,-11.0,102.27536231884058,40,29,103.0,-7.0,15,54,0,423.5362318840583,243,151,0
upstream,10.0,us500,D1,6991,1999-02-18 00:00:00+00:00,2026-08-21 00:00:00+00:00,39,6,33,15.384615384615385,27.0,0.6923076923076923,1.8181818181818181,2700.0,27.0,-1600.0,-16.0,79.05128205128206,28,11,27.0,0.0,6,33,0,434.9487179487178,151,65,0
upstream,10.0,xauusd,M1,25229,2026-08-09 22:01:00+00:00,2026-09-03 05:37:00+00:00,160,24,136,15.0,96.82589285714252,0.6051618303571408,1.7119550945378128,9682.589285714253,96.82589285714253,-3500.0,-35.0,86.43125,85,75,39.82589285714253,57.0,23,136,1,350.3500000000031,509,303,0
upstream,10.0,xauusd,M5,20564,2026-05-10 22:00:00+00:00,2026-08-21 20:40:00+00:00,168,27,141,16.071428571428573,129.0,0.7678571428571429,1.9148936170212767,12900.0,129.0,-3000.0,-30.0,36.17261904761905,79,89,53.0,76.0,27,141,0,465.4940476190492,536,244,0
upstream,10.0,xauusd,M15,21007,2025-09-30 22:00:00+00:00,2026-08-21 20:30:00+00:00,132,22,110,16.666666666666664,110.0,0.8333333333333334,2.0,11000.0,110.00000000000001,-2400.0,-24.0,16.651515151515152,72,60,38.0,72.0,22,110,0,546.1515151515177,608,143,0
upstream,10.0,xauusd,H1,21516,2023-01-02 23:00:00+00:00,2026-08-21 20:00:00+00:00,132,25,107,18.939393939393938,143.00000000000006,1.0833333333333337,2.3364485981308416,14300.000000000007,143.00000000000009,-2200.0,-22.0,27.318181818181817,69,63,52.00000000000007,91.0,25,107,0,504.78787878787824,618,159,0
upstream,10.0,xauusd,H4,21049,2013-01-02 03:00:00+00:00,2026-08-21 18:00:00+00:00,136,30,106,22.058823529411764,194.0,1.4264705882352942,2.830188679245283,19400.0,194.0,-2400.0,-24.0,19.044117647058822,77,59,154.0,40.0,30,106,0,523.6397058823521,647,158,0
upstream,10.0,xauusd,D1,8787,1992-08-18 00:00:00+00:00,2026-08-21 00:00:00+00:00,41,14,27,34.146341463414636,113.0,2.7560975609756095,5.185185185185185,11300.0,112.99999999999999,-700.0,-7.000000000000001,27.75609756097561,27,14,94.0,19.0,14,27,0,495.8536585365876,269,53,0
